"gene_id","PN","PS","DN","DS","length","pathway_name","source"
"TuG1812G0100000453.01",0,4,0,0,1029,"Nucleocytoplasmic transport","KEGG"
"TuG1812G0100000499.01",2,2,0,1,617,"Metabolism and regulation","Reactome"
"TuG1812G0100000499.01",2,2,0,1,617,"Pinobanksin biosynthesis","Reactome"
"TuG1812G0100000499.01",2,2,0,1,617,"Secondary metabolism","Reactome"
"TuG1812G0100000577.01",0,2,0,3,1701,"Amino sugar and nucleotide sugar metabolism","KEGG"
"TuG1812G0100000577.01",0,2,0,3,1701,"Ascorbate biosynthesis","Reactome"
"TuG1812G0100000577.01",0,2,0,3,1701,"Biosynthesis of nucleotide sugars","KEGG"
"TuG1812G0100000577.01",0,2,0,3,1701,"Biosynthesis of secondary metabolites","KEGG"
"TuG1812G0100000577.01",0,2,0,3,1701,"Carbohydrate metabolism","Reactome"
"TuG1812G0100000577.01",0,2,0,3,1701,"Carbon metabolism","KEGG"
"TuG1812G0100000577.01",0,2,0,3,1701,"Cofactor biosyntheses","Reactome"
"TuG1812G0100000577.01",0,2,0,3,1701,"Cytosolic glycolysis","Reactome"
"TuG1812G0100000577.01",0,2,0,3,1701,"Glycolysis / Gluconeogenesis","KEGG"
"TuG1812G0100000577.01",0,2,0,3,1701,"Metabolic pathways","KEGG"
"TuG1812G0100000577.01",0,2,0,3,1701,"Metabolism and regulation","Reactome"
"TuG1812G0100000577.01",0,2,0,3,1701,"Pentose phosphate pathway","KEGG"
"TuG1812G0100000577.01",0,2,0,3,1701,"Starch and sucrose metabolism","KEGG"
"TuG1812G0100000597.01",0,6,0,1,912,"Nucleocytoplasmic transport","KEGG"
"TuG1812G0100000597.01",0,6,0,1,912,"Protein processing in endoplasmic reticulum","KEGG"
"TuG1812G0100000650.01",1,4,1,2,999,"Spliceosome","KEGG"
"TuG1812G0100000821.01",0,2,0,4,1326,"2-Oxocarboxylic acid metabolism","KEGG"
"TuG1812G0100000821.01",0,2,0,4,1326,"Biosynthesis of cofactors","KEGG"
"TuG1812G0100000821.01",0,2,0,4,1326,"Biosynthesis of secondary metabolites","KEGG"
"TuG1812G0100000821.01",0,2,0,4,1326,"Carbon metabolism","KEGG"
"TuG1812G0100000821.01",0,2,0,4,1326,"Citrate cycle","KEGG"
"TuG1812G0100000821.01",0,2,0,4,1326,"Generation of precursor metabolites and energy","Reactome"
"TuG1812G0100000821.01",0,2,0,4,1326,"Glycine, serine and threonine metabolism","KEGG"
"TuG1812G0100000821.01",0,2,0,4,1326,"Glycolysis / Gluconeogenesis","KEGG"
"TuG1812G0100000821.01",0,2,0,4,1326,"Glyoxylate and dicarboxylate metabolism","KEGG"
"TuG1812G0100000821.01",0,2,0,4,1326,"Lipoic acid metabolism","KEGG"
"TuG1812G0100000821.01",0,2,0,4,1326,"Lysine degradation","KEGG"
"TuG1812G0100000821.01",0,2,0,4,1326,"Metabolic pathways","KEGG"
"TuG1812G0100000821.01",0,2,0,4,1326,"Metabolism and regulation","Reactome"
"TuG1812G0100000821.01",0,2,0,4,1326,"Mitochondrial pyruvate metabolism","Reactome"
"TuG1812G0100000821.01",0,2,0,4,1326,"One carbon pool by folate","KEGG"
"TuG1812G0100000821.01",0,2,0,4,1326,"Photorespiration","Reactome"
"TuG1812G0100000821.01",0,2,0,4,1326,"Propanoate metabolism","KEGG"
"TuG1812G0100000821.01",0,2,0,4,1326,"Pyruvate metabolism","KEGG"
"TuG1812G0100000821.01",0,2,0,4,1326,"TCA cycle (plant)","Reactome"
"TuG1812G0100000821.01",0,2,0,4,1326,"Tryptophan metabolism","KEGG"
"TuG1812G0100000821.01",0,2,0,4,1326,"Valine, leucine and isoleucine degradation","KEGG"
"TuG1812G0100000823.01",0,1,0,7,1084,"Amino acid catabolism","Reactome"
"TuG1812G0100000823.01",0,1,0,7,1084,"Amino acid metabolism","Reactome"
"TuG1812G0100000823.01",0,1,0,7,1084,"Metabolic pathways","KEGG"
"TuG1812G0100000823.01",0,1,0,7,1084,"Metabolism and regulation","Reactome"
"TuG1812G0100000823.01",0,1,0,7,1084,"Valine degradation","Reactome"
"TuG1812G0100000823.01",0,1,0,7,1084,"Valine, leucine and isoleucine degradation","KEGG"
"TuG1812G0100000872.01",6,4,1,0,1442,"Inositol phosphate metabolism","KEGG"
"TuG1812G0100000872.01",6,4,1,0,1442,"Metabolic pathways","KEGG"
"TuG1812G0100000872.01",6,4,1,0,1442,"Phosphatidylinositol signaling system","KEGG"
"TuG1812G0100000889.01",0,2,0,1,1378,"Biosynthesis of secondary metabolites","KEGG"
"TuG1812G0100000889.01",0,2,0,1,1378,"Carotenoid biosynthesis","KEGG"
"TuG1812G0100000889.01",0,2,0,1,1378,"Metabolic pathways","KEGG"
"TuG1812G0100000961.01",0,2,0,3,1086,"Plant-pathogen interaction","KEGG"
"TuG1812G0100000966.01",2,5,10,18,1029,"Biosynthesis of secondary metabolites","KEGG"
"TuG1812G0100000966.01",2,5,10,18,1029,"Metabolic pathways","KEGG"
"TuG1812G0100000966.01",2,5,10,18,1029,"Phenylpropanoid biosynthesis","KEGG"
"TuG1812G0100001187.01",0,1,0,0,869,"Cadherin signaling","KEGG"
"TuG1812G0100001187.01",0,1,0,0,869,"mRNA surveillance pathway","KEGG"
"TuG1812G0100001236.01",0,1,1,8,1311,"Biosynthesis of secondary metabolites","KEGG"
"TuG1812G0100001236.01",0,1,1,8,1311,"Biosynthesis of unsaturated fatty acids","KEGG"
"TuG1812G0100001236.01",0,1,1,8,1311,"Carbon metabolism","KEGG"
"TuG1812G0100001236.01",0,1,1,8,1311,"Fatty acid degradation","KEGG"
"TuG1812G0100001236.01",0,1,1,8,1311,"Fatty acid metabolism","KEGG"
"TuG1812G0100001236.01",0,1,1,8,1311,"Metabolic pathways","KEGG"
"TuG1812G0100001236.01",0,1,1,8,1311,"Peroxisome","KEGG"
"TuG1812G0100001236.01",0,1,1,8,1311,"Propanoate metabolism","KEGG"
"TuG1812G0100001236.01",0,1,1,8,1311,"alpha-Linolenic acid metabolism","KEGG"
"TuG1812G0100001236.01",0,1,1,8,1311,"beta-Alanine metabolism","KEGG"
"TuG1812G0100001269.01",0,1,2,0,909,"RNA polymerase","KEGG"
"TuG1812G0100001291.01",0,2,0,0,1023,"Protein processing in endoplasmic reticulum","KEGG"
"TuG1812G0100001294.01",2,3,1,9,1453,"2-Oxocarboxylic acid metabolism","KEGG"
"TuG1812G0100001294.01",2,3,1,9,1453,"Biosynthesis of cofactors","KEGG"
"TuG1812G0100001294.01",2,3,1,9,1453,"Biosynthesis of secondary metabolites","KEGG"
"TuG1812G0100001294.01",2,3,1,9,1453,"Carbon metabolism","KEGG"
"TuG1812G0100001294.01",2,3,1,9,1453,"Citrate cycle","KEGG"
"TuG1812G0100001294.01",2,3,1,9,1453,"Glycine, serine and threonine metabolism","KEGG"
"TuG1812G0100001294.01",2,3,1,9,1453,"Glycolysis / Gluconeogenesis","KEGG"
"TuG1812G0100001294.01",2,3,1,9,1453,"Glyoxylate and dicarboxylate metabolism","KEGG"
"TuG1812G0100001294.01",2,3,1,9,1453,"Lipoic acid metabolism","KEGG"
"TuG1812G0100001294.01",2,3,1,9,1453,"Lysine degradation","KEGG"
"TuG1812G0100001294.01",2,3,1,9,1453,"Metabolic pathways","KEGG"
"TuG1812G0100001294.01",2,3,1,9,1453,"One carbon pool by folate","KEGG"
"TuG1812G0100001294.01",2,3,1,9,1453,"Propanoate metabolism","KEGG"
"TuG1812G0100001294.01",2,3,1,9,1453,"Pyruvate metabolism","KEGG"
"TuG1812G0100001294.01",2,3,1,9,1453,"Tryptophan metabolism","KEGG"
"TuG1812G0100001294.01",2,3,1,9,1453,"Valine, leucine and isoleucine degradation","KEGG"
"TuG1812G0100001317.01",0,1,0,1,1311,"Metabolic pathways","KEGG"
"TuG1812G0100001317.01",0,1,0,1,1311,"Purine metabolism","KEGG"
"TuG1812G0100001696.01",0,1,0,2,582,"Ribosome","KEGG"
"TuG1812G0100001725.01",1,1,5,3,4677,"Protein processing in endoplasmic reticulum","KEGG"
"TuG1812G0100001777.01",3,6,1,1,3588,"Response to cold temperature","Reactome"
"TuG1812G0100001777.01",3,6,1,1,3588,"Responses to stimuli: abiotic stimuli and stresses","Reactome"
"TuG1812G0100002056.01",0,2,1,3,1087,"Galactose metabolism","KEGG"
"TuG1812G0100002056.01",0,2,1,3,1087,"Glycerolipid metabolism","KEGG"
"TuG1812G0100002056.01",0,2,1,3,1087,"Glycosphingolipid biosynthesis - globo and isoglobo series","KEGG"
"TuG1812G0100002056.01",0,2,1,3,1087,"Metabolic pathways","KEGG"
"TuG1812G0100002056.01",0,2,1,3,1087,"Sphingolipid metabolism","KEGG"
"TuG1812G0100002324.01",4,2,1,2,1199,"Endocytosis","KEGG"
"TuG1812G0100002350.01",1,1,2,3,1126,"Amino acid biosynthesis","Reactome"
"TuG1812G0100002350.01",1,1,2,3,1126,"Amino acid metabolism","Reactome"
"TuG1812G0100002350.01",1,1,2,3,1126,"Chorismate biosynthesis","Reactome"
"TuG1812G0100002350.01",1,1,2,3,1126,"Metabolism and regulation","Reactome"
"TuG1812G0100002367.01",4,3,5,5,1155,"Proteasome","KEGG"
"TuG1812G0100002429.01",0,3,0,5,1571,"Alanine, aspartate and glutamate metabolism","KEGG"
"TuG1812G0100002429.01",0,3,0,5,1571,"Amino acid biosynthesis","Reactome"
"TuG1812G0100002429.01",0,3,0,5,1571,"Amino acid metabolism","Reactome"
"TuG1812G0100002429.01",0,3,0,5,1571,"Asparagine biosynthesis","Reactome"
"TuG1812G0100002429.01",0,3,0,5,1571,"Asparagine biosynthesis III","Reactome"
"TuG1812G0100002429.01",0,3,0,5,1571,"Biosynthesis of amino acids","KEGG"
"TuG1812G0100002429.01",0,3,0,5,1571,"Biosynthesis of secondary metabolites","KEGG"
"TuG1812G0100002429.01",0,3,0,5,1571,"Metabolic pathways","KEGG"
"TuG1812G0100002429.01",0,3,0,5,1571,"Metabolism and regulation","Reactome"
"TuG1812G0100002492.01",0,4,0,1,1103,"Amino acid catabolism","Reactome"
"TuG1812G0100002492.01",0,4,0,1,1103,"Amino acid metabolism","Reactome"
"TuG1812G0100002492.01",0,4,0,1,1103,"Carbon metabolism","KEGG"
"TuG1812G0100002492.01",0,4,0,1,1103,"Metabolic pathways","KEGG"
"TuG1812G0100002492.01",0,4,0,1,1103,"Metabolism and regulation","Reactome"
"TuG1812G0100002492.01",0,4,0,1,1103,"Propanoate metabolism","KEGG"
"TuG1812G0100002492.01",0,4,0,1,1103,"Valine degradation","Reactome"
"TuG1812G0100002492.01",0,4,0,1,1103,"Valine, leucine and isoleucine degradation","KEGG"
"TuG1812G0100002492.01",0,4,0,1,1103,"beta-Alanine metabolism","KEGG"
"TuG1812G0100002559.01",0,1,0,2,1117,"Amino acid biosynthesis","Reactome"
"TuG1812G0100002559.01",0,1,0,2,1117,"Amino acid metabolism","Reactome"
"TuG1812G0100002559.01",0,1,0,2,1117,"Biosynthesis of amino acids","KEGG"
"TuG1812G0100002559.01",0,1,0,2,1117,"Biosynthesis of secondary metabolites","KEGG"
"TuG1812G0100002559.01",0,1,0,2,1117,"Chorismate biosynthesis","Reactome"
"TuG1812G0100002559.01",0,1,0,2,1117,"Metabolic pathways","KEGG"
"TuG1812G0100002559.01",0,1,0,2,1117,"Metabolism and regulation","Reactome"
"TuG1812G0100002559.01",0,1,0,2,1117,"Phenylalanine, tyrosine and tryptophan biosynthesis","KEGG"
"TuG1812G0100002585.01",2,2,1,7,1310,"Biosynthesis of amino acids","KEGG"
"TuG1812G0100002585.01",2,2,1,7,1310,"Biosynthesis of cofactors","KEGG"
"TuG1812G0100002585.01",2,2,1,7,1310,"Biosynthesis of secondary metabolites","KEGG"
"TuG1812G0100002585.01",2,2,1,7,1310,"Carbon metabolism","KEGG"
"TuG1812G0100002585.01",2,2,1,7,1310,"Cyanoamino acid metabolism","KEGG"
"TuG1812G0100002585.01",2,2,1,7,1310,"Folate transport and metabolism","KEGG"
"TuG1812G0100002585.01",2,2,1,7,1310,"Glycine, serine and threonine metabolism","KEGG"
"TuG1812G0100002585.01",2,2,1,7,1310,"Glyoxylate and dicarboxylate metabolism","KEGG"
"TuG1812G0100002585.01",2,2,1,7,1310,"Metabolic pathways","KEGG"
"TuG1812G0100002585.01",2,2,1,7,1310,"One carbon pool by folate","KEGG"
"TuG1812G0100002597.01",0,2,0,4,948,"Autophagy - other","KEGG"
"TuG1812G0100002611.01",6,2,8,9,1678,"Other glycan degradation","KEGG"
"TuG1812G0100002623.01",0,4,0,2,1074,"Biosynthesis of cofactors","KEGG"
"TuG1812G0100002623.01",0,4,0,2,1074,"Biosynthesis of secondary metabolites","KEGG"
"TuG1812G0100002623.01",0,4,0,2,1074,"Metabolic pathways","KEGG"
"TuG1812G0100002623.01",0,4,0,2,1074,"Ubiquinone and other terpenoid-quinone biosynthesis","KEGG"
"TuG1812G0100002637.01",0,3,1,1,1131,"Biosynthesis of secondary metabolites","KEGG"
"TuG1812G0100002637.01",0,3,1,1,1131,"Chlorophyll a biosynthesis I","Reactome"
"TuG1812G0100002637.01",0,3,1,1,1131,"Cofactor biosyntheses","Reactome"
"TuG1812G0100002637.01",0,3,1,1,1131,"Metabolic pathways","KEGG"
"TuG1812G0100002637.01",0,3,1,1,1131,"Metabolism and regulation","Reactome"
"TuG1812G0100002637.01",0,3,1,1,1131,"Porphyrin metabolism","KEGG"
"TuG1812G0100002677.01",4,10,3,4,7425,"Autophagy - other","KEGG"
"TuG1812G0100002677.01",4,10,3,4,7425,"Integrin signaling","KEGG"
"TuG1812G0100002677.01",4,10,3,4,7425,"Lysosome biogenesis","KEGG"
"TuG1812G0100002696.01",1,1,6,6,2157,"Biosynthesis of secondary metabolites","KEGG"
"TuG1812G0100002696.01",1,1,6,6,2157,"Fatty acid degradation","KEGG"
"TuG1812G0100002696.01",1,1,6,6,2157,"Fatty acid metabolism","KEGG"
"TuG1812G0100002696.01",1,1,6,6,2157,"Metabolic pathways","KEGG"
"TuG1812G0100002696.01",1,1,6,6,2157,"alpha-Linolenic acid metabolism","KEGG"
"TuG1812G0100002715.01",1,1,2,1,1053,"RNA polymerase","KEGG"
"TuG1812G0100002997.01",0,2,1,7,664,"Biosynthesis of secondary metabolites","KEGG"
"TuG1812G0100002997.01",0,2,1,7,664,"Metabolic pathways","KEGG"
"TuG1812G0100002997.01",0,2,1,7,664,"Metabolism and regulation","Reactome"
"TuG1812G0100002997.01",0,2,1,7,664,"Mevalonate pathway","Reactome"
"TuG1812G0100002997.01",0,2,1,7,664,"Polyisoprenoid biosynthesis","Reactome"
"TuG1812G0100002997.01",0,2,1,7,664,"Secondary metabolism","Reactome"
"TuG1812G0100002997.01",0,2,1,7,664,"Terpenoid backbone biosynthesis","KEGG"
"TuG1812G0100003090.01",2,3,2,4,819,"MAPK signaling pathway - plant","KEGG"
"TuG1812G0100003090.01",2,3,2,4,819,"Plant hormone signal transduction","KEGG"
"TuG1812G0100003111.01",1,1,2,0,924,"Maackiain biosynthesis","Reactome"
"TuG1812G0100003111.01",1,1,2,0,924,"Medicarpin biosynthesis","Reactome"
"TuG1812G0100003111.01",1,1,2,0,924,"Metabolism and regulation","Reactome"
"TuG1812G0100003111.01",1,1,2,0,924,"Secondary metabolism","Reactome"
"TuG1812G0100003144.01",0,3,0,0,1061,"Motor proteins","KEGG"
"TuG1812G0100003177.01",3,3,1,7,1392,"Hormone signaling, transport, and metabolism","Reactome"
"TuG1812G0100003177.01",3,3,1,7,1392,"Jasmonic acid signaling","Reactome"
"TuG1812G0100003177.01",3,3,1,7,1392,"Metabolism and regulation","Reactome"
"TuG1812G0100003177.01",3,3,1,7,1392,"Plant hormone signal transduction","KEGG"
"TuG1812G0100003220.01",0,1,1,2,2142,"Amino acid biosynthesis","Reactome"
"TuG1812G0100003220.01",0,1,1,2,2142,"Amino acid metabolism","Reactome"
"TuG1812G0100003220.01",0,1,1,2,2142,"Arginine and proline metabolism","KEGG"
"TuG1812G0100003220.01",0,1,1,2,2142,"Biosynthesis of amino acids","KEGG"
"TuG1812G0100003220.01",0,1,1,2,2142,"Biosynthesis of secondary metabolites","KEGG"
"TuG1812G0100003220.01",0,1,1,2,2142,"Citrulline biosynthesis","Reactome"
"TuG1812G0100003220.01",0,1,1,2,2142,"Metabolic pathways","KEGG"
"TuG1812G0100003220.01",0,1,1,2,2142,"Metabolism and regulation","Reactome"
"TuG1812G0100003220.01",0,1,1,2,2142,"Proline biosynthesis I","Reactome"
"TuG1812G0100003259.01",0,3,2,31,1569,"Biosynthesis of cofactors","KEGG"
"TuG1812G0100003259.01",0,3,2,31,1569,"Biosynthesis of secondary metabolites","KEGG"
"TuG1812G0100003259.01",0,3,2,31,1569,"Cofactor biosyntheses","Reactome"
"TuG1812G0100003259.01",0,3,2,31,1569,"Flavin biosynthesis","Reactome"
"TuG1812G0100003259.01",0,3,2,31,1569,"Folate biosynthesis","KEGG"
"TuG1812G0100003259.01",0,3,2,31,1569,"Metabolic pathways","KEGG"
"TuG1812G0100003259.01",0,3,2,31,1569,"Metabolism and regulation","Reactome"
"TuG1812G0100003259.01",0,3,2,31,1569,"Riboflavin metabolism","KEGG"
"TuG1812G0100003426.01",0,1,2,6,1836,"RNA degradation","KEGG"
"TuG1812G0100003497.01",0,1,0,7,1245,"IgSF CAM signaling","KEGG"
"TuG1812G0100003497.01",0,1,0,7,1245,"Motor proteins","KEGG"
"TuG1812G0100003497.01",0,1,0,7,1245,"Phagosome","KEGG"
"TuG1812G0100003600.01",0,2,2,6,1200,"Biosynthesis of secondary metabolites","KEGG"
"TuG1812G0100003600.01",0,2,2,6,1200,"Fatty acid and lipid metabolism","Reactome"
"TuG1812G0100003600.01",0,2,2,6,1200,"Glycerolipid metabolism","KEGG"
"TuG1812G0100003600.01",0,2,2,6,1200,"Glycerophospholipid metabolism","KEGG"
"TuG1812G0100003600.01",0,2,2,6,1200,"Metabolic pathways","KEGG"
"TuG1812G0100003600.01",0,2,2,6,1200,"Metabolism and regulation","Reactome"
"TuG1812G0100003600.01",0,2,2,6,1200,"Phospholipid biosynthesis I","Reactome"
"TuG1812G0100003759.01",4,2,2,6,870,"Arginine and proline metabolism","KEGG"
"TuG1812G0100003759.01",4,2,2,6,870,"Metabolic pathways","KEGG"
"TuG1812G0100003774.01",2,2,2,8,2248,"Biosynthesis of secondary metabolites","KEGG"
"TuG1812G0100003774.01",2,2,2,8,2248,"Metabolic pathways","KEGG"
"TuG1812G0100003774.01",2,2,2,8,2248,"Starch and sucrose metabolism","KEGG"
"TuG1812G0100003827.01",1,2,0,2,1992,"Ribosome biogenesis in eukaryotes","KEGG"
"TuG1812G0100004020.01",0,2,0,5,1505,"RNA degradation","KEGG"
"TuG1812G0100004292.01",2,2,0,0,1416,"Hormone signaling, transport, and metabolism","Reactome"
"TuG1812G0100004292.01",2,2,0,0,1416,"Jasmonic acid signaling","Reactome"
"TuG1812G0100004292.01",2,2,0,0,1416,"Metabolism and regulation","Reactome"
"TuG1812G0100004489.01",2,17,3,26,1683,"2-Oxocarboxylic acid metabolism","KEGG"
"TuG1812G0100004489.01",2,17,3,26,1683,"Amino acid biosynthesis","Reactome"
"TuG1812G0100004489.01",2,17,3,26,1683,"Amino acid metabolism","Reactome"
"TuG1812G0100004489.01",2,17,3,26,1683,"Biosynthesis of amino acids","KEGG"
"TuG1812G0100004489.01",2,17,3,26,1683,"Biosynthesis of secondary metabolites","KEGG"
"TuG1812G0100004489.01",2,17,3,26,1683,"Isoleucine biosynthesis from threonine","Reactome"
"TuG1812G0100004489.01",2,17,3,26,1683,"Metabolic pathways","KEGG"
"TuG1812G0100004489.01",2,17,3,26,1683,"Metabolism and regulation","Reactome"
"TuG1812G0100004489.01",2,17,3,26,1683,"Pantothenate and CoA biosynthesis","KEGG"
"TuG1812G0100004489.01",2,17,3,26,1683,"Valine biosynthesis","Reactome"
"TuG1812G0100004489.01",2,17,3,26,1683,"Valine, leucine and isoleucine biosynthesis","KEGG"
"TuG1812G0100004628.01",0,2,0,21,1053,"Biosynthesis of secondary metabolites","KEGG"
"TuG1812G0100004628.01",0,2,0,21,1053,"Metabolism and regulation","Reactome"
"TuG1812G0100004628.01",0,2,0,21,1053,"Polyisoprenoid biosynthesis","Reactome"
"TuG1812G0100004628.01",0,2,0,21,1053,"Secondary metabolism","Reactome"
"TuG1812G0100004628.01",0,2,0,21,1053,"Terpenoid backbone biosynthesis","KEGG"
"TuG1812G0100004811.01",0,6,0,28,3240,"Nucleotide excision repair","KEGG"
"TuG1812G0100004811.01",0,6,0,28,3240,"Ubiquitin mediated proteolysis","KEGG"
"TuG1812G0200000032.01",0,14,0,12,2112,"Ethylene biosynthesis and signaling","Reactome"
"TuG1812G0200000032.01",0,14,0,12,2112,"Ethylene mediated signaling","Reactome"
"TuG1812G0200000032.01",0,14,0,12,2112,"Hormone signaling, transport, and metabolism","Reactome"
"TuG1812G0200000032.01",0,14,0,12,2112,"MAPK signaling pathway - plant","KEGG"
"TuG1812G0200000032.01",0,14,0,12,2112,"Metabolism and regulation","Reactome"
"TuG1812G0200000032.01",0,14,0,12,2112,"Plant hormone signal transduction","KEGG"
"TuG1812G0200000083.01",6,3,5,7,1149,"Amino sugar and nucleotide sugar metabolism","KEGG"
"TuG1812G0200000083.01",6,3,5,7,1149,"Biosynthesis of nucleotide sugars","KEGG"
"TuG1812G0200000083.01",6,3,5,7,1149,"Biosynthesis of secondary metabolites","KEGG"
"TuG1812G0200000083.01",6,3,5,7,1149,"Carbohydrate metabolism","Reactome"
"TuG1812G0200000083.01",6,3,5,7,1149,"Carbon metabolism","KEGG"
"TuG1812G0200000083.01",6,3,5,7,1149,"Fructose and mannose metabolism","KEGG"
"TuG1812G0200000083.01",6,3,5,7,1149,"Galactose metabolism","KEGG"
"TuG1812G0200000083.01",6,3,5,7,1149,"Glycolysis / Gluconeogenesis","KEGG"
"TuG1812G0200000083.01",6,3,5,7,1149,"Metabolic pathways","KEGG"
"TuG1812G0200000083.01",6,3,5,7,1149,"Metabolism and regulation","Reactome"
"TuG1812G0200000083.01",6,3,5,7,1149,"Plastid glycolysis","Reactome"
"TuG1812G0200000083.01",6,3,5,7,1149,"Starch and sucrose metabolism","KEGG"
"TuG1812G0200000083.01",6,3,5,7,1149,"Trehalose degradation II","Reactome"
"TuG1812G0200000124.01",1,4,1,11,1120,"2-Oxocarboxylic acid metabolism","KEGG"
"TuG1812G0200000124.01",1,4,1,11,1120,"Biosynthesis of secondary metabolites","KEGG"
"TuG1812G0200000124.01",1,4,1,11,1120,"Carbon metabolism","KEGG"
"TuG1812G0200000124.01",1,4,1,11,1120,"Citrate cycle","KEGG"
"TuG1812G0200000124.01",1,4,1,11,1120,"Glycolysis / Gluconeogenesis","KEGG"
"TuG1812G0200000124.01",1,4,1,11,1120,"Lipoic acid metabolism","KEGG"
"TuG1812G0200000124.01",1,4,1,11,1120,"Metabolic pathways","KEGG"
"TuG1812G0200000124.01",1,4,1,11,1120,"Pyruvate metabolism","KEGG"
"TuG1812G0200000308.01",0,5,0,1,1604,"ABC transporters","KEGG"
"TuG1812G0200000313.01",0,2,0,3,1730,"ATP-dependent chromatin remodeling","KEGG"
"TuG1812G0200000436.01",1,12,1,4,1335,"2-Oxocarboxylic acid metabolism","KEGG"
"TuG1812G0200000436.01",1,12,1,4,1335,"Amino acid catabolism","Reactome"
"TuG1812G0200000436.01",1,12,1,4,1335,"Amino acid metabolism","Reactome"
"TuG1812G0200000436.01",1,12,1,4,1335,"Biosynthesis of secondary metabolites","KEGG"
"TuG1812G0200000436.01",1,12,1,4,1335,"Carbon metabolism","KEGG"
"TuG1812G0200000436.01",1,12,1,4,1335,"Citrate cycle","KEGG"
"TuG1812G0200000436.01",1,12,1,4,1335,"Generation of precursor metabolites and energy","Reactome"
"TuG1812G0200000436.01",1,12,1,4,1335,"Lipoic acid metabolism","KEGG"
"TuG1812G0200000436.01",1,12,1,4,1335,"Lysine degradation","KEGG"
"TuG1812G0200000436.01",1,12,1,4,1335,"Lysine degradation II","Reactome"
"TuG1812G0200000436.01",1,12,1,4,1335,"Metabolic pathways","KEGG"
"TuG1812G0200000436.01",1,12,1,4,1335,"Metabolism and regulation","Reactome"
"TuG1812G0200000436.01",1,12,1,4,1335,"TCA cycle (plant)","Reactome"
"TuG1812G0200000436.01",1,12,1,4,1335,"Tryptophan metabolism","KEGG"
"TuG1812G0200000455.01",0,8,3,8,1147,"Biosynthesis of secondary metabolites","KEGG"
"TuG1812G0200000455.01",0,8,3,8,1147,"Biosynthesis of various plant secondary metabolites; Including: Crocin biosynthesis, Ginsenoside biosynthesis, Saponin adjuvant biosynthesis, Cannabidiol biosynthesis, Mugineic acid biosynthesis, Pentagalloylglucose biosynthesis, Benzoxazinoid biosynthesis, Gramine biosynthesis, Coumarin biosynthesis, Furanocoumarin biosynthesis, Hordatine biosynthesis, Podophyllotoxin biosynthesis","KEGG"
"TuG1812G0200000455.01",0,8,3,8,1147,"Cyanoamino acid metabolism","KEGG"
"TuG1812G0200000455.01",0,8,3,8,1147,"Metabolic pathways","KEGG"
"TuG1812G0200000455.01",0,8,3,8,1147,"Starch and sucrose metabolism","KEGG"
"TuG1812G0200000465.01",0,1,0,1,909,"ATP-dependent chromatin remodeling","KEGG"
"TuG1812G0200000477.01",0,5,0,16,1617,"RNA degradation","KEGG"
"TuG1812G0200000780.01",0,3,2,6,1470,"mRNA surveillance pathway","KEGG"
"TuG1812G0200000879.01",0,5,0,7,2204,"Biosynthesis of secondary metabolites","KEGG"
"TuG1812G0200000879.01",0,5,0,7,2204,"Cytoskeleton in muscle cells","KEGG"
"TuG1812G0200000879.01",0,5,0,7,2204,"Metabolic pathways","KEGG"
"TuG1812G0200000879.01",0,5,0,7,2204,"Nucleotide metabolism","KEGG"
"TuG1812G0200000879.01",0,5,0,7,2204,"Purine metabolism","KEGG"
"TuG1812G0200000982.01",1,2,3,1,1728,"Ribosome biogenesis in eukaryotes","KEGG"
"TuG1812G0200001290.01",0,9,0,5,2763,"Biosynthesis of secondary metabolites","KEGG"
"TuG1812G0200001290.01",0,9,0,5,2763,"Metabolic pathways","KEGG"
"TuG1812G0200001290.01",0,9,0,5,2763,"Starch and sucrose metabolism","KEGG"
"TuG1812G0200001377.01",3,4,1,4,1015,"Biosynthesis of cofactors","KEGG"
"TuG1812G0200001377.01",3,4,1,4,1015,"Biotin metabolism","KEGG"
"TuG1812G0200001377.01",3,4,1,4,1015,"Fatty acid biosynthesis","KEGG"
"TuG1812G0200001377.01",3,4,1,4,1015,"Fatty acid metabolism","KEGG"
"TuG1812G0200001377.01",3,4,1,4,1015,"Metabolic pathways","KEGG"
"TuG1812G0200001382.01",0,1,4,19,1203,"Biosynthesis of secondary metabolites","KEGG"
"TuG1812G0200001382.01",0,1,4,19,1203,"Biosynthesis of various plant secondary metabolites; Including: Crocin biosynthesis, Ginsenoside biosynthesis, Saponin adjuvant biosynthesis, Cannabidiol biosynthesis, Mugineic acid biosynthesis, Pentagalloylglucose biosynthesis, Benzoxazinoid biosynthesis, Gramine biosynthesis, Coumarin biosynthesis, Furanocoumarin biosynthesis, Hordatine biosynthesis, Podophyllotoxin biosynthesis","KEGG"
"TuG1812G0200001382.01",0,1,4,19,1203,"Cyanoamino acid metabolism","KEGG"
"TuG1812G0200001382.01",0,1,4,19,1203,"Metabolic pathways","KEGG"
"TuG1812G0200001382.01",0,1,4,19,1203,"Starch and sucrose metabolism","KEGG"
"TuG1812G0200001495.01",4,2,1,0,1278,"Spliceosome","KEGG"
"TuG1812G0200001677.01",0,5,0,6,1371,"Biosynthesis of secondary metabolites","KEGG"
"TuG1812G0200001677.01",0,5,0,6,1371,"Metabolic pathways","KEGG"
"TuG1812G0200001677.01",0,5,0,6,1371,"Starch and sucrose metabolism","KEGG"
"TuG1812G0200001765.01",0,1,1,2,1077,"Amino sugar and nucleotide sugar metabolism","KEGG"
"TuG1812G0200001765.01",0,1,1,2,1077,"Biosynthesis of nucleotide sugars","KEGG"
"TuG1812G0200001765.01",0,1,1,2,1077,"Carbohydrate metabolism","Reactome"
"TuG1812G0200001765.01",0,1,1,2,1077,"Metabolic pathways","KEGG"
"TuG1812G0200001765.01",0,1,1,2,1077,"Metabolism and regulation","Reactome"
"TuG1812G0200001765.01",0,1,1,2,1077,"UDP-L-arabinose biosynthesis and transport","Reactome"
"TuG1812G0200001819.01",0,2,0,1,1722,"Biosynthesis of secondary metabolites","KEGG"
"TuG1812G0200001819.01",0,2,0,1,1722,"Carbohydrate metabolism","Reactome"
"TuG1812G0200001819.01",0,2,0,1,1722,"Galactose degradation II","Reactome"
"TuG1812G0200001819.01",0,2,0,1,1722,"Metabolic pathways","KEGG"
"TuG1812G0200001819.01",0,2,0,1,1722,"Metabolism and regulation","Reactome"
"TuG1812G0200001819.01",0,2,0,1,1722,"Starch and sucrose metabolism","KEGG"
"TuG1812G0200001819.01",0,2,0,1,1722,"Sucrose biosynthesis","Reactome"
"TuG1812G0200001847.01",0,1,0,0,435,"Ribosome","KEGG"
"TuG1812G0200002046.01",0,2,0,6,645,"Metabolic pathways","KEGG"
"TuG1812G0200002046.01",0,2,0,6,645,"Photosynthesis - antenna proteins","KEGG"
"TuG1812G0200002264.01",0,1,0,2,750,"Metabolic pathways","KEGG"
"TuG1812G0200002264.01",0,1,0,2,750,"Photosynthesis - antenna proteins","KEGG"
"TuG1812G0200002339.01",0,6,1,6,3240,"Nucleocytoplasmic transport","KEGG"
"TuG1812G0200002339.01",0,6,1,6,3240,"mRNA surveillance pathway","KEGG"
"TuG1812G0200002392.01",1,1,1,0,357,"Autophagy - other","KEGG"
"TuG1812G0200002431.01",2,6,2,10,4563,"Cysteine and methionine metabolism","KEGG"
"TuG1812G0200002431.01",2,6,2,10,4563,"Metabolic pathways","KEGG"
"TuG1812G0200002501.01",0,1,1,1,1422,"Biosynthesis of amino acids","KEGG"
"TuG1812G0200002501.01",0,1,1,1,1422,"Biosynthesis of secondary metabolites","KEGG"
"TuG1812G0200002501.01",0,1,1,1,1422,"Carbon metabolism","KEGG"
"TuG1812G0200002501.01",0,1,1,1,1422,"Glycolysis / Gluconeogenesis","KEGG"
"TuG1812G0200002501.01",0,1,1,1,1422,"Metabolic pathways","KEGG"
"TuG1812G0200002501.01",0,1,1,1,1422,"Pyruvate metabolism","KEGG"
"TuG1812G0200002504.01",2,2,1,6,3995,"Spliceosome","KEGG"
"TuG1812G0200002523.01",0,4,1,0,1611,"Biosynthesis of secondary metabolites","KEGG"
"TuG1812G0200002523.01",0,4,1,0,1611,"Carotenoid biosynthesis","KEGG;Reactome"
"TuG1812G0200002523.01",0,4,1,0,1611,"Metabolic pathways","KEGG"
"TuG1812G0200002523.01",0,4,1,0,1611,"Metabolism and regulation","Reactome"
"TuG1812G0200002523.01",0,4,1,0,1611,"Secondary metabolism","Reactome"
"TuG1812G0200002606.01",0,2,3,2,3633,"Biosynthesis of secondary metabolites","KEGG"
"TuG1812G0200002606.01",0,2,3,2,3633,"Carotenoid biosynthesis","KEGG"
"TuG1812G0200002606.01",0,2,3,2,3633,"Metabolic pathways","KEGG"
"TuG1812G0200002611.01",1,1,1,1,1438,"Aminoacyl-tRNA biosynthesis","KEGG"
"TuG1812G0200002621.01",0,3,0,4,3351,"Polycomb repressive complex","KEGG"
"TuG1812G0200002622.01",0,1,2,3,2555,"Aminoacyl-tRNA biosynthesis","KEGG"
"TuG1812G0200002668.01",3,3,1,3,2007,"Base excision repair","KEGG"
"TuG1812G0200002798.01",0,2,0,1,1180,"Metabolic pathways","KEGG"
"TuG1812G0200002798.01",0,2,0,1,1180,"Sulfur cycle","KEGG"
"TuG1812G0200002798.01",0,2,0,1,1180,"Sulfur metabolism","KEGG"
"TuG1812G0200003113.01",1,1,4,3,4261,"Biosynthesis of secondary metabolites","KEGG"
"TuG1812G0200003113.01",1,1,4,3,4261,"Metabolic pathways","KEGG"
"TuG1812G0200003113.01",1,1,4,3,4261,"Purine metabolism","KEGG"
"TuG1812G0200003139.01",0,2,0,0,1176,"Biosynthesis of unsaturated fatty acids","KEGG"
"TuG1812G0200003139.01",0,2,0,0,1176,"Fatty acid biosynthesis","KEGG"
"TuG1812G0200003139.01",0,2,0,0,1176,"Fatty acid metabolism","KEGG"
"TuG1812G0200003139.01",0,2,0,0,1176,"Metabolic pathways","KEGG"
"TuG1812G0200003152.01",0,1,0,2,2679,"Efferocytosis","KEGG"
"TuG1812G0200003152.01",0,1,0,2,2679,"Lysosome biogenesis","KEGG"
"TuG1812G0200003157.01",0,3,0,2,1973,"Spliceosome","KEGG"
"TuG1812G0200003275.01",0,1,0,1,2002,"Biosynthesis of secondary metabolites","KEGG"
"TuG1812G0200003275.01",0,1,0,1,2002,"Carbon metabolism","KEGG"
"TuG1812G0200003275.01",0,1,0,1,2002,"Glycolysis / Gluconeogenesis","KEGG"
"TuG1812G0200003275.01",0,1,0,1,2002,"Glyoxylate and dicarboxylate metabolism","KEGG"
"TuG1812G0200003275.01",0,1,0,1,2002,"Metabolic pathways","KEGG"
"TuG1812G0200003275.01",0,1,0,1,2002,"Propanoate metabolism","KEGG"
"TuG1812G0200003275.01",0,1,0,1,2002,"Pyruvate metabolism","KEGG"
"TuG1812G0200003278.01",0,4,3,8,1425,"Amino acid biosynthesis","Reactome"
"TuG1812G0200003278.01",0,4,3,8,1425,"Amino acid metabolism","Reactome"
"TuG1812G0200003278.01",0,4,3,8,1425,"Biosynthesis of amino acids","KEGG"
"TuG1812G0200003278.01",0,4,3,8,1425,"Biosynthesis of secondary metabolites","KEGG"
"TuG1812G0200003278.01",0,4,3,8,1425,"Histidine biosynthesis I","Reactome"
"TuG1812G0200003278.01",0,4,3,8,1425,"Histidine metabolism","KEGG"
"TuG1812G0200003278.01",0,4,3,8,1425,"Metabolic pathways","KEGG"
"TuG1812G0200003278.01",0,4,3,8,1425,"Metabolism and regulation","Reactome"
"TuG1812G0200003366.01",0,2,1,2,672,"Ribosome","KEGG"
"TuG1812G0200003412.01",0,2,4,1,2008,"Glycerolipid metabolism","KEGG"
"TuG1812G0200003412.01",0,2,4,1,2008,"Metabolic pathways","KEGG"
"TuG1812G0200003565.01",0,2,0,2,1167,"Biosynthesis of cofactors","KEGG"
"TuG1812G0200003565.01",0,2,0,2,1167,"Biotin metabolism","KEGG"
"TuG1812G0200003565.01",0,2,0,2,1167,"Fatty acid biosynthesis","KEGG"
"TuG1812G0200003565.01",0,2,0,2,1167,"Fatty acid metabolism","KEGG"
"TuG1812G0200003565.01",0,2,0,2,1167,"Metabolic pathways","KEGG"
"TuG1812G0200003847.01",0,2,0,1,843,"2-Oxocarboxylic acid metabolism","KEGG"
"TuG1812G0200003847.01",0,2,0,1,843,"Amino acid biosynthesis","Reactome"
"TuG1812G0200003847.01",0,2,0,1,843,"Amino acid metabolism","Reactome"
"TuG1812G0200003847.01",0,2,0,1,843,"Biosynthesis of amino acids","KEGG"
"TuG1812G0200003847.01",0,2,0,1,843,"Biosynthesis of secondary metabolites","KEGG"
"TuG1812G0200003847.01",0,2,0,1,843,"Carbon metabolism","KEGG"
"TuG1812G0200003847.01",0,2,0,1,843,"Citrate cycle","KEGG"
"TuG1812G0200003847.01",0,2,0,1,843,"Generation of precursor metabolites and energy","Reactome"
"TuG1812G0200003847.01",0,2,0,1,843,"Leucine biosynthesis","Reactome"
"TuG1812G0200003847.01",0,2,0,1,843,"Metabolic pathways","KEGG"
"TuG1812G0200003847.01",0,2,0,1,843,"Metabolism and regulation","Reactome"
"TuG1812G0200003847.01",0,2,0,1,843,"TCA cycle (plant)","Reactome"
"TuG1812G0200003954.01",0,1,0,10,816,"Biosynthesis of secondary metabolites","KEGG"
"TuG1812G0200003954.01",0,1,0,10,816,"Carbon metabolism","KEGG"
"TuG1812G0200003954.01",0,1,0,10,816,"Glyoxylate and dicarboxylate metabolism","KEGG"
"TuG1812G0200003954.01",0,1,0,10,816,"Metabolic pathways","KEGG"
"TuG1812G0200004216.01",3,4,2,2,1203,"Glycosylphosphatidylinositol","KEGG"
"TuG1812G0200004216.01",3,4,2,2,1203,"Metabolic pathways","KEGG"
"TuG1812G0200004234.01",0,1,1,2,1797,"Biosynthesis of secondary metabolites","KEGG"
"TuG1812G0200004234.01",0,1,1,2,1797,"Carbohydrate metabolism","Reactome"
"TuG1812G0200004234.01",0,1,1,2,1797,"Gravitropism under normal or artificial gravity environments","Reactome"
"TuG1812G0200004234.01",0,1,1,2,1797,"Growth and developmental processes","Reactome"
"TuG1812G0200004234.01",0,1,1,2,1797,"Metabolic pathways","KEGG"
"TuG1812G0200004234.01",0,1,1,2,1797,"Metabolism and regulation","Reactome"
"TuG1812G0200004234.01",0,1,1,2,1797,"Regulatory network of nutrient accumulation","Reactome"
"TuG1812G0200004234.01",0,1,1,2,1797,"Reproductive structure development","Reactome"
"TuG1812G0200004234.01",0,1,1,2,1797,"Responses to stimuli: abiotic stimuli and stresses","Reactome"
"TuG1812G0200004234.01",0,1,1,2,1797,"Root gravitropism","Reactome"
"TuG1812G0200004234.01",0,1,1,2,1797,"Seed development","Reactome"
"TuG1812G0200004234.01",0,1,1,2,1797,"Starch and sucrose metabolism","KEGG"
"TuG1812G0200004234.01",0,1,1,2,1797,"Starch biosynthesis","Reactome"
"TuG1812G0200004302.01",2,13,1,15,1826,"Biosynthesis of secondary metabolites","KEGG"
"TuG1812G0200004302.01",2,13,1,15,1826,"Metabolic pathways","KEGG"
"TuG1812G0200004302.01",2,13,1,15,1826,"Metabolism and regulation","Reactome"
"TuG1812G0200004302.01",2,13,1,15,1826,"Phenylalanine metabolism","KEGG"
"TuG1812G0200004302.01",2,13,1,15,1826,"Phenylpropanoid biosynthesis","KEGG"
"TuG1812G0200004302.01",2,13,1,15,1826,"Phenylpropanoid biosynthesis, initial reactions","Reactome"
"TuG1812G0200004302.01",2,13,1,15,1826,"Salicylate biosynthesis","Reactome"
"TuG1812G0200004302.01",2,13,1,15,1826,"Secondary metabolism","Reactome"
"TuG1812G0200004302.01",2,13,1,15,1826,"Suberin biosynthesis","Reactome"
"TuG1812G0200004509.01",0,1,1,4,984,"Amino acid biosynthesis","Reactome"
"TuG1812G0200004509.01",0,1,1,4,984,"Amino acid metabolism","Reactome"
"TuG1812G0200004509.01",0,1,1,4,984,"Biosynthesis of amino acids","KEGG"
"TuG1812G0200004509.01",0,1,1,4,984,"Biosynthesis of secondary metabolites","KEGG"
"TuG1812G0200004509.01",0,1,1,4,984,"Lysine biosynthesis","KEGG"
"TuG1812G0200004509.01",0,1,1,4,984,"Lysine biosynthesis I","Reactome"
"TuG1812G0200004509.01",0,1,1,4,984,"Lysine biosynthesis II","Reactome"
"TuG1812G0200004509.01",0,1,1,4,984,"Lysine biosynthesis VI","Reactome"
"TuG1812G0200004509.01",0,1,1,4,984,"Metabolic pathways","KEGG"
"TuG1812G0200004509.01",0,1,1,4,984,"Metabolism and regulation","Reactome"
"TuG1812G0200004509.01",0,1,1,4,984,"Monobactam biosynthesis","KEGG"
"TuG1812G0200004575.01",0,2,2,7,1146,"2-Oxocarboxylic acid metabolism","KEGG"
"TuG1812G0200004575.01",0,2,2,7,1146,"Amino acid biosynthesis","Reactome"
"TuG1812G0200004575.01",0,2,2,7,1146,"Amino acid metabolism","Reactome"
"TuG1812G0200004575.01",0,2,2,7,1146,"Biosynthesis of amino acids","KEGG"
"TuG1812G0200004575.01",0,2,2,7,1146,"Biosynthesis of cofactors","KEGG"
"TuG1812G0200004575.01",0,2,2,7,1146,"Biosynthesis of secondary metabolites","KEGG"
"TuG1812G0200004575.01",0,2,2,7,1146,"Cofactor biosyntheses","Reactome"
"TuG1812G0200004575.01",0,2,2,7,1146,"Cysteine and methionine metabolism","KEGG"
"TuG1812G0200004575.01",0,2,2,7,1146,"Glucosinolate biosynthesis","KEGG"
"TuG1812G0200004575.01",0,2,2,7,1146,"Isoleucine biosynthesis from threonine","Reactome"
"TuG1812G0200004575.01",0,2,2,7,1146,"Leucine biosynthesis","Reactome"
"TuG1812G0200004575.01",0,2,2,7,1146,"Metabolic pathways","KEGG"
"TuG1812G0200004575.01",0,2,2,7,1146,"Metabolism and regulation","Reactome"
"TuG1812G0200004575.01",0,2,2,7,1146,"Pantothenate and CoA biosynthesis","KEGG"
"TuG1812G0200004575.01",0,2,2,7,1146,"Pantothenate biosynthesis I","Reactome"
"TuG1812G0200004575.01",0,2,2,7,1146,"Pantothenate biosynthesis II","Reactome"
"TuG1812G0200004575.01",0,2,2,7,1146,"Valine, leucine and isoleucine biosynthesis","KEGG"
"TuG1812G0200004575.01",0,2,2,7,1146,"Valine, leucine and isoleucine degradation","KEGG"
"TuG1812G0200004590.01",1,1,1,1,2013,"Plant hormone signal transduction","KEGG"
"TuG1812G0200004654.01",0,1,4,10,794,"Amino acid catabolism","Reactome"
"TuG1812G0200004654.01",0,1,4,10,794,"Amino acid metabolism","Reactome"
"TuG1812G0200004654.01",0,1,4,10,794,"Asparagine degradation I","Reactome"
"TuG1812G0200004654.01",0,1,4,10,794,"Lysosome biogenesis","KEGG"
"TuG1812G0200004654.01",0,1,4,10,794,"Metabolism and regulation","Reactome"
"TuG1812G0200004654.01",0,1,4,10,794,"Other glycan degradation","KEGG"
"TuG1812G0200004750.01",2,5,3,11,1479,"Amino sugar and nucleotide sugar metabolism","KEGG"
"TuG1812G0200004750.01",2,5,3,11,1479,"Biosynthesis of nucleotide sugars","KEGG"
"TuG1812G0200004750.01",2,5,3,11,1479,"Biosynthesis of various nucleotide sugars","KEGG"
"TuG1812G0200004750.01",2,5,3,11,1479,"Metabolic pathways","KEGG"
"TuG1812G0200004815.01",0,4,3,34,2012,"Nucleocytoplasmic transport","KEGG"
"TuG1812G0200004829.01",2,3,0,1,1669,"Metabolic pathways","KEGG"
"TuG1812G0200004829.01",2,3,0,1,1669,"N-Glycan biosynthesis","KEGG"
"TuG1812G0200004829.01",2,3,0,1,1669,"Protein processing in endoplasmic reticulum","KEGG"
"TuG1812G0200004829.01",2,3,0,1,1669,"Various types of N-glycan biosynthesis","KEGG"
"TuG1812G0200004834.01",0,1,0,1,540,"Ribosome","KEGG"
"TuG1812G0200004879.01",0,1,0,4,330,"Lysosome biogenesis","KEGG"
"TuG1812G0200004879.01",0,1,0,4,330,"Metabolic pathways","KEGG"
"TuG1812G0200004879.01",0,1,0,4,330,"Oxidative phosphorylation","KEGG"
"TuG1812G0200004879.01",0,1,0,4,330,"Phagosome","KEGG"
"TuG1812G0200004942.01",6,2,4,4,2006,"mRNA surveillance pathway","KEGG"
"TuG1812G0200005092.01",1,1,2,5,1236,"Amino sugar and nucleotide sugar metabolism","KEGG"
"TuG1812G0200005092.01",1,1,2,5,1236,"Biosynthesis of nucleotide sugars","KEGG"
"TuG1812G0200005092.01",1,1,2,5,1236,"Carbohydrate metabolism","Reactome"
"TuG1812G0200005092.01",1,1,2,5,1236,"GDP-D-rhamnose biosynthesis","Reactome"
"TuG1812G0200005092.01",1,1,2,5,1236,"GDP-L-fucose biosynthesis I (from GDP-D-mannose)","Reactome"
"TuG1812G0200005092.01",1,1,2,5,1236,"Metabolic pathways","KEGG"
"TuG1812G0200005092.01",1,1,2,5,1236,"Metabolism and regulation","Reactome"
"TuG1812G0200005092.01",1,1,2,5,1236,"UDP-L-arabinose biosynthesis and transport","Reactome"
"TuG1812G0200005370.01",1,5,1,10,1422,"Amino acid metabolism","Reactome"
"TuG1812G0200005370.01",1,5,1,10,1422,"Cysteine and methionine metabolism","KEGG"
"TuG1812G0200005370.01",1,5,1,10,1422,"Metabolic pathways","KEGG"
"TuG1812G0200005370.01",1,5,1,10,1422,"Metabolism and regulation","Reactome"
"TuG1812G0200005370.01",1,5,1,10,1422,"One carbon pool by folate","KEGG"
"TuG1812G0200005370.01",1,5,1,10,1422,"S-adenosyl-L-methionine cycle","Reactome"
"TuG1812G0200005438.01",1,4,2,2,1044,"Amino sugar and nucleotide sugar metabolism","KEGG"
"TuG1812G0200005438.01",1,4,2,2,1044,"Biosynthesis of nucleotide sugars","KEGG"
"TuG1812G0200005438.01",1,4,2,2,1044,"Carbohydrate metabolism","Reactome"
"TuG1812G0200005438.01",1,4,2,2,1044,"Metabolic pathways","KEGG"
"TuG1812G0200005438.01",1,4,2,2,1044,"Metabolism and regulation","Reactome"
"TuG1812G0200005438.01",1,4,2,2,1044,"UDP-L-arabinose biosynthesis and transport","Reactome"
"TuG1812G0200005543.01",0,2,0,2,1005,"Amino acid biosynthesis","Reactome"
"TuG1812G0200005543.01",0,2,0,2,1005,"Amino acid metabolism","Reactome"
"TuG1812G0200005543.01",0,2,0,2,1005,"Biosynthesis of amino acids","KEGG"
"TuG1812G0200005543.01",0,2,0,2,1005,"Biosynthesis of secondary metabolites","KEGG"
"TuG1812G0200005543.01",0,2,0,2,1005,"Lysine biosynthesis","KEGG"
"TuG1812G0200005543.01",0,2,0,2,1005,"Lysine biosynthesis I","Reactome"
"TuG1812G0200005543.01",0,2,0,2,1005,"Lysine biosynthesis II","Reactome"
"TuG1812G0200005543.01",0,2,0,2,1005,"Lysine biosynthesis VI","Reactome"
"TuG1812G0200005543.01",0,2,0,2,1005,"Metabolic pathways","KEGG"
"TuG1812G0200005543.01",0,2,0,2,1005,"Metabolism and regulation","Reactome"
"TuG1812G0200005543.01",0,2,0,2,1005,"Monobactam biosynthesis","KEGG"
"TuG1812G0200005556.01",0,8,0,11,1455,"Amino acid metabolism","Reactome"
"TuG1812G0200005556.01",0,8,0,11,1455,"Cysteine and methionine metabolism","KEGG"
"TuG1812G0200005556.01",0,8,0,11,1455,"Metabolic pathways","KEGG"
"TuG1812G0200005556.01",0,8,0,11,1455,"Metabolism and regulation","Reactome"
"TuG1812G0200005556.01",0,8,0,11,1455,"One carbon pool by folate","KEGG"
"TuG1812G0200005556.01",0,8,0,11,1455,"S-adenosyl-L-methionine cycle","Reactome"
"TuG1812G0200005558.01",0,2,0,7,1377,"Biosynthesis of amino acids","KEGG"
"TuG1812G0200005558.01",0,2,0,7,1377,"Biosynthesis of cofactors","KEGG"
"TuG1812G0200005558.01",0,2,0,7,1377,"Biosynthesis of secondary metabolites","KEGG"
"TuG1812G0200005558.01",0,2,0,7,1377,"Carbon metabolism","KEGG"
"TuG1812G0200005558.01",0,2,0,7,1377,"Cyanoamino acid metabolism","KEGG"
"TuG1812G0200005558.01",0,2,0,7,1377,"Folate transport and metabolism","KEGG"
"TuG1812G0200005558.01",0,2,0,7,1377,"Glycine, serine and threonine metabolism","KEGG"
"TuG1812G0200005558.01",0,2,0,7,1377,"Glyoxylate and dicarboxylate metabolism","KEGG"
"TuG1812G0200005558.01",0,2,0,7,1377,"Metabolic pathways","KEGG"
"TuG1812G0200005558.01",0,2,0,7,1377,"One carbon pool by folate","KEGG"
"TuG1812G0200005610.01",6,6,4,16,1596,"Biosynthesis of secondary metabolites","KEGG"
"TuG1812G0200005610.01",6,6,4,16,1596,"Carbohydrate metabolism","Reactome"
"TuG1812G0200005610.01",6,6,4,16,1596,"Glycerol degradation I","Reactome"
"TuG1812G0200005610.01",6,6,4,16,1596,"Glycerolipid metabolism","KEGG"
"TuG1812G0200005610.01",6,6,4,16,1596,"Metabolic pathways","KEGG"
"TuG1812G0200005610.01",6,6,4,16,1596,"Metabolism and regulation","Reactome"
"TuG1812G0200005610.01",6,6,4,16,1596,"Plant-pathogen interaction","KEGG"
"TuG1812G0200005631.01",0,1,0,4,1708,"Lysosome biogenesis","KEGG"
"TuG1812G0200005680.01",0,3,5,22,3703,"RNA polymerase","KEGG"
"TuG1812G0200005739.01",0,8,0,3,978,"Biosynthesis of secondary metabolites","KEGG"
"TuG1812G0200005739.01",0,8,0,3,978,"Circadian rhythm - plant","KEGG"
"TuG1812G0200005739.01",0,8,0,3,978,"Flavonoid biosynthesis","KEGG;Reactome"
"TuG1812G0200005739.01",0,8,0,3,978,"Metabolic pathways","KEGG"
"TuG1812G0200005739.01",0,8,0,3,978,"Metabolism and regulation","Reactome"
"TuG1812G0200005739.01",0,8,0,3,978,"Secondary metabolism","Reactome"
"TuG1812G0200005784.01",0,1,1,7,1141,"Aminoacyl-tRNA biosynthesis","KEGG"
"TuG1812G0200005784.01",0,1,1,7,1141,"Metabolic pathways","KEGG"
"TuG1812G0200005961.01",2,1,0,0,2117,"Metabolic pathways","KEGG"
"TuG1812G0200005961.01",2,1,0,0,2117,"N-Glycan biosynthesis","KEGG"
"TuG1812G0200005961.01",2,1,0,0,2117,"Protein processing in endoplasmic reticulum","KEGG"
"TuG1812G0200005961.01",2,1,0,0,2117,"Various types of N-glycan biosynthesis","KEGG"
"TuG1812G0200006038.01",0,2,3,6,918,"Biosynthesis of secondary metabolites","KEGG"
"TuG1812G0200006038.01",0,2,3,6,918,"Metabolic pathways","KEGG"
"TuG1812G0200006038.01",0,2,3,6,918,"Metabolism and regulation","Reactome"
"TuG1812G0200006038.01",0,2,3,6,918,"Mevalonate pathway","Reactome"
"TuG1812G0200006038.01",0,2,3,6,918,"Peroxisome","KEGG"
"TuG1812G0200006038.01",0,2,3,6,918,"Secondary metabolism","Reactome"
"TuG1812G0200006038.01",0,2,3,6,918,"Terpenoid backbone biosynthesis","KEGG"
"TuG1812G0200006080.01",0,2,0,3,633,"Oxidative phosphorylation","KEGG"
"TuG1812G0200006149.01",1,3,1,0,1296,"Plant hormone signal transduction","KEGG"
"TuG1812G0300000184.01",0,3,1,0,3091,"Biosynthesis of secondary metabolites","KEGG"
"TuG1812G0300000184.01",0,3,1,0,3091,"Carbohydrate metabolism","Reactome"
"TuG1812G0300000184.01",0,3,1,0,3091,"Metabolic pathways","KEGG"
"TuG1812G0300000184.01",0,3,1,0,3091,"Metabolism and regulation","Reactome"
"TuG1812G0300000184.01",0,3,1,0,3091,"Starch and sucrose metabolism","KEGG"
"TuG1812G0300000184.01",0,3,1,0,3091,"Sucrose biosynthesis","Reactome"
"TuG1812G0300000228.01",3,8,2,19,3318,"RNA degradation","KEGG"
"TuG1812G0300000287.01",1,4,5,28,1812,"ABC transporters","KEGG"
"TuG1812G0300000287.01",1,4,5,28,1812,"Folate transport and metabolism","KEGG"
"TuG1812G0300000483.01",5,5,3,2,3306,"Ubiquitin mediated proteolysis","KEGG"
"TuG1812G0300000661.01",3,1,1,1,513,"Biosynthesis of secondary metabolites","KEGG"
"TuG1812G0300000661.01",3,1,1,1,513,"Cholesterol biosynthesis I","Reactome"
"TuG1812G0300000661.01",3,1,1,1,513,"Cholesterol biosynthesis II (via 24,25-dihydrolanosterol)","Reactome"
"TuG1812G0300000661.01",3,1,1,1,513,"Cholesterol biosynthesis III (via desmosterol)","Reactome"
"TuG1812G0300000661.01",3,1,1,1,513,"Fatty acid and lipid metabolism","Reactome"
"TuG1812G0300000661.01",3,1,1,1,513,"Metabolic pathways","KEGG"
"TuG1812G0300000661.01",3,1,1,1,513,"Metabolism and regulation","Reactome"
"TuG1812G0300000661.01",3,1,1,1,513,"Secondary metabolism","Reactome"
"TuG1812G0300000661.01",3,1,1,1,513,"Steroid biosynthesis","KEGG"
"TuG1812G0300000661.01",3,1,1,1,513,"Sterol biosynthesis","Reactome"
"TuG1812G0300000743.01",7,7,0,7,1860,"Aminoacyl-tRNA biosynthesis","KEGG"
"TuG1812G0300000767.01",5,5,0,2,1954,"ATP-dependent chromatin remodeling","KEGG"
"TuG1812G0300000856.01",0,5,1,16,927,"Biosynthesis of secondary metabolites","KEGG"
"TuG1812G0300000856.01",0,5,1,16,927,"Biosynthesis of unsaturated fatty acids","KEGG"
"TuG1812G0300000856.01",0,5,1,16,927,"Brassinosteroid biosynthesis II","Reactome"
"TuG1812G0300000856.01",0,5,1,16,927,"Fatty acid elongation","KEGG"
"TuG1812G0300000856.01",0,5,1,16,927,"Fatty acid metabolism","KEGG"
"TuG1812G0300000856.01",0,5,1,16,927,"Hormone signaling, transport, and metabolism","Reactome"
"TuG1812G0300000856.01",0,5,1,16,927,"Metabolic pathways","KEGG"
"TuG1812G0300000856.01",0,5,1,16,927,"Metabolism and regulation","Reactome"
"TuG1812G0300000867.01",1,3,1,7,2186,"Biosynthesis of cofactors","KEGG"
"TuG1812G0300000867.01",1,3,1,7,2186,"Cofactor biosyntheses","Reactome"
"TuG1812G0300000867.01",1,3,1,7,2186,"Metabolic pathways","KEGG"
"TuG1812G0300000867.01",1,3,1,7,2186,"Metabolism and regulation","Reactome"
"TuG1812G0300000867.01",1,3,1,7,2186,"NAD biosynthesis I (from aspartate)","Reactome"
"TuG1812G0300000867.01",1,3,1,7,2186,"Nicotinate and nicotinamide metabolism","KEGG"
"TuG1812G0300000871.01",6,6,7,13,2175,"Amino acid biosynthesis","Reactome"
"TuG1812G0300000871.01",6,6,7,13,2175,"Amino acid metabolism","Reactome"
"TuG1812G0300000871.01",6,6,7,13,2175,"Beta-alanine biosynthesis II","Reactome"
"TuG1812G0300000871.01",6,6,7,13,2175,"Biosynthesis of secondary metabolites","KEGG"
"TuG1812G0300000871.01",6,6,7,13,2175,"Fatty acid degradation","KEGG"
"TuG1812G0300000871.01",6,6,7,13,2175,"Fatty acid metabolism","KEGG"
"TuG1812G0300000871.01",6,6,7,13,2175,"Metabolic pathways","KEGG"
"TuG1812G0300000871.01",6,6,7,13,2175,"Metabolism and regulation","Reactome"
"TuG1812G0300000871.01",6,6,7,13,2175,"alpha-Linolenic acid metabolism","KEGG"
"TuG1812G0300001090.01",2,3,2,1,825,"Metabolic pathways","KEGG"
"TuG1812G0300001203.01",0,2,0,1,681,"Ribosome","KEGG"
"TuG1812G0300001303.01",0,2,0,3,3459,"Circadian rhythm","Reactome"
"TuG1812G0300001303.01",0,2,0,3,3459,"Circadian rhythm - plant","KEGG"
"TuG1812G0300001303.01",0,2,0,3,3459,"Drought escape (DE) via ABA-independent pathway","Reactome"
"TuG1812G0300001303.01",0,2,0,3,3459,"Flowering under drought stress","Reactome"
"TuG1812G0300001303.01",0,2,0,3,3459,"Gravitropism under normal or artificial gravity environments","Reactome"
"TuG1812G0300001303.01",0,2,0,3,3459,"Growth and developmental processes","Reactome"
"TuG1812G0300001303.01",0,2,0,3,3459,"Inflorescence development","Reactome"
"TuG1812G0300001303.01",0,2,0,3,3459,"Long day regulated expression of florigens","Reactome"
"TuG1812G0300001303.01",0,2,0,3,3459,"Mild drought","Reactome"
"TuG1812G0300001303.01",0,2,0,3,3459,"Reproductive structure development","Reactome"
"TuG1812G0300001303.01",0,2,0,3,3459,"Responses to stimuli: abiotic stimuli and stresses","Reactome"
"TuG1812G0300001303.01",0,2,0,3,3459,"Shoot (tiller) formation and regulation of tiller angle","Reactome"
"TuG1812G0300001303.01",0,2,0,3,3459,"Shoot gravitropism: development, growth, and architecture of shoot in response to gravity","Reactome"
"TuG1812G0300001418.01",1,4,2,1,2285,"Lysosome biogenesis","KEGG"
"TuG1812G0300001519.01",0,1,0,1,1464,"Biosynthesis of secondary metabolites","KEGG"
"TuG1812G0300001519.01",0,1,0,1,1464,"Glycerolipid metabolism","KEGG"
"TuG1812G0300001519.01",0,1,0,1,1464,"Glycerophospholipid metabolism","KEGG"
"TuG1812G0300001519.01",0,1,0,1,1464,"Metabolic pathways","KEGG"
"TuG1812G0300001519.01",0,1,0,1,1464,"Phosphatidylinositol signaling system","KEGG"
"TuG1812G0300001845.01",0,1,0,1,381,"Ribosome","KEGG"
"TuG1812G0300001904.01",3,3,2,4,3279,"Aminoacyl-tRNA biosynthesis","KEGG"
"TuG1812G0300001958.01",0,1,1,1,1422,"Spliceosome","KEGG"
"TuG1812G0300002079.01",0,2,0,0,1282,"Spliceosome","KEGG"
"TuG1812G0300002090.01",2,2,2,4,2700,"MAPK signaling pathway - plant","KEGG"
"TuG1812G0300002090.01",2,2,2,4,2700,"Plant-pathogen interaction","KEGG"
"TuG1812G0300002090.01",2,2,2,4,2700,"Recognition of fungal and bacterial pathogens and immunity response","Reactome"
"TuG1812G0300002090.01",2,2,2,4,2700,"Responses to stimuli: biotic stimuli and stresses","Reactome"
"TuG1812G0300002119.01",0,2,0,2,1491,"Biosynthesis of amino acids","KEGG"
"TuG1812G0300002119.01",0,2,0,2,1491,"Biosynthesis of secondary metabolites","KEGG"
"TuG1812G0300002119.01",0,2,0,2,1491,"Carbon metabolism","KEGG"
"TuG1812G0300002119.01",0,2,0,2,1491,"Glycolysis / Gluconeogenesis","KEGG"
"TuG1812G0300002119.01",0,2,0,2,1491,"Metabolic pathways","KEGG"
"TuG1812G0300002119.01",0,2,0,2,1491,"Pyruvate metabolism","KEGG"
"TuG1812G0300002123.01",2,1,2,6,1657,"Nucleocytoplasmic transport","KEGG"
"TuG1812G0300002124.01",0,1,0,1,802,"Amino sugar and nucleotide sugar metabolism","KEGG"
"TuG1812G0300002124.01",0,1,0,1,802,"Biosynthesis of nucleotide sugars","KEGG"
"TuG1812G0300002124.01",0,1,0,1,802,"Biosynthesis of secondary metabolites","KEGG"
"TuG1812G0300002124.01",0,1,0,1,802,"Fructose and mannose metabolism","KEGG"
"TuG1812G0300002124.01",0,1,0,1,802,"Metabolic pathways","KEGG"
"TuG1812G0300002124.01",0,1,0,1,802,"Starch and sucrose metabolism","KEGG"
"TuG1812G0300002305.01",0,2,0,3,1171,"Biosynthesis of secondary metabolites","KEGG"
"TuG1812G0300002305.01",0,2,0,3,1171,"Metabolic pathways","KEGG"
"TuG1812G0300002305.01",0,2,0,3,1171,"Porphyrin metabolism","KEGG"
"TuG1812G0300002313.01",0,1,1,1,663,"SNARE interactions in vesicular transport","KEGG"
"TuG1812G0300002339.01",1,1,0,0,531,"Lysosome biogenesis","KEGG"
"TuG1812G0300002339.01",1,1,0,0,531,"Metabolic pathways","KEGG"
"TuG1812G0300002339.01",1,1,0,0,531,"Oxidative phosphorylation","KEGG"
"TuG1812G0300002339.01",1,1,0,0,531,"Phagosome","KEGG"
"TuG1812G0300002340.01",0,2,4,1,3176,"ABC transporters","KEGG"
"TuG1812G0300002448.01",0,2,1,3,2098,"Activation of pre-replication complex","Reactome"
"TuG1812G0300002448.01",0,2,1,3,2098,"Assembly of pre-replication complex","Reactome"
"TuG1812G0300002448.01",0,2,1,3,2098,"Cell cycle","Reactome"
"TuG1812G0300002448.01",0,2,1,3,2098,"Cellular processes","Reactome"
"TuG1812G0300002448.01",0,2,1,3,2098,"DNA replication","KEGG"
"TuG1812G0300002448.01",0,2,1,3,2098,"DNA replication Initiation","Reactome"
"TuG1812G0300002448.01",0,2,1,3,2098,"G1/S transition","Reactome"
"TuG1812G0300002448.01",0,2,1,3,2098,"Mitosis","Reactome"
"TuG1812G0300002448.01",0,2,1,3,2098,"S phase","Reactome"
"TuG1812G0300002448.01",0,2,1,3,2098,"Synthesis of DNA","Reactome"
"TuG1812G0300002508.01",4,4,12,1,6665,"Lysosome biogenesis","KEGG"
"TuG1812G0300002509.01",0,1,0,0,387,"Lysosome biogenesis","KEGG"
"TuG1812G0300002509.01",0,1,0,0,387,"Metabolic pathways","KEGG"
"TuG1812G0300002509.01",0,1,0,0,387,"Oxidative phosphorylation","KEGG"
"TuG1812G0300002509.01",0,1,0,0,387,"Phagosome","KEGG"
"TuG1812G0300002519.01",0,1,0,0,873,"Cadherin signaling","KEGG"
"TuG1812G0300002519.01",0,1,0,0,873,"mRNA surveillance pathway","KEGG"
"TuG1812G0300002523.01",0,2,0,7,3234,"Alanine, aspartate and glutamate metabolism","KEGG"
"TuG1812G0300002523.01",0,2,0,7,3234,"Arginine biosynthesis","KEGG"
"TuG1812G0300002523.01",0,2,0,7,3234,"Biosynthesis of cofactors","KEGG"
"TuG1812G0300002523.01",0,2,0,7,3234,"Biosynthesis of secondary metabolites","KEGG"
"TuG1812G0300002523.01",0,2,0,7,3234,"Metabolic pathways","KEGG"
"TuG1812G0300002523.01",0,2,0,7,3234,"Pyrimidine metabolism","KEGG"
"TuG1812G0300002576.01",5,4,4,3,6831,"Lysosome biogenesis","KEGG"
"TuG1812G0300002580.01",1,1,3,6,937,"Butanoate metabolism","KEGG"
"TuG1812G0300002580.01",1,1,3,6,937,"Metabolic pathways","KEGG"
"TuG1812G0300002648.01",0,1,0,1,1385,"Plant hormone signal transduction","KEGG"
"TuG1812G0300002648.01",0,1,0,1,1385,"Plant-pathogen interaction","KEGG"
"TuG1812G0300002654.01",0,1,1,1,2355,"Metabolic pathways","KEGG"
"TuG1812G0300002654.01",0,1,1,1,2355,"Sphingolipid metabolism","KEGG"
"TuG1812G0300002739.01",0,3,0,3,627,"DNA replication","KEGG"
"TuG1812G0300002739.01",0,3,0,3,627,"Homologous recombination","KEGG"
"TuG1812G0300002739.01",0,3,0,3,627,"Mismatch repair","KEGG"
"TuG1812G0300002912.01",0,3,0,1,696,"Spliceosome","KEGG"
"TuG1812G0300002918.01",2,2,3,1,2291,"Efferocytosis","KEGG"
"TuG1812G0300002918.01",2,2,3,1,2291,"Lysosome biogenesis","KEGG"
"TuG1812G0300002930.01",0,2,3,2,2363,"Biosynthesis of secondary metabolites","KEGG"
"TuG1812G0300002930.01",0,2,3,2,2363,"Metabolic pathways","KEGG"
"TuG1812G0300002930.01",0,2,3,2,2363,"Starch and sucrose metabolism","KEGG"
"TuG1812G0300002960.01",0,1,2,0,723,"MAPK signaling pathway - plant","KEGG"
"TuG1812G0300002961.01",0,3,0,1,2884,"Biosynthesis of secondary metabolites","KEGG"
"TuG1812G0300002961.01",0,3,0,1,2884,"Carbon metabolism","KEGG"
"TuG1812G0300002961.01",0,3,0,1,2884,"Glycine, serine and threonine metabolism","KEGG"
"TuG1812G0300002961.01",0,3,0,1,2884,"Glyoxylate and dicarboxylate metabolism","KEGG"
"TuG1812G0300002961.01",0,3,0,1,2884,"Lipoic acid metabolism","KEGG"
"TuG1812G0300002961.01",0,3,0,1,2884,"Metabolic pathways","KEGG"
"TuG1812G0300002961.01",0,3,0,1,2884,"Metabolism and regulation","Reactome"
"TuG1812G0300002961.01",0,3,0,1,2884,"One carbon pool by folate","KEGG"
"TuG1812G0300002961.01",0,3,0,1,2884,"Photorespiration","Reactome"
"TuG1812G0300002979.01",0,1,0,2,663,"SNARE interactions in vesicular transport","KEGG"
"TuG1812G0300003064.01",0,3,0,5,912,"Ribosome","KEGG"
"TuG1812G0300003078.01",0,3,1,30,2292,"Basal transcription factors","KEGG"
"TuG1812G0300003078.01",0,3,1,30,2292,"Nucleotide excision repair","KEGG"
"TuG1812G0300003113.01",0,1,0,2,941,"Allantoin degradation","Reactome"
"TuG1812G0300003113.01",0,1,0,2,941,"Amine and polyamine biosynthesis","Reactome"
"TuG1812G0300003113.01",0,1,0,2,941,"Biosynthesis of secondary metabolites","KEGG"
"TuG1812G0300003113.01",0,1,0,2,941,"Carbon metabolism","KEGG"
"TuG1812G0300003113.01",0,1,0,2,941,"Glycerolipid metabolism","KEGG"
"TuG1812G0300003113.01",0,1,0,2,941,"Glycine, serine and threonine metabolism","KEGG"
"TuG1812G0300003113.01",0,1,0,2,941,"Glyoxylate and dicarboxylate metabolism","KEGG"
"TuG1812G0300003113.01",0,1,0,2,941,"Metabolic pathways","KEGG"
"TuG1812G0300003113.01",0,1,0,2,941,"Metabolism and regulation","Reactome"
"TuG1812G0300003114.01",8,2,6,3,2109,"Glycosylphosphatidylinositol","KEGG"
"TuG1812G0300003114.01",8,2,6,3,2109,"Metabolic pathways","KEGG"
"TuG1812G0300003372.01",4,4,17,38,1453,"Fanconi anemia pathway","KEGG"
"TuG1812G0300003465.01",1,2,1,1,1056,"Amino sugar and nucleotide sugar metabolism","KEGG"
"TuG1812G0300003465.01",1,2,1,1,1056,"Biosynthesis of nucleotide sugars","KEGG"
"TuG1812G0300003465.01",1,2,1,1,1056,"Metabolic pathways","KEGG"
"TuG1812G0300003503.01",2,3,3,9,1424,"Hormone signaling, transport, and metabolism","Reactome"
"TuG1812G0300003503.01",2,3,3,9,1424,"Metabolism and regulation","Reactome"
"TuG1812G0300003503.01",2,3,3,9,1424,"Plant hormone signal transduction","KEGG"
"TuG1812G0300003503.01",2,3,3,9,1424,"Salicylic acid signaling","Reactome"
"TuG1812G0300003536.01",0,2,0,3,3201,"Polycomb repressive complex","KEGG"
"TuG1812G0300003574.01",2,3,0,2,1447,"Ribosome biogenesis in eukaryotes","KEGG"
"TuG1812G0300003587.01",0,3,0,3,1855,"Protein processing in endoplasmic reticulum","KEGG"
"TuG1812G0300003612.01",0,1,0,3,466,"Endocytosis","KEGG"
"TuG1812G0300003623.01",0,2,2,6,2098,"Inositol phosphate metabolism","KEGG"
"TuG1812G0300003623.01",0,2,2,6,2098,"Metabolic pathways","KEGG"
"TuG1812G0300003623.01",0,2,2,6,2098,"Phosphatidylinositol signaling system","KEGG"
"TuG1812G0300003705.01",0,3,4,1,1510,"Base excision repair","KEGG"
"TuG1812G0300003710.01",1,2,1,4,1074,"Biosynthesis of secondary metabolites","KEGG"
"TuG1812G0300003710.01",1,2,1,4,1074,"Cofactor biosyntheses","Reactome"
"TuG1812G0300003710.01",1,2,1,4,1074,"Metabolic pathways","KEGG"
"TuG1812G0300003710.01",1,2,1,4,1074,"Metabolism and regulation","Reactome"
"TuG1812G0300003710.01",1,2,1,4,1074,"Methylerythritol phosphate pathway","Reactome"
"TuG1812G0300003710.01",1,2,1,4,1074,"Terpenoid backbone biosynthesis","KEGG"
"TuG1812G0300003906.01",0,3,1,2,1311,"Gravitropism under normal or artificial gravity environments","Reactome"
"TuG1812G0300003906.01",0,3,1,2,1311,"Plant hormone signal transduction","KEGG"
"TuG1812G0300003906.01",0,3,1,2,1311,"Plant-pathogen interaction","KEGG"
"TuG1812G0300003906.01",0,3,1,2,1311,"Responses to stimuli: abiotic stimuli and stresses","Reactome"
"TuG1812G0300003906.01",0,3,1,2,1311,"Root angle formation: elongation and curvature response","Reactome"
"TuG1812G0300003906.01",0,3,1,2,1311,"Root gravitropism","Reactome"
"TuG1812G0300004026.01",1,1,0,20,2114,"Arginine and proline metabolism","KEGG"
"TuG1812G0300004026.01",1,1,0,20,2114,"Biosynthesis of amino acids","KEGG"
"TuG1812G0300004026.01",1,1,0,20,2114,"Biosynthesis of secondary metabolites","KEGG"
"TuG1812G0300004026.01",1,1,0,20,2114,"Metabolic pathways","KEGG"
"TuG1812G0300004048.01",0,1,1,3,748,"Protein processing in endoplasmic reticulum","KEGG"
"TuG1812G0300004068.01",0,1,0,1,1122,"Bacterial invasion of epithelial cells","KEGG"
"TuG1812G0300004068.01",0,1,0,1,1122,"Cadherin signaling","KEGG"
"TuG1812G0300004068.01",0,1,0,1,1122,"Endocytosis","KEGG"
"TuG1812G0300004068.01",0,1,0,1,1122,"IgSF CAM signaling","KEGG"
"TuG1812G0300004215.01",5,5,0,9,1410,"Hormone signaling, transport, and metabolism","Reactome"
"TuG1812G0300004215.01",5,5,0,9,1410,"Jasmonic acid signaling","Reactome"
"TuG1812G0300004215.01",5,5,0,9,1410,"Metabolism and regulation","Reactome"
"TuG1812G0300004215.01",5,5,0,9,1410,"Plant hormone signal transduction","KEGG"
"TuG1812G0300004294.01",0,1,2,8,1043,"Homologous recombination","KEGG"
"TuG1812G0300004332.01",0,1,2,4,1436,"Biosynthesis of secondary metabolites","KEGG"
"TuG1812G0300004332.01",0,1,2,4,1436,"Biosynthesis of various plant secondary metabolites; Including: Crocin biosynthesis, Ginsenoside biosynthesis, Saponin adjuvant biosynthesis, Cannabidiol biosynthesis, Mugineic acid biosynthesis, Pentagalloylglucose biosynthesis, Benzoxazinoid biosynthesis, Gramine biosynthesis, Coumarin biosynthesis, Furanocoumarin biosynthesis, Hordatine biosynthesis, Podophyllotoxin biosynthesis","KEGG"
"TuG1812G0300004332.01",0,1,2,4,1436,"Cyanoamino acid metabolism","KEGG"
"TuG1812G0300004332.01",0,1,2,4,1436,"Metabolic pathways","KEGG"
"TuG1812G0300004332.01",0,1,2,4,1436,"Starch and sucrose metabolism","KEGG"
"TuG1812G0300004563.01",0,5,0,8,1408,"Metabolic pathways","KEGG"
"TuG1812G0300004563.01",0,5,0,8,1408,"Sulfur metabolism","KEGG"
"TuG1812G0300004598.01",14,7,1,6,3003,"Biosynthesis of secondary metabolites","KEGG"
"TuG1812G0300004598.01",14,7,1,6,3003,"Carbohydrate metabolism","Reactome"
"TuG1812G0300004598.01",14,7,1,6,3003,"Metabolic pathways","KEGG"
"TuG1812G0300004598.01",14,7,1,6,3003,"Metabolism and regulation","Reactome"
"TuG1812G0300004598.01",14,7,1,6,3003,"Starch and sucrose metabolism","KEGG"
"TuG1812G0300004598.01",14,7,1,6,3003,"Sucrose biosynthesis","Reactome"
"TuG1812G0300004629.01",1,1,1,2,2271,"Growth and developmental processes","Reactome"
"TuG1812G0300004629.01",1,1,1,2,2271,"Metabolic pathways","KEGG"
"TuG1812G0300004629.01",1,1,1,2,2271,"N-Glycan biosynthesis","KEGG"
"TuG1812G0300004629.01",1,1,1,2,2271,"Primary root development","Reactome"
"TuG1812G0300004629.01",1,1,1,2,2271,"Protein processing in endoplasmic reticulum","KEGG"
"TuG1812G0300004629.01",1,1,1,2,2271,"Root structure development","Reactome"
"TuG1812G0300004629.01",1,1,1,2,2271,"Vegetative structure development","Reactome"
"TuG1812G0300004663.01",0,3,1,7,2614,"Lysosome biogenesis","KEGG"
"TuG1812G0300004734.01",0,10,1,3,1715,"Lysine degradation","KEGG"
"TuG1812G0300004734.01",0,10,1,3,1715,"Metabolic pathways","KEGG"
"TuG1812G0300004741.01",0,4,0,4,1193,"Biosynthesis of amino acids","KEGG"
"TuG1812G0300004741.01",0,4,0,4,1193,"Biosynthesis of secondary metabolites","KEGG"
"TuG1812G0300004741.01",0,4,0,4,1193,"Carbon fixation by Calvin cycle","KEGG"
"TuG1812G0300004741.01",0,4,0,4,1193,"Carbon metabolism","KEGG"
"TuG1812G0300004741.01",0,4,0,4,1193,"Metabolic pathways","KEGG"
"TuG1812G0300004741.01",0,4,0,4,1193,"Pentose phosphate pathway","KEGG"
"TuG1812G0300004877.01",0,2,0,17,4013,"RNA polymerase","KEGG"
"TuG1812G0300004935.01",3,7,2,6,507,"Biosynthesis of secondary metabolites","KEGG"
"TuG1812G0300004935.01",3,7,2,6,507,"Carbon metabolism","KEGG"
"TuG1812G0300004935.01",3,7,2,6,507,"Citrate cycle","KEGG"
"TuG1812G0300004935.01",3,7,2,6,507,"Generation of precursor metabolites and energy","Reactome"
"TuG1812G0300004935.01",3,7,2,6,507,"Metabolic pathways","KEGG"
"TuG1812G0300004935.01",3,7,2,6,507,"Metabolism and regulation","Reactome"
"TuG1812G0300004935.01",3,7,2,6,507,"Oxidative phosphorylation","KEGG"
"TuG1812G0300004935.01",3,7,2,6,507,"TCA cycle (plant)","Reactome"
"TuG1812G0300005122.01",0,3,3,4,839,"Carbon metabolism","KEGG"
"TuG1812G0300005122.01",0,3,3,4,839,"Metabolic pathways","KEGG"
"TuG1812G0300005229.01",0,1,1,1,1134,"Metabolic pathways","KEGG"
"TuG1812G0300005229.01",0,1,1,1,1134,"N-Glycan biosynthesis","KEGG"
"TuG1812G0300005229.01",0,1,1,1,1134,"Various types of N-glycan biosynthesis","KEGG"
"TuG1812G0300005267.01",12,6,16,30,2980,"Galactose metabolism","KEGG"
"TuG1812G0300005267.01",12,6,16,30,2980,"Metabolic pathways","KEGG"
"TuG1812G0300005267.01",12,6,16,30,2980,"Other glycan degradation","KEGG"
"TuG1812G0300005267.01",12,6,16,30,2980,"Sphingolipid metabolism","KEGG"
"TuG1812G0300005269.01",0,3,1,8,1301,"Amino sugar and nucleotide sugar metabolism","KEGG"
"TuG1812G0300005269.01",0,3,1,8,1301,"Biosynthesis of nucleotide sugars","KEGG"
"TuG1812G0300005269.01",0,3,1,8,1301,"Biosynthesis of secondary metabolites","KEGG"
"TuG1812G0300005269.01",0,3,1,8,1301,"Carbohydrate metabolism","Reactome"
"TuG1812G0300005269.01",0,3,1,8,1301,"Carbon metabolism","KEGG"
"TuG1812G0300005269.01",0,3,1,8,1301,"Fructose and mannose metabolism","KEGG"
"TuG1812G0300005269.01",0,3,1,8,1301,"GDP-mannose metabolism","Reactome"
"TuG1812G0300005269.01",0,3,1,8,1301,"Galactose metabolism","KEGG"
"TuG1812G0300005269.01",0,3,1,8,1301,"Glycolysis / Gluconeogenesis","KEGG"
"TuG1812G0300005269.01",0,3,1,8,1301,"Mannose degradation","Reactome"
"TuG1812G0300005269.01",0,3,1,8,1301,"Metabolic pathways","KEGG"
"TuG1812G0300005269.01",0,3,1,8,1301,"Metabolism and regulation","Reactome"
"TuG1812G0300005269.01",0,3,1,8,1301,"Starch and sucrose metabolism","KEGG"
"TuG1812G0300005269.01",0,3,1,8,1301,"Trehalose degradation II","Reactome"
"TuG1812G0300005478.01",3,3,3,4,738,"Cadherin signaling","KEGG"
"TuG1812G0300005632.01",6,7,8,29,3888,"ABC transporters","KEGG"
"TuG1812G0300005632.01",6,7,8,29,3888,"Peroxisome","KEGG"
"TuG1812G0300005848.01",2,4,3,16,1068,"Gravitropism under normal or artificial gravity environments","Reactome"
"TuG1812G0300005848.01",2,4,3,16,1068,"Metabolism and regulation","Reactome"
"TuG1812G0300005848.01",2,4,3,16,1068,"Responses to stimuli: abiotic stimuli and stresses","Reactome"
"TuG1812G0300005848.01",2,4,3,16,1068,"Root angle formation: elongation and curvature response","Reactome"
"TuG1812G0300005848.01",2,4,3,16,1068,"Root gravitropism","Reactome"
"TuG1812G0300005848.01",2,4,3,16,1068,"Secondary metabolism","Reactome"
"TuG1812G0300005848.01",2,4,3,16,1068,"Tricin biosynthesis","Reactome"
"TuG1812G0400000020.01",0,3,0,2,1557,"MAPK signaling pathway - plant","KEGG"
"TuG1812G0400000296.01",2,6,2,5,2991,"Inositol phosphate metabolism","KEGG"
"TuG1812G0400000296.01",2,6,2,5,2991,"Metabolic pathways","KEGG"
"TuG1812G0400000296.01",2,6,2,5,2991,"Phosphatidylinositol signaling system","KEGG"
"TuG1812G0400000358.01",0,1,0,4,777,"Metabolic pathways","KEGG"
"TuG1812G0400000358.01",0,1,0,4,777,"Sphingolipid metabolism","KEGG"
"TuG1812G0400000362.01",2,4,1,7,1905,"MAPK signaling pathway - plant","KEGG"
"TuG1812G0400000362.01",2,4,1,7,1905,"Plant hormone signal transduction","KEGG"
"TuG1812G0400000609.01",5,5,0,0,1265,"Biosynthesis of secondary metabolites","KEGG"
"TuG1812G0400000609.01",5,5,0,0,1265,"Cofactor biosyntheses","Reactome"
"TuG1812G0400000609.01",5,5,0,0,1265,"Metabolic pathways","KEGG"
"TuG1812G0400000609.01",5,5,0,0,1265,"Metabolism and regulation","Reactome"
"TuG1812G0400000609.01",5,5,0,0,1265,"Methylerythritol phosphate pathway","Reactome"
"TuG1812G0400000609.01",5,5,0,0,1265,"Terpenoid backbone biosynthesis","KEGG"
"TuG1812G0400000618.01",9,3,3,0,2829,"Response to cold temperature","Reactome"
"TuG1812G0400000618.01",9,3,3,0,2829,"Responses to stimuli: abiotic stimuli and stresses","Reactome"
"TuG1812G0400000624.01",0,1,1,8,1863,"Metabolic pathways","KEGG"
"TuG1812G0400000624.01",0,1,1,8,1863,"Starch and sucrose metabolism","KEGG"
"TuG1812G0400000721.01",1,2,6,7,1942,"Spliceosome","KEGG"
"TuG1812G0400000756.01",0,2,2,0,1668,"Biosynthesis of secondary metabolites","KEGG"
"TuG1812G0400000756.01",0,2,2,0,1668,"Metabolic pathways","KEGG"
"TuG1812G0400000756.01",0,2,2,0,1668,"Steroid biosynthesis","KEGG"
"TuG1812G0400001042.01",0,1,0,3,1590,"Biosynthesis of amino acids","KEGG"
"TuG1812G0400001042.01",0,1,0,3,1590,"Biosynthesis of secondary metabolites","KEGG"
"TuG1812G0400001042.01",0,1,0,3,1590,"Carbon metabolism","KEGG"
"TuG1812G0400001042.01",0,1,0,3,1590,"Glycolysis / Gluconeogenesis","KEGG"
"TuG1812G0400001042.01",0,1,0,3,1590,"Metabolic pathways","KEGG"
"TuG1812G0400001042.01",0,1,0,3,1590,"Pyruvate metabolism","KEGG"
"TuG1812G0400001081.01",1,1,5,3,1746,"Autophagy - other","KEGG"
"TuG1812G0400001788.01",1,1,2,2,1441,"Metabolic pathways","KEGG"
"TuG1812G0400001788.01",1,1,2,2,1441,"Starch and sucrose metabolism","KEGG"
"TuG1812G0400002025.01",2,3,1,8,4432,"Spliceosome","KEGG"
"TuG1812G0400002034.01",0,1,2,4,4455,"ATP-dependent chromatin remodeling","KEGG"
"TuG1812G0400002146.01",1,1,3,4,960,"Biosynthesis of secondary metabolites","KEGG"
"TuG1812G0400002146.01",1,1,3,4,960,"Metabolic pathways","KEGG"
"TuG1812G0400002146.01",1,1,3,4,960,"Phenylpropanoid biosynthesis","KEGG"
"TuG1812G0400002252.01",0,1,1,4,970,"Development of root hair","Reactome"
"TuG1812G0400002252.01",0,1,1,4,970,"Growth and developmental processes","Reactome"
"TuG1812G0400002252.01",0,1,1,4,970,"Root structure development","Reactome"
"TuG1812G0400002252.01",0,1,1,4,970,"Vegetative structure development","Reactome"
"TuG1812G0400002271.01",1,2,3,4,2416,"Lysine degradation","KEGG"
"TuG1812G0400002271.01",1,2,3,4,2416,"Metabolic pathways","KEGG"
"TuG1812G0400002271.01",1,2,3,4,2416,"Polycomb repressive complex","KEGG"
"TuG1812G0400002283.01",1,1,1,2,855,"Protein processing in endoplasmic reticulum","KEGG"
"TuG1812G0400002387.01",0,2,0,1,1434,"Amino acid biosynthesis","Reactome"
"TuG1812G0400002387.01",0,2,0,1,1434,"Amino acid catabolism","Reactome"
"TuG1812G0400002387.01",0,2,0,1,1434,"Amino acid metabolism","Reactome"
"TuG1812G0400002387.01",0,2,0,1,1434,"Biosynthesis of secondary metabolites","KEGG"
"TuG1812G0400002387.01",0,2,0,1,1434,"Glycolysis / Gluconeogenesis","KEGG"
"TuG1812G0400002387.01",0,2,0,1,1434,"Hormone signaling, transport, and metabolism","Reactome"
"TuG1812G0400002387.01",0,2,0,1,1434,"IAA biosynthesis I","Reactome"
"TuG1812G0400002387.01",0,2,0,1,1434,"Isoleucine biosynthesis from threonine","Reactome"
"TuG1812G0400002387.01",0,2,0,1,1434,"Metabolic pathways","KEGG"
"TuG1812G0400002387.01",0,2,0,1,1434,"Metabolism and regulation","Reactome"
"TuG1812G0400002387.01",0,2,0,1,1434,"Phenylalanine degradation III","Reactome"
"TuG1812G0400002387.01",0,2,0,1,1434,"Valine biosynthesis","Reactome"
"TuG1812G0400002440.01",0,1,1,6,1260,"Endocytosis","KEGG"
"TuG1812G0400002487.01",1,1,5,4,2478,"Nucleocytoplasmic transport","KEGG"
"TuG1812G0400002487.01",1,1,5,4,2478,"mRNA surveillance pathway","KEGG"
"TuG1812G0400002520.01",0,1,0,0,860,"Peroxisome","KEGG"
"TuG1812G0400002531.01",0,2,1,4,792,"Fatty acid and lipid metabolism","Reactome"
"TuG1812G0400002531.01",0,2,1,4,792,"Metabolic pathways","KEGG"
"TuG1812G0400002531.01",0,2,1,4,792,"Metabolism and regulation","Reactome"
"TuG1812G0400002531.01",0,2,1,4,792,"Sphingolipid metabolism","KEGG;Reactome"
"TuG1812G0400002534.01",1,2,0,4,1084,"Metabolism and regulation","Reactome"
"TuG1812G0400002534.01",1,2,0,4,1084,"Secologanin and strictosidine biosynthesis","Reactome"
"TuG1812G0400002534.01",1,2,0,4,1084,"Secondary metabolism","Reactome"
"TuG1812G0400002535.01",2,2,3,0,1325,"Growth and developmental processes","Reactome"
"TuG1812G0400002535.01",2,2,3,0,1325,"Regulatory network of nutrient accumulation","Reactome"
"TuG1812G0400002535.01",2,2,3,0,1325,"Reproductive structure development","Reactome"
"TuG1812G0400002535.01",2,2,3,0,1325,"Seed development","Reactome"
"TuG1812G0400002585.01",0,2,0,6,3339,"Brassinosteroid signaling","Reactome"
"TuG1812G0400002585.01",0,2,0,6,3339,"Gravitropism under normal or artificial gravity environments","Reactome"
"TuG1812G0400002585.01",0,2,0,6,3339,"Growth and developmental processes","Reactome"
"TuG1812G0400002585.01",0,2,0,6,3339,"Hormone signaling, transport, and metabolism","Reactome"
"TuG1812G0400002585.01",0,2,0,6,3339,"Metabolism and regulation","Reactome"
"TuG1812G0400002585.01",0,2,0,6,3339,"Regulation of seed size","Reactome"
"TuG1812G0400002585.01",0,2,0,6,3339,"Reproductive structure development","Reactome"
"TuG1812G0400002585.01",0,2,0,6,3339,"Responses to stimuli: abiotic stimuli and stresses","Reactome"
"TuG1812G0400002585.01",0,2,0,6,3339,"Seed development","Reactome"
"TuG1812G0400002585.01",0,2,0,6,3339,"Shoot gravitropism: development, growth, and architecture of shoot in response to gravity","Reactome"
"TuG1812G0400002585.01",0,2,0,6,3339,"Strigolactone signaling","Reactome"
"TuG1812G0400002605.01",2,2,1,2,1501,"Biosynthesis of secondary metabolites","KEGG"
"TuG1812G0400002605.01",2,2,1,2,1501,"Metabolic pathways","KEGG"
"TuG1812G0400002605.01",2,2,1,2,1501,"Terpenoid backbone biosynthesis","KEGG"
"TuG1812G0400002617.01",1,2,0,2,2253,"Lysosome biogenesis","KEGG"
"TuG1812G0400002617.01",1,2,0,2,2253,"Metabolic pathways","KEGG"
"TuG1812G0400002617.01",1,2,0,2,2253,"Oxidative phosphorylation","KEGG"
"TuG1812G0400002617.01",1,2,0,2,2253,"Phagosome","KEGG"
"TuG1812G0400002640.01",1,2,3,5,1203,"Proteasome","KEGG"
"TuG1812G0400002751.01",0,5,1,14,1735,"Lysosome biogenesis","KEGG"
"TuG1812G0400002773.01",1,2,1,19,2294,"Biosynthesis of secondary metabolites","KEGG"
"TuG1812G0400002773.01",1,2,1,19,2294,"Carbohydrate metabolism","Reactome"
"TuG1812G0400002773.01",1,2,1,19,2294,"Metabolic pathways","KEGG"
"TuG1812G0400002773.01",1,2,1,19,2294,"Metabolism and regulation","Reactome"
"TuG1812G0400002773.01",1,2,1,19,2294,"Starch and sucrose metabolism","KEGG"
"TuG1812G0400002773.01",1,2,1,19,2294,"Trehalose biosynthesis I","Reactome"
"TuG1812G0400002800.01",0,2,0,2,1372,"Biosynthesis of secondary metabolites","KEGG"
"TuG1812G0400002800.01",0,2,0,2,1372,"Metabolic pathways","KEGG"
"TuG1812G0400002800.01",0,2,0,2,1372,"Sesquiterpenoid and triterpenoid biosynthesis","KEGG"
"TuG1812G0400002800.01",0,2,0,2,1372,"Steroid biosynthesis","KEGG"
"TuG1812G0400002835.01",1,1,4,2,609,"Cutin, suberine and wax biosynthesis","KEGG"
"TuG1812G0400002853.01",0,1,3,17,1423,"Glycerolipid metabolism","KEGG"
"TuG1812G0400002853.01",0,1,3,17,1423,"Metabolic pathways","KEGG"
"TuG1812G0400002855.01",0,2,4,11,1863,"Activation of pre-replication complex","Reactome"
"TuG1812G0400002855.01",0,2,4,11,1863,"Cell cycle","Reactome"
"TuG1812G0400002855.01",0,2,4,11,1863,"Cellular processes","Reactome"
"TuG1812G0400002855.01",0,2,4,11,1863,"DNA replication","KEGG"
"TuG1812G0400002855.01",0,2,4,11,1863,"Fanconi anemia pathway","KEGG"
"TuG1812G0400002855.01",0,2,4,11,1863,"G1/S transition","Reactome"
"TuG1812G0400002855.01",0,2,4,11,1863,"Homologous recombination","KEGG"
"TuG1812G0400002855.01",0,2,4,11,1863,"Mismatch repair","KEGG"
"TuG1812G0400002855.01",0,2,4,11,1863,"Mitosis","Reactome"
"TuG1812G0400002855.01",0,2,4,11,1863,"Nucleotide excision repair","KEGG"
"TuG1812G0400002873.01",0,2,1,11,1346,"Metabolic pathways","KEGG"
"TuG1812G0400002873.01",0,2,1,11,1346,"Starch and sucrose metabolism","KEGG"
"TuG1812G0400002951.01",0,1,0,1,1110,"Lysosome biogenesis","KEGG"
"TuG1812G0400003016.01",0,1,0,3,1197,"Proteasome","KEGG"
"TuG1812G0400003108.01",0,3,0,1,594,"Efferocytosis","KEGG"
"TuG1812G0400003108.01",0,3,0,1,594,"Endocytosis","KEGG"
"TuG1812G0400003108.01",0,3,0,1,594,"Phagosome","KEGG"
"TuG1812G0400003110.01",1,4,2,2,2439,"Protein processing in endoplasmic reticulum","KEGG"
"TuG1812G0400003115.01",0,5,0,5,2454,"Protein processing in endoplasmic reticulum","KEGG"
"TuG1812G0400003494.01",2,2,2,9,2358,"Ribosome biogenesis in eukaryotes","KEGG"
"TuG1812G0400003533.01",0,1,0,3,893,"Biosynthesis of secondary metabolites","KEGG"
"TuG1812G0400003533.01",0,1,0,3,893,"Metabolic pathways","KEGG"
"TuG1812G0400003533.01",0,1,0,3,893,"Purine metabolism","KEGG"
"TuG1812G0400003624.01",0,3,4,7,1117,"Base excision repair","KEGG"
"TuG1812G0400003624.01",0,3,4,7,1117,"DNA replication","KEGG"
"TuG1812G0400003624.01",0,3,4,7,1117,"Non-homologous end-joining","KEGG"
"TuG1812G0400003647.01",0,5,0,1,1035,"Motor proteins","KEGG"
"TuG1812G0400003791.01",0,1,3,6,1217,"Protein export","KEGG"
"TuG1812G0400003831.01",6,3,1,3,705,"Plant-pathogen interaction","KEGG"
"TuG1812G0400003861.01",0,5,0,1,1145,"Plant-pathogen interaction","KEGG"
"TuG1812G0400003972.01",4,3,4,7,2011,"Non-homologous end-joining","KEGG"
"TuG1812G0500000193.01",0,6,0,5,1308,"Biosynthesis of amino acids","KEGG"
"TuG1812G0500000193.01",0,6,0,5,1308,"Biosynthesis of secondary metabolites","KEGG"
"TuG1812G0500000193.01",0,6,0,5,1308,"Carbon metabolism","KEGG"
"TuG1812G0500000193.01",0,6,0,5,1308,"Cytoskeleton in muscle cells","KEGG"
"TuG1812G0500000193.01",0,6,0,5,1308,"Glycolysis / Gluconeogenesis","KEGG"
"TuG1812G0500000193.01",0,6,0,5,1308,"Metabolic pathways","KEGG"
"TuG1812G0500000193.01",0,6,0,5,1308,"RNA degradation","KEGG"
"TuG1812G0500000193.01",0,6,0,5,1308,"Response to cold temperature","Reactome"
"TuG1812G0500000193.01",0,6,0,5,1308,"Responses to stimuli: abiotic stimuli and stresses","Reactome"
"TuG1812G0500000194.01",3,3,7,16,2336,"Metabolic pathways","KEGG"
"TuG1812G0500000194.01",3,3,7,16,2336,"Sphingolipid metabolism","KEGG"
"TuG1812G0500000277.01",0,2,0,5,563,"Basal transcription factors","KEGG"
"TuG1812G0500000312.01",5,5,0,4,2001,"Biosynthesis of nucleotide sugars","KEGG"
"TuG1812G0500000312.01",5,5,0,4,2001,"Biosynthesis of various nucleotide sugars","KEGG"
"TuG1812G0500000312.01",5,5,0,4,2001,"Metabolic pathways","KEGG"
"TuG1812G0500000374.01",0,2,3,9,1034,"2-Oxocarboxylic acid metabolism","KEGG"
"TuG1812G0500000374.01",0,2,3,9,1034,"Biosynthesis of secondary metabolites","KEGG"
"TuG1812G0500000374.01",0,2,3,9,1034,"Carbon metabolism","KEGG"
"TuG1812G0500000374.01",0,2,3,9,1034,"Citrate cycle","KEGG"
"TuG1812G0500000374.01",0,2,3,9,1034,"Glycolysis / Gluconeogenesis","KEGG"
"TuG1812G0500000374.01",0,2,3,9,1034,"Lipoic acid metabolism","KEGG"
"TuG1812G0500000374.01",0,2,3,9,1034,"Metabolic pathways","KEGG"
"TuG1812G0500000374.01",0,2,3,9,1034,"Pyruvate metabolism","KEGG"
"TuG1812G0500000523.01",4,4,1,1,1116,"Metabolic pathways","KEGG"
"TuG1812G0500000523.01",4,4,1,1,1116,"N-Glycan biosynthesis","KEGG"
"TuG1812G0500000555.01",1,2,0,5,1326,"Biosynthesis of cofactors","KEGG"
"TuG1812G0500000555.01",1,2,0,5,1326,"Biosynthesis of secondary metabolites","KEGG"
"TuG1812G0500000555.01",1,2,0,5,1326,"Metabolic pathways","KEGG"
"TuG1812G0500000555.01",1,2,0,5,1326,"Porphyrin metabolism","KEGG"
"TuG1812G0500000603.01",0,3,1,6,2058,"Ribosome biogenesis in eukaryotes","KEGG"
"TuG1812G0500000954.01",0,4,1,3,2616,"Nucleocytoplasmic transport","KEGG"
"TuG1812G0500001104.01",0,1,0,2,2256,"Plant-pathogen interaction","KEGG"
"TuG1812G0500001104.01",0,1,0,2,2256,"Protein processing in endoplasmic reticulum","KEGG"
"TuG1812G0500001167.01",1,1,3,2,1720,"Aminoacyl-tRNA biosynthesis","KEGG"
"TuG1812G0500001204.01",0,2,1,3,1148,"Lysosome biogenesis","KEGG"
"TuG1812G0500001231.01",0,1,0,0,1146,"Biosynthesis of unsaturated fatty acids","KEGG"
"TuG1812G0500001231.01",0,1,0,0,1146,"Fatty acid biosynthesis","KEGG"
"TuG1812G0500001231.01",0,1,0,0,1146,"Fatty acid metabolism","KEGG"
"TuG1812G0500001231.01",0,1,0,0,1146,"Metabolic pathways","KEGG"
"TuG1812G0500001426.01",0,1,0,1,573,"Ribosome","KEGG"
"TuG1812G0500001690.01",0,8,1,6,3912,"Autophagy - other","KEGG"
"TuG1812G0500001690.01",0,8,1,6,3912,"Lysosome biogenesis","KEGG"
"TuG1812G0500001701.01",0,8,0,5,3153,"Ubiquitin mediated proteolysis","KEGG"
"TuG1812G0500001805.01",0,2,0,1,1315,"Alanine, aspartate and glutamate metabolism","KEGG"
"TuG1812G0500001805.01",0,2,0,1,1315,"Amino acid biosynthesis","Reactome"
"TuG1812G0500001805.01",0,2,0,1,1315,"Amino acid metabolism","Reactome"
"TuG1812G0500001805.01",0,2,0,1,1315,"Arginine biosynthesis","KEGG"
"TuG1812G0500001805.01",0,2,0,1,1315,"Biosynthesis of cofactors","KEGG"
"TuG1812G0500001805.01",0,2,0,1,1315,"Biosynthesis of secondary metabolites","KEGG"
"TuG1812G0500001805.01",0,2,0,1,1315,"Citrulline biosynthesis","Reactome"
"TuG1812G0500001805.01",0,2,0,1,1315,"Metabolic pathways","KEGG"
"TuG1812G0500001805.01",0,2,0,1,1315,"Metabolism and regulation","Reactome"
"TuG1812G0500001805.01",0,2,0,1,1315,"Pyrimidine metabolism","KEGG"
"TuG1812G0500001811.01",0,1,0,1,821,"Fatty acid biosynthesis","KEGG"
"TuG1812G0500001811.01",0,1,0,1,821,"Fatty acid elongation","KEGG"
"TuG1812G0500001811.01",0,1,0,1,821,"Fatty acid metabolism","KEGG"
"TuG1812G0500001811.01",0,1,0,1,821,"Metabolic pathways","KEGG"
"TuG1812G0500001824.01",3,3,1,12,1740,"Alanine, aspartate and glutamate metabolism","KEGG"
"TuG1812G0500001824.01",3,3,1,12,1740,"Biosynthesis of amino acids","KEGG"
"TuG1812G0500001824.01",3,3,1,12,1740,"Biosynthesis of secondary metabolites","KEGG"
"TuG1812G0500001824.01",3,3,1,12,1740,"Metabolic pathways","KEGG"
"TuG1812G0500002172.01",0,2,0,3,549,"Ubiquitin mediated proteolysis","KEGG"
"TuG1812G0500002288.01",0,5,0,7,1770,"Cutin, suberine and wax biosynthesis","KEGG"
"TuG1812G0500002352.01",0,6,1,4,1864,"Biosynthesis of secondary metabolites","KEGG"
"TuG1812G0500002352.01",0,6,1,4,1864,"Glycerolipid metabolism","KEGG"
"TuG1812G0500002352.01",0,6,1,4,1864,"Metabolic pathways","KEGG"
"TuG1812G0500002380.01",6,3,5,4,4374,"Inositol phosphate metabolism","KEGG"
"TuG1812G0500002380.01",6,3,5,4,4374,"Lysosome biogenesis","KEGG"
"TuG1812G0500002380.01",6,3,5,4,4374,"Metabolic pathways","KEGG"
"TuG1812G0500002380.01",6,3,5,4,4374,"Phagosome","KEGG"
"TuG1812G0500002380.01",6,3,5,4,4374,"Phosphatidylinositol signaling system","KEGG"
"TuG1812G0500002517.01",0,3,2,1,1506,"Biosynthesis of secondary metabolites","KEGG"
"TuG1812G0500002517.01",0,3,2,1,1506,"Cutin, suberine and wax biosynthesis","KEGG"
"TuG1812G0500002544.01",0,2,3,11,2714,"Carbohydrate metabolism","Reactome"
"TuG1812G0500002544.01",0,2,3,11,2714,"Cellulose biosynthesis","Reactome"
"TuG1812G0500002544.01",0,2,3,11,2714,"Metabolism and regulation","Reactome"
"TuG1812G0500002589.01",0,1,0,2,650,"RNA degradation","KEGG"
"TuG1812G0500002775.01",1,1,0,7,840,"Biosynthesis of secondary metabolites","KEGG"
"TuG1812G0500002775.01",1,1,0,7,840,"Metabolic pathways","KEGG"
"TuG1812G0500002775.01",1,1,0,7,840,"Purine metabolism","KEGG"
"TuG1812G0500002976.01",2,5,4,5,1834,"Hormone signaling, transport, and metabolism","Reactome"
"TuG1812G0500002976.01",2,5,4,5,1834,"Jasmonic acid signaling","Reactome"
"TuG1812G0500002976.01",2,5,4,5,1834,"MAPK signaling pathway - plant","KEGG"
"TuG1812G0500002976.01",2,5,4,5,1834,"Metabolism and regulation","Reactome"
"TuG1812G0500002976.01",2,5,4,5,1834,"Plant hormone signal transduction","KEGG"
"TuG1812G0500002992.01",4,4,0,1,936,"Spliceosome","KEGG"
"TuG1812G0500003004.01",1,8,1,26,1992,"RNA degradation","KEGG"
"TuG1812G0500003112.01",0,1,1,0,675,"Biosynthesis of amino acids","KEGG"
"TuG1812G0500003112.01",0,1,1,0,675,"Biosynthesis of secondary metabolites","KEGG"
"TuG1812G0500003112.01",0,1,1,0,675,"Calvin cycle","Reactome"
"TuG1812G0500003112.01",0,1,1,0,675,"Carbohydrate metabolism","Reactome"
"TuG1812G0500003112.01",0,1,1,0,675,"Carbon fixation by Calvin cycle","KEGG"
"TuG1812G0500003112.01",0,1,1,0,675,"Carbon metabolism","KEGG"
"TuG1812G0500003112.01",0,1,1,0,675,"Metabolic pathways","KEGG"
"TuG1812G0500003112.01",0,1,1,0,675,"Metabolism and regulation","Reactome"
"TuG1812G0500003112.01",0,1,1,0,675,"Pentose and glucuronate interconversions","KEGG"
"TuG1812G0500003112.01",0,1,1,0,675,"Pentose phosphate pathway","KEGG"
"TuG1812G0500003252.01",1,2,0,5,1263,"Amino sugar and nucleotide sugar metabolism","KEGG"
"TuG1812G0500003252.01",1,2,0,5,1263,"Biosynthesis of nucleotide sugars","KEGG"
"TuG1812G0500003252.01",1,2,0,5,1263,"Carbohydrate metabolism","Reactome"
"TuG1812G0500003252.01",1,2,0,5,1263,"GDP-D-rhamnose biosynthesis","Reactome"
"TuG1812G0500003252.01",1,2,0,5,1263,"GDP-L-fucose biosynthesis I (from GDP-D-mannose)","Reactome"
"TuG1812G0500003252.01",1,2,0,5,1263,"Metabolic pathways","KEGG"
"TuG1812G0500003252.01",1,2,0,5,1263,"Metabolism and regulation","Reactome"
"TuG1812G0500003252.01",1,2,0,5,1263,"UDP-L-arabinose biosynthesis and transport","Reactome"
"TuG1812G0500003255.01",0,3,0,1,1023,"2-Oxocarboxylic acid metabolism","KEGG"
"TuG1812G0500003255.01",0,3,0,1,1023,"Biosynthesis of secondary metabolites","KEGG"
"TuG1812G0500003255.01",0,3,0,1,1023,"Carbon metabolism","KEGG"
"TuG1812G0500003255.01",0,3,0,1,1023,"Citrate cycle","KEGG"
"TuG1812G0500003255.01",0,3,0,1,1023,"Glycolysis / Gluconeogenesis","KEGG"
"TuG1812G0500003255.01",0,3,0,1,1023,"Lipoic acid metabolism","KEGG"
"TuG1812G0500003255.01",0,3,0,1,1023,"Metabolic pathways","KEGG"
"TuG1812G0500003255.01",0,3,0,1,1023,"Pyruvate metabolism","KEGG"
"TuG1812G0500003273.01",2,3,2,4,994,"Protein processing in endoplasmic reticulum","KEGG"
"TuG1812G0500003385.01",0,2,0,7,1092,"Plant-pathogen interaction","KEGG"
"TuG1812G0500003459.01",1,5,1,3,2608,"Cofactor biosyntheses","Reactome"
"TuG1812G0500003459.01",1,5,1,3,2608,"Metabolism and regulation","Reactome"
"TuG1812G0500003459.01",1,5,1,3,2608,"Pantothenate and coenzyme A biosynthesis III","Reactome"
"TuG1812G0500003486.01",0,1,1,2,922,"Basal transcription factors","KEGG"
"TuG1812G0500003558.01",4,4,0,2,1141,"Amino acid biosynthesis","Reactome"
"TuG1812G0500003558.01",4,4,0,2,1141,"Amino acid metabolism","Reactome"
"TuG1812G0500003558.01",4,4,0,2,1141,"Biosynthesis of amino acids","KEGG"
"TuG1812G0500003558.01",4,4,0,2,1141,"Biosynthesis of secondary metabolites","KEGG"
"TuG1812G0500003558.01",4,4,0,2,1141,"Chorismate biosynthesis","Reactome"
"TuG1812G0500003558.01",4,4,0,2,1141,"Metabolic pathways","KEGG"
"TuG1812G0500003558.01",4,4,0,2,1141,"Metabolism and regulation","Reactome"
"TuG1812G0500003558.01",4,4,0,2,1141,"Phenylalanine, tyrosine and tryptophan biosynthesis","KEGG"
"TuG1812G0500003575.01",2,4,3,19,2373,"Motor proteins","KEGG"
"TuG1812G0500003663.01",0,2,1,7,1240,"Proteasome","KEGG"
"TuG1812G0500004027.01",0,5,1,4,3606,"Nucleotide excision repair","KEGG"
"TuG1812G0500004027.01",0,5,1,4,3606,"RNA polymerase","KEGG"
"TuG1812G0500004097.01",3,2,0,4,2924,"Efferocytosis","KEGG"
"TuG1812G0500004097.01",3,2,0,4,2924,"Lysosome biogenesis","KEGG"
"TuG1812G0500004211.01",2,2,3,3,1464,"Glycosylphosphatidylinositol","KEGG"
"TuG1812G0500004211.01",2,2,3,3,1464,"Metabolic pathways","KEGG"
"TuG1812G0500004214.01",1,1,1,3,1994,"Motor proteins","KEGG"
"TuG1812G0500004301.01",0,2,1,1,639,"Metabolic pathways","KEGG"
"TuG1812G0500004301.01",0,2,1,1,639,"Oxidative phosphorylation","KEGG"
"TuG1812G0500004339.01",0,1,1,4,1683,"Biosynthesis of secondary metabolites","KEGG"
"TuG1812G0500004339.01",0,1,1,4,1683,"Carbon metabolism","KEGG"
"TuG1812G0500004339.01",0,1,1,4,1683,"Citrate cycle","KEGG"
"TuG1812G0500004339.01",0,1,1,4,1683,"Metabolic pathways","KEGG"
"TuG1812G0500004339.01",0,1,1,4,1683,"Oxidative phosphorylation","KEGG"
"TuG1812G0500004350.01",1,1,0,0,1796,"Glycosylphosphatidylinositol","KEGG"
"TuG1812G0500004350.01",1,1,0,0,1796,"Metabolic pathways","KEGG"
"TuG1812G0500004403.01",2,2,5,4,711,"Fatty acid and lipid metabolism","Reactome"
"TuG1812G0500004403.01",2,2,5,4,711,"Metabolism and regulation","Reactome"
"TuG1812G0500004403.01",2,2,5,4,711,"Sphingolipid metabolism","Reactome"
"TuG1812G0500004471.01",0,3,4,7,930,"Efferocytosis","KEGG"
"TuG1812G0500004732.01",0,1,2,1,2087,"mRNA surveillance pathway","KEGG"
"TuG1812G0500004901.01",0,3,0,1,1917,"Endocytosis","KEGG"
"TuG1812G0500004901.01",0,3,0,1,1917,"Protein processing in endoplasmic reticulum","KEGG"
"TuG1812G0500004901.01",0,3,0,1,1917,"Spliceosome","KEGG"
"TuG1812G0500005016.01",1,3,0,3,2413,"Anther and pollen development","Reactome"
"TuG1812G0500005016.01",1,3,0,3,2413,"Growth and developmental processes","Reactome"
"TuG1812G0500005016.01",1,3,0,3,2413,"Reproductive structure development","Reactome"
"TuG1812G0500005212.01",0,1,0,0,420,"Ribosome","KEGG"
"TuG1812G0600000027.01",8,34,1,4,1158,"Metabolism and regulation","Reactome"
"TuG1812G0600000027.01",8,34,1,4,1158,"Photorespiration","Reactome"
"TuG1812G0600000079.01",0,8,4,38,1785,"RNA degradation","KEGG"
"TuG1812G0600000378.01",2,19,0,10,1404,"Biosynthesis of secondary metabolites","KEGG"
"TuG1812G0600000378.01",2,19,0,10,1404,"Carbon metabolism","KEGG"
"TuG1812G0600000378.01",2,19,0,10,1404,"Glyoxylate and dicarboxylate metabolism","KEGG"
"TuG1812G0600000378.01",2,19,0,10,1404,"MAPK signaling pathway - plant","KEGG"
"TuG1812G0600000378.01",2,19,0,10,1404,"Metabolic pathways","KEGG"
"TuG1812G0600000378.01",2,19,0,10,1404,"Peroxisome","KEGG"
"TuG1812G0600000378.01",2,19,0,10,1404,"Tryptophan metabolism","KEGG"
"TuG1812G0600000744.01",1,1,6,5,831,"Amino sugar and nucleotide sugar metabolism","KEGG"
"TuG1812G0600000744.01",1,1,6,5,831,"Ascorbate and aldarate metabolism","KEGG"
"TuG1812G0600000744.01",1,1,6,5,831,"Biosynthesis of nucleotide sugars","KEGG"
"TuG1812G0600000744.01",1,1,6,5,831,"Carbohydrate metabolism","Reactome"
"TuG1812G0600000744.01",1,1,6,5,831,"Metabolic pathways","KEGG"
"TuG1812G0600000744.01",1,1,6,5,831,"Metabolism and regulation","Reactome"
"TuG1812G0600000744.01",1,1,6,5,831,"Pentose and glucuronate interconversions","KEGG"
"TuG1812G0600000744.01",1,1,6,5,831,"UDP-D-glucuronate biosynthesis (from myo-inositol)","Reactome"
"TuG1812G0600000859.01",0,3,0,2,1387,"Biosynthesis of cofactors","KEGG"
"TuG1812G0600000859.01",0,3,0,2,1387,"Biosynthesis of secondary metabolites","KEGG"
"TuG1812G0600000859.01",0,3,0,2,1387,"Metabolic pathways","KEGG"
"TuG1812G0600000859.01",0,3,0,2,1387,"Nucleotide metabolism","KEGG"
"TuG1812G0600000859.01",0,3,0,2,1387,"Purine metabolism","KEGG"
"TuG1812G0600000859.01",0,3,0,2,1387,"Thiamine metabolism","KEGG"
"TuG1812G0600000886.01",1,1,1,1,1054,"Biosynthesis of amino acids","KEGG"
"TuG1812G0600000886.01",1,1,1,1,1054,"Biosynthesis of secondary metabolites","KEGG"
"TuG1812G0600000886.01",1,1,1,1,1054,"Carbon metabolism","KEGG"
"TuG1812G0600000886.01",1,1,1,1,1054,"Metabolic pathways","KEGG"
"TuG1812G0600000886.01",1,1,1,1,1054,"Metabolism and regulation","Reactome"
"TuG1812G0600000886.01",1,1,1,1,1054,"Nucleotide metabolism","Reactome"
"TuG1812G0600000886.01",1,1,1,1,1054,"PRPP biosynthesis I","Reactome"
"TuG1812G0600000886.01",1,1,1,1,1054,"Pentose phosphate pathway","KEGG"
"TuG1812G0600000886.01",1,1,1,1,1054,"Purine metabolism","KEGG"
"TuG1812G0600000994.01",0,2,0,0,1151,"Biosynthesis of cofactors","KEGG"
"TuG1812G0600000994.01",0,2,0,0,1151,"Biosynthesis of secondary metabolites","KEGG"
"TuG1812G0600000994.01",0,2,0,0,1151,"Metabolic pathways","KEGG"
"TuG1812G0600000994.01",0,2,0,0,1151,"Oxidative phosphorylation","KEGG"
"TuG1812G0600000994.01",0,2,0,0,1151,"Porphyrin metabolism","KEGG"
"TuG1812G0600001164.01",0,1,0,5,693,"Biosynthesis of amino acids","KEGG"
"TuG1812G0600001164.01",0,1,0,5,693,"Biosynthesis of secondary metabolites","KEGG"
"TuG1812G0600001164.01",0,1,0,5,693,"Carbon metabolism","KEGG"
"TuG1812G0600001164.01",0,1,0,5,693,"Glycine, serine and threonine metabolism","KEGG"
"TuG1812G0600001164.01",0,1,0,5,693,"Glycolysis / Gluconeogenesis","KEGG"
"TuG1812G0600001164.01",0,1,0,5,693,"Metabolic pathways","KEGG"
"TuG1812G0600001261.01",0,3,0,1,1203,"Amino acid biosynthesis","Reactome"
"TuG1812G0600001261.01",0,3,0,1,1203,"Amino acid metabolism","Reactome"
"TuG1812G0600001261.01",0,3,0,1,1203,"Biosynthesis of amino acids","KEGG"
"TuG1812G0600001261.01",0,3,0,1,1203,"Biosynthesis of secondary metabolites","KEGG"
"TuG1812G0600001261.01",0,3,0,1,1203,"D-Amino acid metabolism","KEGG"
"TuG1812G0600001261.01",0,3,0,1,1203,"Lysine biosynthesis","KEGG"
"TuG1812G0600001261.01",0,3,0,1,1203,"Lysine biosynthesis I","Reactome"
"TuG1812G0600001261.01",0,3,0,1,1203,"Lysine biosynthesis II","Reactome"
"TuG1812G0600001261.01",0,3,0,1,1203,"Lysine biosynthesis VI","Reactome"
"TuG1812G0600001261.01",0,3,0,1,1203,"Metabolic pathways","KEGG"
"TuG1812G0600001261.01",0,3,0,1,1203,"Metabolism and regulation","Reactome"
"TuG1812G0600001393.01",2,1,0,0,804,"Biosynthesis of secondary metabolites","KEGG"
"TuG1812G0600001393.01",2,1,0,0,804,"Metabolic pathways","KEGG"
"TuG1812G0600001393.01",2,1,0,0,804,"Nicotinate and nicotinamide metabolism","KEGG"
"TuG1812G0600001393.01",2,1,0,0,804,"Nucleotide metabolism","KEGG"
"TuG1812G0600001393.01",2,1,0,0,804,"Purine metabolism","KEGG"
"TuG1812G0600001393.01",2,1,0,0,804,"Pyrimidine metabolism","KEGG"
"TuG1812G0600001521.01",0,1,0,0,1101,"Nucleotide excision repair","KEGG"
"TuG1812G0600001521.01",0,1,0,0,1101,"Protein processing in endoplasmic reticulum","KEGG"
"TuG1812G0600001812.01",0,1,0,4,1226,"Cornified envelope formation","KEGG"
"TuG1812G0600001812.01",0,1,0,4,1226,"mRNA surveillance pathway","KEGG"
"TuG1812G0600001835.01",0,2,1,8,1259,"Amino acid catabolism","Reactome"
"TuG1812G0600001835.01",0,2,1,8,1259,"Amino acid metabolism","Reactome"
"TuG1812G0600001835.01",0,2,1,8,1259,"Metabolic pathways","KEGG"
"TuG1812G0600001835.01",0,2,1,8,1259,"Metabolism and regulation","Reactome"
"TuG1812G0600001835.01",0,2,1,8,1259,"Tyrosine metabolism","KEGG"
"TuG1812G0600001835.01",0,2,1,8,1259,"tyrosine degradation I","Reactome"
"TuG1812G0600002010.01",1,1,0,2,1320,"Biosynthesis of secondary metabolites","KEGG"
"TuG1812G0600002010.01",1,1,0,2,1320,"Carbon metabolism","KEGG"
"TuG1812G0600002010.01",1,1,0,2,1320,"Glutathione metabolism","KEGG"
"TuG1812G0600002010.01",1,1,0,2,1320,"Metabolic pathways","KEGG"
"TuG1812G0600002010.01",1,1,0,2,1320,"Pentose phosphate pathway","KEGG"
"TuG1812G0600002027.01",0,1,2,0,687,"Endocytosis","KEGG"
"TuG1812G0600002027.01",0,1,2,0,687,"Viral life cycle - HIV-1","KEGG"
"TuG1812G0600002074.01",0,1,0,0,564,"Endocytosis","KEGG"
"TuG1812G0600002074.01",0,1,0,0,564,"Lysosome biogenesis","KEGG"
"TuG1812G0600002129.01",0,1,0,0,552,"Peroxisome","KEGG"
"TuG1812G0600002354.01",0,1,0,1,1086,"2-Oxocarboxylic acid metabolism","KEGG"
"TuG1812G0600002354.01",0,1,0,1,1086,"Amino acid biosynthesis","Reactome"
"TuG1812G0600002354.01",0,1,0,1,1086,"Amino acid metabolism","Reactome"
"TuG1812G0600002354.01",0,1,0,1,1086,"Biosynthesis of amino acids","KEGG"
"TuG1812G0600002354.01",0,1,0,1,1086,"Biosynthesis of secondary metabolites","KEGG"
"TuG1812G0600002354.01",0,1,0,1,1086,"Carbon metabolism","KEGG"
"TuG1812G0600002354.01",0,1,0,1,1086,"Citrate cycle","KEGG"
"TuG1812G0600002354.01",0,1,0,1,1086,"Generation of precursor metabolites and energy","Reactome"
"TuG1812G0600002354.01",0,1,0,1,1086,"Leucine biosynthesis","Reactome"
"TuG1812G0600002354.01",0,1,0,1,1086,"Metabolic pathways","KEGG"
"TuG1812G0600002354.01",0,1,0,1,1086,"Metabolism and regulation","Reactome"
"TuG1812G0600002354.01",0,1,0,1,1086,"TCA cycle (plant)","Reactome"
"TuG1812G0600002376.01",0,1,1,1,1171,"Polycomb repressive complex","KEGG"
"TuG1812G0600002414.01",0,1,0,2,1312,"Carbohydrate metabolism","Reactome"
"TuG1812G0600002414.01",0,1,0,2,1312,"Metabolism and regulation","Reactome"
"TuG1812G0600002414.01",0,1,0,2,1312,"Xyloglucan biosynthesis","Reactome"
"TuG1812G0600002593.01",0,3,0,2,2289,"Endocytosis","KEGG"
"TuG1812G0600002606.01",1,1,1,2,1029,"Metabolic pathways","KEGG"
"TuG1812G0600002606.01",1,1,1,2,1029,"Nucleotide metabolism","KEGG"
"TuG1812G0600002606.01",1,1,1,2,1029,"Purine metabolism","KEGG"
"TuG1812G0600002624.01",0,1,2,3,1959,"Circadian rhythm","Reactome"
"TuG1812G0600002624.01",0,1,2,3,1959,"Circadian rhythm - plant","KEGG"
"TuG1812G0600002662.01",0,2,0,3,1577,"Aminoacyl-tRNA biosynthesis","KEGG"
"TuG1812G0600002784.01",0,1,0,10,1068,"Amino acid metabolism","Reactome"
"TuG1812G0600002784.01",0,1,0,10,1068,"Biosynthesis of amino acids","KEGG"
"TuG1812G0600002784.01",0,1,0,10,1068,"Biosynthesis of cofactors","KEGG"
"TuG1812G0600002784.01",0,1,0,10,1068,"Biosynthesis of secondary metabolites","KEGG"
"TuG1812G0600002784.01",0,1,0,10,1068,"Biosynthesis of various plant secondary metabolites; Including: Crocin biosynthesis, Ginsenoside biosynthesis, Saponin adjuvant biosynthesis, Cannabidiol biosynthesis, Mugineic acid biosynthesis, Pentagalloylglucose biosynthesis, Benzoxazinoid biosynthesis, Gramine biosynthesis, Coumarin biosynthesis, Furanocoumarin biosynthesis, Hordatine biosynthesis, Podophyllotoxin biosynthesis","KEGG"
"TuG1812G0600002784.01",0,1,0,10,1068,"Cysteine and methionine metabolism","KEGG"
"TuG1812G0600002784.01",0,1,0,10,1068,"Ethylene biosynthesis and signaling","Reactome"
"TuG1812G0600002784.01",0,1,0,10,1068,"Ethylene biosynthesis from methionine","Reactome"
"TuG1812G0600002784.01",0,1,0,10,1068,"Hormone signaling, transport, and metabolism","Reactome"
"TuG1812G0600002784.01",0,1,0,10,1068,"Metabolic pathways","KEGG"
"TuG1812G0600002784.01",0,1,0,10,1068,"Metabolism and regulation","Reactome"
"TuG1812G0600002784.01",0,1,0,10,1068,"Methionine salvage pathway","Reactome"
"TuG1812G0600002784.01",0,1,0,10,1068,"One carbon pool by folate","KEGG"
"TuG1812G0600002784.01",0,1,0,10,1068,"S-adenosyl-L-methionine cycle","Reactome"
"TuG1812G0600002874.01",0,1,0,15,1275,"Biosynthesis of secondary metabolites","KEGG"
"TuG1812G0600002874.01",0,1,0,15,1275,"Terpenoid backbone biosynthesis","KEGG"
"TuG1812G0600002912.01",2,2,3,6,1353,"Metabolic pathways","KEGG"
"TuG1812G0600002912.01",2,2,3,6,1353,"N-Glycan biosynthesis","KEGG"
"TuG1812G0600003007.01",0,1,2,1,1025,"Gravitropism under normal or artificial gravity environments","Reactome"
"TuG1812G0600003007.01",0,1,2,1,1025,"Responses to stimuli: abiotic stimuli and stresses","Reactome"
"TuG1812G0600003007.01",0,1,2,1,1025,"Root angle formation: elongation and curvature response","Reactome"
"TuG1812G0600003007.01",0,1,2,1,1025,"Root gravitropism","Reactome"
"TuG1812G0600003023.01",0,2,0,1,1523,"Metabolic pathways","KEGG"
"TuG1812G0600003023.01",0,2,0,1,1523,"Nucleotide metabolism","KEGG"
"TuG1812G0600003023.01",0,2,0,1,1523,"Pyrimidine metabolism","KEGG"
"TuG1812G0600003050.01",2,1,0,0,2035,"Protein processing in endoplasmic reticulum","KEGG"
"TuG1812G0600003084.01",0,4,2,2,1080,"Biosynthesis of unsaturated fatty acids","KEGG"
"TuG1812G0600003084.01",0,4,2,2,1080,"Fatty acid and lipid metabolism","Reactome"
"TuG1812G0600003084.01",0,4,2,2,1080,"Fatty acid metabolism","KEGG"
"TuG1812G0600003084.01",0,4,2,2,1080,"Glycolipid desaturation","Reactome"
"TuG1812G0600003084.01",0,4,2,2,1080,"Metabolic pathways","KEGG"
"TuG1812G0600003084.01",0,4,2,2,1080,"Metabolism and regulation","Reactome"
"TuG1812G0600003354.01",0,1,0,6,1080,"2-Oxocarboxylic acid metabolism","KEGG"
"TuG1812G0600003354.01",0,1,0,6,1080,"Biosynthesis of secondary metabolites","KEGG"
"TuG1812G0600003354.01",0,1,0,6,1080,"Carbon metabolism","KEGG"
"TuG1812G0600003354.01",0,1,0,6,1080,"Citrate cycle","KEGG"
"TuG1812G0600003354.01",0,1,0,6,1080,"Glycolysis / Gluconeogenesis","KEGG"
"TuG1812G0600003354.01",0,1,0,6,1080,"Lipoic acid metabolism","KEGG"
"TuG1812G0600003354.01",0,1,0,6,1080,"Metabolic pathways","KEGG"
"TuG1812G0600003354.01",0,1,0,6,1080,"Pyruvate metabolism","KEGG"
"TuG1812G0600003527.01",0,2,0,2,706,"Oxidative phosphorylation","KEGG"
"TuG1812G0600003649.01",2,2,4,9,2169,"Fanconi anemia pathway","KEGG"
"TuG1812G0600003649.01",2,2,4,9,2169,"Homologous recombination","KEGG"
"TuG1812G0600003673.01",0,3,8,51,2869,"Amino acid catabolism","Reactome"
"TuG1812G0600003673.01",0,3,8,51,2869,"Amino acid metabolism","Reactome"
"TuG1812G0600003673.01",0,3,8,51,2869,"Biosynthesis of secondary metabolites","KEGG"
"TuG1812G0600003673.01",0,3,8,51,2869,"Lysine degradation","KEGG"
"TuG1812G0600003673.01",0,3,8,51,2869,"Lysine degradation II","Reactome"
"TuG1812G0600003673.01",0,3,8,51,2869,"Metabolic pathways","KEGG"
"TuG1812G0600003673.01",0,3,8,51,2869,"Metabolism and regulation","Reactome"
"TuG1812G0600003712.01",0,1,0,4,1193,"Biosynthesis of secondary metabolites","KEGG"
"TuG1812G0600003712.01",0,1,0,4,1193,"Glycerolipid metabolism","KEGG"
"TuG1812G0600003712.01",0,1,0,4,1193,"Glycerophospholipid metabolism","KEGG"
"TuG1812G0600003712.01",0,1,0,4,1193,"Metabolic pathways","KEGG"
"TuG1812G0600003712.01",0,1,0,4,1193,"Phosphatidylinositol signaling system","KEGG"
"TuG1812G0600004057.01",0,7,0,2,873,"RNA degradation","KEGG"
"TuG1812G0600004375.01",0,5,0,7,1113,"Ascorbate and aldarate metabolism","KEGG"
"TuG1812G0600004375.01",0,5,0,7,1113,"Glutathione metabolism","KEGG"
"TuG1812G0600004375.01",0,5,0,7,1113,"Metabolic pathways","KEGG"
"TuG1812G0700000144.01",1,6,0,2,1518,"2-Oxocarboxylic acid metabolism","KEGG"
"TuG1812G0700000144.01",1,6,0,2,1518,"Biosynthesis of secondary metabolites","KEGG"
"TuG1812G0700000144.01",1,6,0,2,1518,"Carbon metabolism","KEGG"
"TuG1812G0700000144.01",1,6,0,2,1518,"Citrate cycle","KEGG"
"TuG1812G0700000144.01",1,6,0,2,1518,"Glycolysis / Gluconeogenesis","KEGG"
"TuG1812G0700000144.01",1,6,0,2,1518,"Lipoic acid metabolism","KEGG"
"TuG1812G0700000144.01",1,6,0,2,1518,"Metabolic pathways","KEGG"
"TuG1812G0700000144.01",1,6,0,2,1518,"Pyruvate metabolism","KEGG"
"TuG1812G0700000770.01",8,4,1,3,1987,"Biosynthesis of amino acids","KEGG"
"TuG1812G0700000770.01",8,4,1,3,1987,"Biosynthesis of secondary metabolites","KEGG"
"TuG1812G0700000770.01",8,4,1,3,1987,"Calvin cycle","Reactome"
"TuG1812G0700000770.01",8,4,1,3,1987,"Carbohydrate metabolism","Reactome"
"TuG1812G0700000770.01",8,4,1,3,1987,"Carbon fixation by Calvin cycle","KEGG"
"TuG1812G0700000770.01",8,4,1,3,1987,"Carbon metabolism","KEGG"
"TuG1812G0700000770.01",8,4,1,3,1987,"Metabolic pathways","KEGG"
"TuG1812G0700000770.01",8,4,1,3,1987,"Metabolism and regulation","Reactome"
"TuG1812G0700000770.01",8,4,1,3,1987,"Pentose phosphate pathway","KEGG"
"TuG1812G0700000913.01",0,1,2,18,1173,"Spliceosome","KEGG"
"TuG1812G0700001191.01",1,1,3,0,1213,"Fatty acid biosynthesis","KEGG"
"TuG1812G0700001191.01",1,1,3,0,1213,"Fatty acid degradation","KEGG"
"TuG1812G0700001191.01",1,1,3,0,1213,"Fatty acid metabolism","KEGG"
"TuG1812G0700001191.01",1,1,3,0,1213,"Metabolic pathways","KEGG"
"TuG1812G0700001191.01",1,1,3,0,1213,"Peroxisome","KEGG"
"TuG1812G0700001309.01",0,8,0,45,6876,"Spliceosome","KEGG"
"TuG1812G0700001310.01",2,2,1,7,2016,"Lysosome biogenesis","KEGG"
"TuG1812G0700001344.01",3,3,0,5,2154,"Lysine degradation","KEGG"
"TuG1812G0700001344.01",3,3,0,5,2154,"Metabolic pathways","KEGG"
"TuG1812G0700001344.01",3,3,0,5,2154,"Polycomb repressive complex","KEGG"
"TuG1812G0700001351.01",13,33,0,1,1321,"Biosynthesis of cofactors","KEGG"
"TuG1812G0700001351.01",13,33,0,1,1321,"Biosynthesis of secondary metabolites","KEGG"
"TuG1812G0700001351.01",13,33,0,1,1321,"Metabolic pathways","KEGG"
"TuG1812G0700001351.01",13,33,0,1,1321,"Porphyrin metabolism","KEGG"
"TuG1812G0700001529.01",2,2,1,4,1887,"Plant hormone signal transduction","KEGG"
"TuG1812G0700001539.01",0,4,0,4,3840,"ATP-dependent chromatin remodeling","KEGG"
"TuG1812G0700001580.01",2,4,18,21,4379,"Nucleocytoplasmic transport","KEGG"
"TuG1812G0700001652.01",1,3,2,26,2364,"Biosynthesis of secondary metabolites","KEGG"
"TuG1812G0700001652.01",1,3,2,26,2364,"Carbohydrate metabolism","Reactome"
"TuG1812G0700001652.01",1,3,2,26,2364,"Galactose degradation II","Reactome"
"TuG1812G0700001652.01",1,3,2,26,2364,"Metabolic pathways","KEGG"
"TuG1812G0700001652.01",1,3,2,26,2364,"Metabolism and regulation","Reactome"
"TuG1812G0700001652.01",1,3,2,26,2364,"Starch and sucrose metabolism","KEGG"
"TuG1812G0700001652.01",1,3,2,26,2364,"Sucrose biosynthesis","Reactome"
"TuG1812G0700001760.01",1,5,0,6,2731,"MAPK signaling pathway - plant","KEGG"
"TuG1812G0700001777.01",4,2,1,5,1849,"Biosynthesis of cofactors","KEGG"
"TuG1812G0700001777.01",4,2,1,5,1849,"Metabolic pathways","KEGG"
"TuG1812G0700001777.01",4,2,1,5,1849,"Pantothenate and CoA biosynthesis","KEGG"
"TuG1812G0700002189.01",20,5,7,14,4803,"Inositol phosphate metabolism","KEGG"
"TuG1812G0700002189.01",20,5,7,14,4803,"Lysosome biogenesis","KEGG"
"TuG1812G0700002189.01",20,5,7,14,4803,"Metabolic pathways","KEGG"
"TuG1812G0700002189.01",20,5,7,14,4803,"Phagosome","KEGG"
"TuG1812G0700002189.01",20,5,7,14,4803,"Phosphatidylinositol signaling system","KEGG"
"TuG1812G0700002208.01",5,5,6,6,5540,"Autophagy - other","KEGG"
"TuG1812G0700002213.01",0,1,0,1,1221,"Nucleotide excision repair","KEGG"
"TuG1812G0700002213.01",0,1,0,1,1221,"Protein processing in endoplasmic reticulum","KEGG"
"TuG1812G0700002426.01",0,1,0,2,696,"Metabolic pathways","KEGG"
"TuG1812G0700002426.01",0,1,0,2,696,"Photosynthesis - antenna proteins","KEGG"
"TuG1812G0700002529.01",2,2,3,5,3070,"Metabolic pathways","KEGG"
"TuG1812G0700002529.01",2,2,3,5,3070,"N-Glycan biosynthesis","KEGG"
"TuG1812G0700002529.01",2,2,3,5,3070,"Various types of N-glycan biosynthesis","KEGG"
"TuG1812G0700002790.01",0,2,0,2,1843,"Aminoacyl-tRNA biosynthesis","KEGG"
"TuG1812G0700002890.01",0,1,1,0,1416,"Biosynthesis of cofactors","KEGG"
"TuG1812G0700002890.01",0,1,1,0,1416,"Biosynthesis of secondary metabolites","KEGG"
"TuG1812G0700002890.01",0,1,1,0,1416,"Cofactor biosyntheses","Reactome"
"TuG1812G0700002890.01",0,1,1,0,1416,"Metabolic pathways","KEGG"
"TuG1812G0700002890.01",0,1,1,0,1416,"Metabolism and regulation","Reactome"
"TuG1812G0700002890.01",0,1,1,0,1416,"Porphyrin metabolism","KEGG"
"TuG1812G0700002890.01",0,1,1,0,1416,"Tetrapyrrole biosynthesis I","Reactome"
"TuG1812G0700002892.01",0,1,0,10,781,"Proteasome","KEGG"
"TuG1812G0700002913.01",0,2,0,1,957,"Biosynthesis of secondary metabolites","KEGG"
"TuG1812G0700002913.01",0,2,0,1,957,"Carbon metabolism","KEGG"
"TuG1812G0700002913.01",0,2,0,1,957,"Metabolic pathways","KEGG"
"TuG1812G0700002913.01",0,2,0,1,957,"Pentose phosphate pathway","KEGG"
"TuG1812G0700002928.01",0,1,0,0,627,"Ribosome","KEGG"
"TuG1812G0700002977.01",1,1,3,2,2557,"mRNA surveillance pathway","KEGG"
"TuG1812G0700003189.01",0,1,1,2,1962,"RNA degradation","KEGG"
"TuG1812G0700003189.01",0,1,1,2,1962,"mRNA surveillance pathway","KEGG"
"TuG1812G0700003193.01",1,1,2,2,2444,"Inositol phosphate metabolism","KEGG"
"TuG1812G0700003193.01",1,1,2,2,2444,"Metabolic pathways","KEGG"
"TuG1812G0700003193.01",1,1,2,2,2444,"Phosphatidylinositol signaling system","KEGG"
"TuG1812G0700003206.01",2,3,3,2,2880,"Motor proteins","KEGG"
"TuG1812G0700003268.01",0,2,1,5,5052,"Nucleotide excision repair","KEGG"
"TuG1812G0700003268.01",0,2,1,5,5052,"RNA polymerase","KEGG"
"TuG1812G0700003425.01",0,2,0,2,1155,"Amino acid biosynthesis","Reactome"
"TuG1812G0700003425.01",0,2,0,2,1155,"Amino acid metabolism","Reactome"
"TuG1812G0700003425.01",0,2,0,2,1155,"Biosynthesis of amino acids","KEGG"
"TuG1812G0700003425.01",0,2,0,2,1155,"Biosynthesis of secondary metabolites","KEGG"
"TuG1812G0700003425.01",0,2,0,2,1155,"Glycine, serine and threonine metabolism","KEGG"
"TuG1812G0700003425.01",0,2,0,2,1155,"Metabolic pathways","KEGG"
"TuG1812G0700003425.01",0,2,0,2,1155,"Metabolism and regulation","Reactome"
"TuG1812G0700003425.01",0,2,0,2,1155,"Phenylalanine, tyrosine and tryptophan biosynthesis","KEGG"
"TuG1812G0700003425.01",0,2,0,2,1155,"Tryptophan biosynthesis","Reactome"
"TuG1812G0700003640.01",0,2,0,0,717,"Auxin signalling","Reactome"
"TuG1812G0700003640.01",0,2,0,0,717,"Growth and developmental processes","Reactome"
"TuG1812G0700003640.01",0,2,0,0,717,"Hormone signaling, transport, and metabolism","Reactome"
"TuG1812G0700003640.01",0,2,0,0,717,"Metabolism and regulation","Reactome"
"TuG1812G0700003640.01",0,2,0,0,717,"Plant hormone signal transduction","KEGG"
"TuG1812G0700003640.01",0,2,0,0,717,"Regulation of seed size","Reactome"
"TuG1812G0700003640.01",0,2,0,0,717,"Reproductive structure development","Reactome"
"TuG1812G0700003640.01",0,2,0,0,717,"Seed development","Reactome"
"TuG1812G0700003768.01",2,2,1,11,1989,"Carbon fixation by Calvin cycle","KEGG"
"TuG1812G0700003768.01",2,2,1,11,1989,"Carbon metabolism","KEGG"
"TuG1812G0700003768.01",2,2,1,11,1989,"Metabolic pathways","KEGG"
"TuG1812G0700003768.01",2,2,1,11,1989,"Pyruvate metabolism","KEGG"
"TuG1812G0700003830.01",4,2,4,5,1681,"RNA polymerase","KEGG"
"TuG1812G0700003834.01",0,1,1,0,393,"Ribosome","KEGG"
"TuG1812G0700004068.01",0,3,0,5,1192,"Proteasome","KEGG"
"TuG1812G0700004155.01",8,2,4,23,1182,"Biosynthesis of secondary metabolites","KEGG"
"TuG1812G0700004155.01",8,2,4,23,1182,"Carbon fixation by Calvin cycle","KEGG"
"TuG1812G0700004155.01",8,2,4,23,1182,"Carbon metabolism","KEGG"
"TuG1812G0700004155.01",8,2,4,23,1182,"Citrate cycle","KEGG"
"TuG1812G0700004155.01",8,2,4,23,1182,"Cysteine and methionine metabolism","KEGG"
"TuG1812G0700004155.01",8,2,4,23,1182,"Glyoxylate and dicarboxylate metabolism","KEGG"
"TuG1812G0700004155.01",8,2,4,23,1182,"Metabolic pathways","KEGG"
"TuG1812G0700004155.01",8,2,4,23,1182,"Pyruvate metabolism","KEGG"
"TuG1812G0700004155.01",8,2,4,23,1182,"Sulfoquinovose metabolism","KEGG"
"TuG1812G0700004198.01",1,10,0,5,2530,"Spliceosome","KEGG"
"TuG1812G0700004435.01",1,2,1,14,1824,"Biosynthesis of secondary metabolites","KEGG"
"TuG1812G0700004435.01",1,2,1,14,1824,"Citrate cycle","KEGG"
"TuG1812G0700004435.01",1,2,1,14,1824,"Metabolic pathways","KEGG"
"TuG1812G0700004457.01",6,30,4,19,940,"Biosynthesis of secondary metabolites","KEGG"
"TuG1812G0700004457.01",6,30,4,19,940,"Hormone signaling, transport, and metabolism","Reactome"
"TuG1812G0700004457.01",6,30,4,19,940,"Jasmonic acid biosynthesis","Reactome"
"TuG1812G0700004457.01",6,30,4,19,940,"Jasmonic acid signaling","Reactome"
"TuG1812G0700004457.01",6,30,4,19,940,"Metabolic pathways","KEGG"
"TuG1812G0700004457.01",6,30,4,19,940,"Metabolism and regulation","Reactome"
"TuG1812G0700004457.01",6,30,4,19,940,"alpha-Linolenic acid metabolism","KEGG"
"TuG1812G0700004545.01",6,3,8,9,1773,"Amino sugar and nucleotide sugar metabolism","KEGG"
"TuG1812G0700004545.01",6,3,8,9,1773,"Ascorbate and aldarate metabolism","KEGG"
"TuG1812G0700004545.01",6,3,8,9,1773,"Biosynthesis of nucleotide sugars","KEGG"
"TuG1812G0700004545.01",6,3,8,9,1773,"Biosynthesis of secondary metabolites","KEGG"
"TuG1812G0700004545.01",6,3,8,9,1773,"Biosynthesis of various nucleotide sugars","KEGG"
"TuG1812G0700004545.01",6,3,8,9,1773,"Carbohydrate metabolism","Reactome"
"TuG1812G0700004545.01",6,3,8,9,1773,"Galactose metabolism","KEGG"
"TuG1812G0700004545.01",6,3,8,9,1773,"Metabolic pathways","KEGG"
"TuG1812G0700004545.01",6,3,8,9,1773,"Metabolism and regulation","Reactome"
"TuG1812G0700004545.01",6,3,8,9,1773,"Pentose and glucuronate interconversions","KEGG"
"TuG1812G0700004545.01",6,3,8,9,1773,"UDP-D-glucuronate biosynthesis (from myo-inositol)","Reactome"
"TuG1812G0700004545.01",6,3,8,9,1773,"UDP-L-arabinose biosynthesis and transport","Reactome"
"TuG1812G0700004683.01",0,3,0,11,1733,"Circadian rhythm","Reactome"
"TuG1812G0700004683.01",0,3,0,11,1733,"Circadian rhythm - plant","KEGG"
"TuG1812G0700004898.01",0,1,1,0,847,"Protein processing in endoplasmic reticulum","KEGG"
"TuG1812G0700004981.01",0,1,1,4,1644,"Lysosome biogenesis","KEGG"
"TuG1812G0700005150.01",1,2,4,8,1054,"Efferocytosis","KEGG"
"TuG1812G0700005254.01",0,2,2,6,741,"Ubiquitin mediated proteolysis","KEGG"
"TuG1812G0700005336.01",0,3,1,7,1086,"Biosynthesis of cofactors","KEGG"
"TuG1812G0700005336.01",0,3,1,7,1086,"Biosynthesis of secondary metabolites","KEGG"
"TuG1812G0700005336.01",0,3,1,7,1086,"Cofactor biosyntheses","Reactome"
"TuG1812G0700005336.01",0,3,1,7,1086,"Metabolic pathways","KEGG"
"TuG1812G0700005336.01",0,3,1,7,1086,"Metabolism and regulation","Reactome"
"TuG1812G0700005336.01",0,3,1,7,1086,"Ubiquinone and other terpenoid-quinone biosynthesis","KEGG"
"TuG1812G0700005336.01",0,3,1,7,1086,"Vitamin E biosynthesis","Reactome"
"TuG1812G0700005569.01",2,2,5,13,870,"Protein processing in endoplasmic reticulum","KEGG"
"TuG1812G0700005585.01",0,4,2,22,2773,"Biosynthesis of secondary metabolites","KEGG"
"TuG1812G0700005585.01",0,4,2,22,2773,"Metabolic pathways","KEGG"
"TuG1812G0700005585.01",0,4,2,22,2773,"Starch and sucrose metabolism","KEGG"
"TuG1812G0700005601.01",1,4,1,11,1218,"Ribosome","KEGG"
"TuG1812G0700005625.01",0,2,0,2,603,"Endocytosis","KEGG"
"TuG1812G0700005625.01",0,2,0,2,603,"Virion - Hepatitis viruses","KEGG"
"TuG1812G0700005865.01",2,1,3,2,1776,"Amino sugar and nucleotide sugar metabolism","KEGG"
"TuG1812G0700005865.01",2,1,3,2,1776,"Metabolic pathways","KEGG"
