"gene_id","PN","PS","DN","DS","length","pathway_name","source"
"Ammut_EIv1.0_0003110",0,42,0,10,1033,"Motor proteins","KEGG"
"Ammut_EIv1.0_0004070",9,45,7,15,1120,"Biosynthesis of secondary metabolites","KEGG"
"Ammut_EIv1.0_0004070",9,45,7,15,1120,"Cardiolipin biosynthesis","Reactome"
"Ammut_EIv1.0_0004070",9,45,7,15,1120,"Fatty acid and lipid metabolism","Reactome"
"Ammut_EIv1.0_0004070",9,45,7,15,1120,"Glycerophospholipid metabolism","KEGG"
"Ammut_EIv1.0_0004070",9,45,7,15,1120,"Metabolic pathways","KEGG"
"Ammut_EIv1.0_0004070",9,45,7,15,1120,"Metabolism and regulation","Reactome"
"Ammut_EIv1.0_0004070",9,45,7,15,1120,"Phosphatidylinositol signaling system","KEGG"
"Ammut_EIv1.0_0004070",9,45,7,15,1120,"Phospholipid biosynthesis I","Reactome"
"Ammut_EIv1.0_0008220",9,48,3,7,1616,"Basal transcription factors","KEGG"
"Ammut_EIv1.0_0013120",3,64,3,14,1666,"Amino sugar and nucleotide sugar metabolism","KEGG"
"Ammut_EIv1.0_0013120",3,64,3,14,1666,"Ascorbate biosynthesis","Reactome"
"Ammut_EIv1.0_0013120",3,64,3,14,1666,"Biosynthesis of nucleotide sugars","KEGG"
"Ammut_EIv1.0_0013120",3,64,3,14,1666,"Biosynthesis of secondary metabolites","KEGG"
"Ammut_EIv1.0_0013120",3,64,3,14,1666,"Carbohydrate metabolism","Reactome"
"Ammut_EIv1.0_0013120",3,64,3,14,1666,"Carbon metabolism","KEGG"
"Ammut_EIv1.0_0013120",3,64,3,14,1666,"Cofactor biosyntheses","Reactome"
"Ammut_EIv1.0_0013120",3,64,3,14,1666,"Cytosolic glycolysis","Reactome"
"Ammut_EIv1.0_0013120",3,64,3,14,1666,"Glycolysis / Gluconeogenesis","KEGG"
"Ammut_EIv1.0_0013120",3,64,3,14,1666,"Metabolic pathways","KEGG"
"Ammut_EIv1.0_0013120",3,64,3,14,1666,"Metabolism and regulation","Reactome"
"Ammut_EIv1.0_0013120",3,64,3,14,1666,"Pentose phosphate pathway","KEGG"
"Ammut_EIv1.0_0013120",3,64,3,14,1666,"Starch and sucrose metabolism","KEGG"
"Ammut_EIv1.0_0015440",1,41,2,7,1305,"Amino sugar and nucleotide sugar metabolism","KEGG"
"Ammut_EIv1.0_0015440",1,41,2,7,1305,"Glycosaminoglycan degradation","KEGG"
"Ammut_EIv1.0_0015440",1,41,2,7,1305,"Glycosphingolipid biosynthesis - ganglio series","KEGG"
"Ammut_EIv1.0_0015440",1,41,2,7,1305,"Glycosphingolipid biosynthesis - globo and isoglobo series","KEGG"
"Ammut_EIv1.0_0015440",1,41,2,7,1305,"Lysosome biogenesis","KEGG"
"Ammut_EIv1.0_0015440",1,41,2,7,1305,"Metabolic pathways","KEGG"
"Ammut_EIv1.0_0015440",1,41,2,7,1305,"Other glycan degradation","KEGG"
"Ammut_EIv1.0_0015440",1,41,2,7,1305,"Sphingolipid metabolism","KEGG"
"Ammut_EIv1.0_0015440",1,41,2,7,1305,"Various types of N-glycan biosynthesis","KEGG"
"Ammut_EIv1.0_0017990",16,44,12,27,3674,"ATP-dependent chromatin remodeling","KEGG"
"Ammut_EIv1.0_0018000",11,79,4,25,3151,"Motor proteins","KEGG"
"Ammut_EIv1.0_0022590",64,23,15,7,1613,"Fanconi anemia pathway","KEGG"
"Ammut_EIv1.0_0023570",7,42,1,18,1326,"2-Oxocarboxylic acid metabolism","KEGG"
"Ammut_EIv1.0_0023570",7,42,1,18,1326,"Biosynthesis of cofactors","KEGG"
"Ammut_EIv1.0_0023570",7,42,1,18,1326,"Biosynthesis of secondary metabolites","KEGG"
"Ammut_EIv1.0_0023570",7,42,1,18,1326,"Carbon metabolism","KEGG"
"Ammut_EIv1.0_0023570",7,42,1,18,1326,"Citrate cycle","KEGG"
"Ammut_EIv1.0_0023570",7,42,1,18,1326,"Generation of precursor metabolites and energy","Reactome"
"Ammut_EIv1.0_0023570",7,42,1,18,1326,"Glycine, serine and threonine metabolism","KEGG"
"Ammut_EIv1.0_0023570",7,42,1,18,1326,"Glycolysis / Gluconeogenesis","KEGG"
"Ammut_EIv1.0_0023570",7,42,1,18,1326,"Glyoxylate and dicarboxylate metabolism","KEGG"
"Ammut_EIv1.0_0023570",7,42,1,18,1326,"Lipoic acid metabolism","KEGG"
"Ammut_EIv1.0_0023570",7,42,1,18,1326,"Lysine degradation","KEGG"
"Ammut_EIv1.0_0023570",7,42,1,18,1326,"Metabolic pathways","KEGG"
"Ammut_EIv1.0_0023570",7,42,1,18,1326,"Metabolism and regulation","Reactome"
"Ammut_EIv1.0_0023570",7,42,1,18,1326,"Mitochondrial pyruvate metabolism","Reactome"
"Ammut_EIv1.0_0023570",7,42,1,18,1326,"One carbon pool by folate","KEGG"
"Ammut_EIv1.0_0023570",7,42,1,18,1326,"Photorespiration","Reactome"
"Ammut_EIv1.0_0023570",7,42,1,18,1326,"Propanoate metabolism","KEGG"
"Ammut_EIv1.0_0023570",7,42,1,18,1326,"Pyruvate metabolism","KEGG"
"Ammut_EIv1.0_0023570",7,42,1,18,1326,"TCA cycle (plant)","Reactome"
"Ammut_EIv1.0_0023570",7,42,1,18,1326,"Tryptophan metabolism","KEGG"
"Ammut_EIv1.0_0023570",7,42,1,18,1326,"Valine, leucine and isoleucine degradation","KEGG"
"Ammut_EIv1.0_0027870",2,12,4,11,916,"Biosynthesis of secondary metabolites","KEGG"
"Ammut_EIv1.0_0027870",2,12,4,11,916,"Metabolic pathways","KEGG"
"Ammut_EIv1.0_0027870",2,12,4,11,916,"Phenylpropanoid biosynthesis","KEGG"
"Ammut_EIv1.0_0028020",12,43,7,23,1014,"Biosynthesis of secondary metabolites","KEGG"
"Ammut_EIv1.0_0028020",12,43,7,23,1014,"Metabolic pathways","KEGG"
"Ammut_EIv1.0_0028020",12,43,7,23,1014,"Phenylpropanoid biosynthesis","KEGG"
"Ammut_EIv1.0_0029920",4,20,13,6,1503,"Glycosylphosphatidylinositol","KEGG"
"Ammut_EIv1.0_0029920",4,20,13,6,1503,"Metabolic pathways","KEGG"
"Ammut_EIv1.0_0030190",12,35,9,8,2630,"Other glycan degradation","KEGG"
"Ammut_EIv1.0_0030250",3,16,0,2,2441,"Brassinosteroid signaling","Reactome"
"Ammut_EIv1.0_0030250",3,16,0,2,2441,"Growth and developmental processes","Reactome"
"Ammut_EIv1.0_0030250",3,16,0,2,2441,"Hormone signaling, transport, and metabolism","Reactome"
"Ammut_EIv1.0_0030250",3,16,0,2,2441,"Metabolism and regulation","Reactome"
"Ammut_EIv1.0_0030250",3,16,0,2,2441,"Regulation of seed size","Reactome"
"Ammut_EIv1.0_0030250",3,16,0,2,2441,"Reproductive structure development","Reactome"
"Ammut_EIv1.0_0030250",3,16,0,2,2441,"Seed development","Reactome"
"Ammut_EIv1.0_0030500",7,5,4,13,1335,"Cytoskeleton in muscle cells","KEGG"
"Ammut_EIv1.0_0031330",5,10,1,0,913,"Amino acid biosynthesis","Reactome"
"Ammut_EIv1.0_0031330",5,10,1,0,913,"Amino acid metabolism","Reactome"
"Ammut_EIv1.0_0031330",5,10,1,0,913,"Biosynthesis of amino acids","KEGG"
"Ammut_EIv1.0_0031330",5,10,1,0,913,"Biosynthesis of secondary metabolites","KEGG"
"Ammut_EIv1.0_0031330",5,10,1,0,913,"Lysine biosynthesis","KEGG"
"Ammut_EIv1.0_0031330",5,10,1,0,913,"Lysine biosynthesis I","Reactome"
"Ammut_EIv1.0_0031330",5,10,1,0,913,"Lysine biosynthesis II","Reactome"
"Ammut_EIv1.0_0031330",5,10,1,0,913,"Lysine biosynthesis VI","Reactome"
"Ammut_EIv1.0_0031330",5,10,1,0,913,"Metabolic pathways","KEGG"
"Ammut_EIv1.0_0031330",5,10,1,0,913,"Metabolism and regulation","Reactome"
"Ammut_EIv1.0_0031330",5,10,1,0,913,"Monobactam biosynthesis","KEGG"
"Ammut_EIv1.0_0032500",0,16,0,5,1342,"Cornified envelope formation","KEGG"
"Ammut_EIv1.0_0032500",0,16,0,5,1342,"mRNA surveillance pathway","KEGG"
"Ammut_EIv1.0_0032770",1,1,16,17,2991,"Biosynthesis of secondary metabolites","KEGG"
"Ammut_EIv1.0_0032770",1,1,16,17,2991,"Carbohydrate metabolism","Reactome"
"Ammut_EIv1.0_0032770",1,1,16,17,2991,"Gravitropism under normal or artificial gravity environments","Reactome"
"Ammut_EIv1.0_0032770",1,1,16,17,2991,"Growth and developmental processes","Reactome"
"Ammut_EIv1.0_0032770",1,1,16,17,2991,"Metabolic pathways","KEGG"
"Ammut_EIv1.0_0032770",1,1,16,17,2991,"Metabolism and regulation","Reactome"
"Ammut_EIv1.0_0032770",1,1,16,17,2991,"Regulatory network of nutrient accumulation","Reactome"
"Ammut_EIv1.0_0032770",1,1,16,17,2991,"Reproductive structure development","Reactome"
"Ammut_EIv1.0_0032770",1,1,16,17,2991,"Responses to stimuli: abiotic stimuli and stresses","Reactome"
"Ammut_EIv1.0_0032770",1,1,16,17,2991,"Root gravitropism","Reactome"
"Ammut_EIv1.0_0032770",1,1,16,17,2991,"Seed development","Reactome"
"Ammut_EIv1.0_0032770",1,1,16,17,2991,"Starch and sucrose metabolism","KEGG"
"Ammut_EIv1.0_0032770",1,1,16,17,2991,"Starch biosynthesis","Reactome"
"Ammut_EIv1.0_0033060",0,7,1,6,795,"Ribosome","KEGG"
"Ammut_EIv1.0_0034310",1,13,1,3,732,"Spliceosome","KEGG"
"Ammut_EIv1.0_0034500",0,6,0,3,564,"Ribosome","KEGG"
"Ammut_EIv1.0_0034510",18,9,7,17,1914,"MAPK signaling pathway - plant","KEGG"
"Ammut_EIv1.0_0034510",18,9,7,17,1914,"Plant hormone signal transduction","KEGG"
"Ammut_EIv1.0_0035020",0,21,0,7,1449,"2-Oxocarboxylic acid metabolism","KEGG"
"Ammut_EIv1.0_0035020",0,21,0,7,1449,"Biosynthesis of cofactors","KEGG"
"Ammut_EIv1.0_0035020",0,21,0,7,1449,"Biosynthesis of secondary metabolites","KEGG"
"Ammut_EIv1.0_0035020",0,21,0,7,1449,"Carbon metabolism","KEGG"
"Ammut_EIv1.0_0035020",0,21,0,7,1449,"Citrate cycle","KEGG"
"Ammut_EIv1.0_0035020",0,21,0,7,1449,"Glycine, serine and threonine metabolism","KEGG"
"Ammut_EIv1.0_0035020",0,21,0,7,1449,"Glycolysis / Gluconeogenesis","KEGG"
"Ammut_EIv1.0_0035020",0,21,0,7,1449,"Glyoxylate and dicarboxylate metabolism","KEGG"
"Ammut_EIv1.0_0035020",0,21,0,7,1449,"Lipoic acid metabolism","KEGG"
"Ammut_EIv1.0_0035020",0,21,0,7,1449,"Lysine degradation","KEGG"
"Ammut_EIv1.0_0035020",0,21,0,7,1449,"Metabolic pathways","KEGG"
"Ammut_EIv1.0_0035020",0,21,0,7,1449,"One carbon pool by folate","KEGG"
"Ammut_EIv1.0_0035020",0,21,0,7,1449,"Propanoate metabolism","KEGG"
"Ammut_EIv1.0_0035020",0,21,0,7,1449,"Pyruvate metabolism","KEGG"
"Ammut_EIv1.0_0035020",0,21,0,7,1449,"Tryptophan metabolism","KEGG"
"Ammut_EIv1.0_0035020",0,21,0,7,1449,"Valine, leucine and isoleucine degradation","KEGG"
"Ammut_EIv1.0_0035470",2,8,2,12,3037,"Ubiquitin mediated proteolysis","KEGG"
"Ammut_EIv1.0_0035560",1,17,0,3,1366,"2-Oxocarboxylic acid metabolism","KEGG"
"Ammut_EIv1.0_0035560",1,17,0,3,1366,"Biosynthesis of cofactors","KEGG"
"Ammut_EIv1.0_0035560",1,17,0,3,1366,"Biosynthesis of secondary metabolites","KEGG"
"Ammut_EIv1.0_0035560",1,17,0,3,1366,"Carbon metabolism","KEGG"
"Ammut_EIv1.0_0035560",1,17,0,3,1366,"Citrate cycle","KEGG"
"Ammut_EIv1.0_0035560",1,17,0,3,1366,"Glycine, serine and threonine metabolism","KEGG"
"Ammut_EIv1.0_0035560",1,17,0,3,1366,"Glycolysis / Gluconeogenesis","KEGG"
"Ammut_EIv1.0_0035560",1,17,0,3,1366,"Glyoxylate and dicarboxylate metabolism","KEGG"
"Ammut_EIv1.0_0035560",1,17,0,3,1366,"Lipoic acid metabolism","KEGG"
"Ammut_EIv1.0_0035560",1,17,0,3,1366,"Lysine degradation","KEGG"
"Ammut_EIv1.0_0035560",1,17,0,3,1366,"Metabolic pathways","KEGG"
"Ammut_EIv1.0_0035560",1,17,0,3,1366,"One carbon pool by folate","KEGG"
"Ammut_EIv1.0_0035560",1,17,0,3,1366,"Propanoate metabolism","KEGG"
"Ammut_EIv1.0_0035560",1,17,0,3,1366,"Pyruvate metabolism","KEGG"
"Ammut_EIv1.0_0035560",1,17,0,3,1366,"Tryptophan metabolism","KEGG"
"Ammut_EIv1.0_0035560",1,17,0,3,1366,"Valine, leucine and isoleucine degradation","KEGG"
"Ammut_EIv1.0_0036010",0,38,0,9,1304,"Biosynthesis of secondary metabolites","KEGG"
"Ammut_EIv1.0_0036010",0,38,0,9,1304,"Biosynthesis of unsaturated fatty acids","KEGG"
"Ammut_EIv1.0_0036010",0,38,0,9,1304,"Carbon metabolism","KEGG"
"Ammut_EIv1.0_0036010",0,38,0,9,1304,"Fatty acid degradation","KEGG"
"Ammut_EIv1.0_0036010",0,38,0,9,1304,"Fatty acid metabolism","KEGG"
"Ammut_EIv1.0_0036010",0,38,0,9,1304,"Metabolic pathways","KEGG"
"Ammut_EIv1.0_0036010",0,38,0,9,1304,"Peroxisome","KEGG"
"Ammut_EIv1.0_0036010",0,38,0,9,1304,"Propanoate metabolism","KEGG"
"Ammut_EIv1.0_0036010",0,38,0,9,1304,"alpha-Linolenic acid metabolism","KEGG"
"Ammut_EIv1.0_0036010",0,38,0,9,1304,"beta-Alanine metabolism","KEGG"
"Ammut_EIv1.0_0036590",0,8,0,4,579,"Ribosome","KEGG"
"Ammut_EIv1.0_0037030",2,9,2,4,1008,"mRNA surveillance pathway","KEGG"
"Ammut_EIv1.0_0037300",0,19,0,19,3201,"Carbohydrate metabolism","Reactome"
"Ammut_EIv1.0_0037300",0,19,0,19,3201,"Cellulose biosynthesis","Reactome"
"Ammut_EIv1.0_0037300",0,19,0,19,3201,"Metabolism and regulation","Reactome"
"Ammut_EIv1.0_0038840",2,1,2,0,816,"Proteasome","KEGG"
"Ammut_EIv1.0_0038850",0,2,11,15,1389,"Amino sugar and nucleotide sugar metabolism","KEGG"
"Ammut_EIv1.0_0038850",0,2,11,15,1389,"Biosynthesis of nucleotide sugars","KEGG"
"Ammut_EIv1.0_0038850",0,2,11,15,1389,"Biosynthesis of secondary metabolites","KEGG"
"Ammut_EIv1.0_0038850",0,2,11,15,1389,"Carbon metabolism","KEGG"
"Ammut_EIv1.0_0038850",0,2,11,15,1389,"Fructose and mannose metabolism","KEGG"
"Ammut_EIv1.0_0038850",0,2,11,15,1389,"Galactose metabolism","KEGG"
"Ammut_EIv1.0_0038850",0,2,11,15,1389,"Glycolysis / Gluconeogenesis","KEGG"
"Ammut_EIv1.0_0038850",0,2,11,15,1389,"Metabolic pathways","KEGG"
"Ammut_EIv1.0_0038850",0,2,11,15,1389,"Starch and sucrose metabolism","KEGG"
"Ammut_EIv1.0_0039840",0,3,1,10,996,"Biosynthesis of secondary metabolites","KEGG"
"Ammut_EIv1.0_0039840",0,3,1,10,996,"Carbon fixation by Calvin cycle","KEGG"
"Ammut_EIv1.0_0039840",0,3,1,10,996,"Carbon metabolism","KEGG"
"Ammut_EIv1.0_0039840",0,3,1,10,996,"Citrate cycle","KEGG"
"Ammut_EIv1.0_0039840",0,3,1,10,996,"Cysteine and methionine metabolism","KEGG"
"Ammut_EIv1.0_0039840",0,3,1,10,996,"Glyoxylate and dicarboxylate metabolism","KEGG"
"Ammut_EIv1.0_0039840",0,3,1,10,996,"Metabolic pathways","KEGG"
"Ammut_EIv1.0_0039840",0,3,1,10,996,"Pyruvate metabolism","KEGG"
"Ammut_EIv1.0_0039840",0,3,1,10,996,"Sulfoquinovose metabolism","KEGG"
"Ammut_EIv1.0_0040240",0,7,0,1,1620,"Brassinosteroid signaling","Reactome"
"Ammut_EIv1.0_0040240",0,7,0,1,1620,"Cornified envelope formation","KEGG"
"Ammut_EIv1.0_0040240",0,7,0,1,1620,"Growth and developmental processes","Reactome"
"Ammut_EIv1.0_0040240",0,7,0,1,1620,"Hormone signaling, transport, and metabolism","Reactome"
"Ammut_EIv1.0_0040240",0,7,0,1,1620,"Metabolism and regulation","Reactome"
"Ammut_EIv1.0_0040240",0,7,0,1,1620,"Regulation of seed size","Reactome"
"Ammut_EIv1.0_0040240",0,7,0,1,1620,"Reproductive structure development","Reactome"
"Ammut_EIv1.0_0040240",0,7,0,1,1620,"Seed development","Reactome"
"Ammut_EIv1.0_0040240",0,7,0,1,1620,"mRNA surveillance pathway","KEGG"
"Ammut_EIv1.0_0040280",1,1,0,13,531,"Endocytosis","KEGG"
"Ammut_EIv1.0_0040500",3,7,6,5,4677,"Protein processing in endoplasmic reticulum","KEGG"
"Ammut_EIv1.0_0040570",1,4,1,2,2790,"Cornified envelope formation","KEGG"
"Ammut_EIv1.0_0040570",1,4,1,2,2790,"Metabolic pathways","KEGG"
"Ammut_EIv1.0_0040570",1,4,1,2,2790,"Other glycan degradation","KEGG"
"Ammut_EIv1.0_0040570",1,4,1,2,2790,"Sphingolipid metabolism","KEGG"
"Ammut_EIv1.0_0040790",6,3,3,12,2799,"RNA degradation","KEGG"
"Ammut_EIv1.0_0040850",13,23,10,18,1818,"Biosynthesis of secondary metabolites","KEGG"
"Ammut_EIv1.0_0040850",13,23,10,18,1818,"Cutin, suberine and wax biosynthesis","KEGG"
"Ammut_EIv1.0_0041500",0,3,0,1,483,"Ribosome","KEGG"
"Ammut_EIv1.0_0041640",14,7,1,4,1185,"Biosynthesis of cofactors","KEGG"
"Ammut_EIv1.0_0041640",14,7,1,4,1185,"Biosynthesis of secondary metabolites","KEGG"
"Ammut_EIv1.0_0041640",14,7,1,4,1185,"Cofactor biosyntheses","Reactome"
"Ammut_EIv1.0_0041640",14,7,1,4,1185,"Flavin biosynthesis","Reactome"
"Ammut_EIv1.0_0041640",14,7,1,4,1185,"Metabolic pathways","KEGG"
"Ammut_EIv1.0_0041640",14,7,1,4,1185,"Metabolism and regulation","Reactome"
"Ammut_EIv1.0_0041640",14,7,1,4,1185,"Riboflavin metabolism","KEGG"
"Ammut_EIv1.0_0041790",1,11,1,4,1722,"RNA degradation","KEGG"
"Ammut_EIv1.0_0042150",0,10,0,3,1011,"Spliceosome","KEGG"
"Ammut_EIv1.0_0042980",13,16,5,13,2007,"Biosynthesis of amino acids","KEGG"
"Ammut_EIv1.0_0042980",13,16,5,13,2007,"Biosynthesis of secondary metabolites","KEGG"
"Ammut_EIv1.0_0042980",13,16,5,13,2007,"Carbon fixation by Calvin cycle","KEGG"
"Ammut_EIv1.0_0042980",13,16,5,13,2007,"Carbon metabolism","KEGG"
"Ammut_EIv1.0_0042980",13,16,5,13,2007,"Glycolysis / Gluconeogenesis","KEGG"
"Ammut_EIv1.0_0042980",13,16,5,13,2007,"Metabolic pathways","KEGG"
"Ammut_EIv1.0_0043340",0,3,0,7,545,"Polycomb repressive complex","KEGG"
"Ammut_EIv1.0_0043340",0,3,0,7,545,"Protein processing in endoplasmic reticulum","KEGG"
"Ammut_EIv1.0_0043340",0,3,0,7,545,"Ubiquitin mediated proteolysis","KEGG"
"Ammut_EIv1.0_0044160",3,3,2,7,3339,"Efferocytosis","KEGG"
"Ammut_EIv1.0_0045800",0,2,0,2,1317,"Viral life cycle - HIV-1","KEGG"
"Ammut_EIv1.0_0050400",4,7,3,11,1701,"Auxin signalling","Reactome"
"Ammut_EIv1.0_0050400",4,7,3,11,1701,"Growth and developmental processes","Reactome"
"Ammut_EIv1.0_0050400",4,7,3,11,1701,"Hormone signaling, transport, and metabolism","Reactome"
"Ammut_EIv1.0_0050400",4,7,3,11,1701,"Metabolism and regulation","Reactome"
"Ammut_EIv1.0_0050400",4,7,3,11,1701,"Plant hormone signal transduction","KEGG"
"Ammut_EIv1.0_0050400",4,7,3,11,1701,"Regulation of seed size","Reactome"
"Ammut_EIv1.0_0050400",4,7,3,11,1701,"Reproductive structure development","Reactome"
"Ammut_EIv1.0_0050400",4,7,3,11,1701,"Seed development","Reactome"
"Ammut_EIv1.0_0051760",3,18,4,2,3151,"RNA polymerase","KEGG"
"Ammut_EIv1.0_0053120",2,19,3,18,3588,"Response to cold temperature","Reactome"
"Ammut_EIv1.0_0053120",2,19,3,18,3588,"Responses to stimuli: abiotic stimuli and stresses","Reactome"
"Ammut_EIv1.0_0053940",0,4,1,8,1728,"Generation of precursor metabolites and energy","Reactome"
"Ammut_EIv1.0_0053940",0,4,1,8,1728,"Metabolism and regulation","Reactome"
"Ammut_EIv1.0_0053940",0,4,1,8,1728,"TCA cycle (plant)","Reactome"
"Ammut_EIv1.0_0054910",6,7,3,4,1443,"Spliceosome","KEGG"
"Ammut_EIv1.0_0055180",1,18,0,7,2838,"Motor proteins","KEGG"
"Ammut_EIv1.0_0055240",7,28,8,25,1597,"Biosynthesis of secondary metabolites","KEGG"
"Ammut_EIv1.0_0055240",7,28,8,25,1597,"Metabolic pathways","KEGG"
"Ammut_EIv1.0_0055240",7,28,8,25,1597,"Metabolism and regulation","Reactome"
"Ammut_EIv1.0_0055240",7,28,8,25,1597,"Phenylpropanoid biosynthesis","KEGG;Reactome"
"Ammut_EIv1.0_0055240",7,28,8,25,1597,"Secondary metabolism","Reactome"
"Ammut_EIv1.0_0057790",0,3,0,8,1050,"Hormone signaling, transport, and metabolism","Reactome"
"Ammut_EIv1.0_0057790",0,3,0,8,1050,"Metabolism and regulation","Reactome"
"Ammut_EIv1.0_0057790",0,3,0,8,1050,"Salicylic acid signaling","Reactome"
"Ammut_EIv1.0_0058070",1,2,0,5,1182,"Brassinosteroid signaling","Reactome"
"Ammut_EIv1.0_0058070",1,2,0,5,1182,"Growth and developmental processes","Reactome"
"Ammut_EIv1.0_0058070",1,2,0,5,1182,"Hormone signaling, transport, and metabolism","Reactome"
"Ammut_EIv1.0_0058070",1,2,0,5,1182,"Metabolism and regulation","Reactome"
"Ammut_EIv1.0_0058070",1,2,0,5,1182,"Plant hormone signal transduction","KEGG"
"Ammut_EIv1.0_0058070",1,2,0,5,1182,"Regulation of seed size","Reactome"
"Ammut_EIv1.0_0058070",1,2,0,5,1182,"Reproductive structure development","Reactome"
"Ammut_EIv1.0_0058070",1,2,0,5,1182,"Seed development","Reactome"
"Ammut_EIv1.0_0058770",2,4,2,2,1194,"Endocytosis","KEGG"
"Ammut_EIv1.0_0059560",6,3,2,7,1782,"Aminoacyl-tRNA biosynthesis","KEGG"
"Ammut_EIv1.0_0059800",0,8,0,8,1155,"Proteasome","KEGG"
"Ammut_EIv1.0_0060030",0,6,0,1,573,"Endocytosis","KEGG"
"Ammut_EIv1.0_0062590",2,14,2,7,1103,"Amino acid catabolism","Reactome"
"Ammut_EIv1.0_0062590",2,14,2,7,1103,"Amino acid metabolism","Reactome"
"Ammut_EIv1.0_0062590",2,14,2,7,1103,"Carbon metabolism","KEGG"
"Ammut_EIv1.0_0062590",2,14,2,7,1103,"Metabolic pathways","KEGG"
"Ammut_EIv1.0_0062590",2,14,2,7,1103,"Metabolism and regulation","Reactome"
"Ammut_EIv1.0_0062590",2,14,2,7,1103,"Propanoate metabolism","KEGG"
"Ammut_EIv1.0_0062590",2,14,2,7,1103,"Valine degradation","Reactome"
"Ammut_EIv1.0_0062590",2,14,2,7,1103,"Valine, leucine and isoleucine degradation","KEGG"
"Ammut_EIv1.0_0062590",2,14,2,7,1103,"beta-Alanine metabolism","KEGG"
"Ammut_EIv1.0_0062610",0,4,2,3,1143,"Carbohydrate metabolism","Reactome"
"Ammut_EIv1.0_0062610",0,4,2,3,1143,"Metabolism and regulation","Reactome"
"Ammut_EIv1.0_0062610",0,4,2,3,1143,"Trehalose biosynthesis I","Reactome"
"Ammut_EIv1.0_0062670",3,9,4,9,1897,"Lysosome biogenesis","KEGG"
"Ammut_EIv1.0_0063500",1,16,3,4,1068,"Biosynthesis of secondary metabolites","KEGG"
"Ammut_EIv1.0_0063500",1,16,3,4,1068,"Metabolic pathways","KEGG"
"Ammut_EIv1.0_0063500",1,16,3,4,1068,"Starch and sucrose metabolism","KEGG"
"Ammut_EIv1.0_0063540",0,3,0,2,825,"Circadian rhythm","Reactome"
"Ammut_EIv1.0_0063540",0,3,0,2,825,"Circadian rhythm - plant","KEGG"
"Ammut_EIv1.0_0063540",0,3,0,2,825,"Polycomb repressive complex","KEGG"
"Ammut_EIv1.0_0063540",0,3,0,2,825,"Ribosome biogenesis in eukaryotes","KEGG"
"Ammut_EIv1.0_0063680",6,21,3,7,1144,"Amino acid biosynthesis","Reactome"
"Ammut_EIv1.0_0063680",6,21,3,7,1144,"Amino acid metabolism","Reactome"
"Ammut_EIv1.0_0063680",6,21,3,7,1144,"Biosynthesis of amino acids","KEGG"
"Ammut_EIv1.0_0063680",6,21,3,7,1144,"Biosynthesis of secondary metabolites","KEGG"
"Ammut_EIv1.0_0063680",6,21,3,7,1144,"Chorismate biosynthesis","Reactome"
"Ammut_EIv1.0_0063680",6,21,3,7,1144,"Metabolic pathways","KEGG"
"Ammut_EIv1.0_0063680",6,21,3,7,1144,"Metabolism and regulation","Reactome"
"Ammut_EIv1.0_0063680",6,21,3,7,1144,"Phenylalanine, tyrosine and tryptophan biosynthesis","KEGG"
"Ammut_EIv1.0_0064310",6,36,1,12,1276,"Biosynthesis of amino acids","KEGG"
"Ammut_EIv1.0_0064310",6,36,1,12,1276,"Biosynthesis of cofactors","KEGG"
"Ammut_EIv1.0_0064310",6,36,1,12,1276,"Biosynthesis of secondary metabolites","KEGG"
"Ammut_EIv1.0_0064310",6,36,1,12,1276,"Carbon metabolism","KEGG"
"Ammut_EIv1.0_0064310",6,36,1,12,1276,"Cyanoamino acid metabolism","KEGG"
"Ammut_EIv1.0_0064310",6,36,1,12,1276,"Folate transport and metabolism","KEGG"
"Ammut_EIv1.0_0064310",6,36,1,12,1276,"Glycine, serine and threonine metabolism","KEGG"
"Ammut_EIv1.0_0064310",6,36,1,12,1276,"Glyoxylate and dicarboxylate metabolism","KEGG"
"Ammut_EIv1.0_0064310",6,36,1,12,1276,"Metabolic pathways","KEGG"
"Ammut_EIv1.0_0064310",6,36,1,12,1276,"One carbon pool by folate","KEGG"
"Ammut_EIv1.0_0065100",9,9,0,10,2532,"Nucleocytoplasmic transport","KEGG"
"Ammut_EIv1.0_0065200",3,20,4,8,1199,"Biosynthesis of cofactors","KEGG"
"Ammut_EIv1.0_0065200",3,20,4,8,1199,"Biosynthesis of secondary metabolites","KEGG"
"Ammut_EIv1.0_0065200",3,20,4,8,1199,"Metabolic pathways","KEGG"
"Ammut_EIv1.0_0065200",3,20,4,8,1199,"Ubiquinone and other terpenoid-quinone biosynthesis","KEGG"
"Ammut_EIv1.0_0066030",3,18,6,36,7425,"Autophagy - other","KEGG"
"Ammut_EIv1.0_0066030",3,18,6,36,7425,"Integrin signaling","KEGG"
"Ammut_EIv1.0_0066030",3,18,6,36,7425,"Lysosome biogenesis","KEGG"
"Ammut_EIv1.0_0066430",16,12,5,7,2157,"Biosynthesis of secondary metabolites","KEGG"
"Ammut_EIv1.0_0066430",16,12,5,7,2157,"Fatty acid degradation","KEGG"
"Ammut_EIv1.0_0066430",16,12,5,7,2157,"Fatty acid metabolism","KEGG"
"Ammut_EIv1.0_0066430",16,12,5,7,2157,"Metabolic pathways","KEGG"
"Ammut_EIv1.0_0066430",16,12,5,7,2157,"alpha-Linolenic acid metabolism","KEGG"
"Ammut_EIv1.0_0066630",6,10,2,3,1097,"Protein processing in endoplasmic reticulum","KEGG"
"Ammut_EIv1.0_0067650",0,7,0,2,903,"Proteasome","KEGG"
"Ammut_EIv1.0_0068330",0,2,1,3,305,"Metabolic pathways","KEGG"
"Ammut_EIv1.0_0068330",0,2,1,3,305,"Oxidative phosphorylation","KEGG"
"Ammut_EIv1.0_0068370",0,15,3,5,1056,"RNA polymerase","KEGG"
"Ammut_EIv1.0_0068980",2,14,2,4,1029,"Other types of O-glycan biosynthesis","KEGG"
"Ammut_EIv1.0_0069200",0,19,0,4,749,"Ribosome","KEGG"
"Ammut_EIv1.0_0069250",2,7,1,9,1009,"Growth and developmental processes","Reactome"
"Ammut_EIv1.0_0069250",2,7,1,9,1009,"Primary root development","Reactome"
"Ammut_EIv1.0_0069250",2,7,1,9,1009,"Root structure development","Reactome"
"Ammut_EIv1.0_0069250",2,7,1,9,1009,"Vegetative structure development","Reactome"
"Ammut_EIv1.0_0069900",2,57,2,12,1411,"Alanine, aspartate and glutamate metabolism","KEGG"
"Ammut_EIv1.0_0069900",2,57,2,12,1411,"Amino acid biosynthesis","Reactome"
"Ammut_EIv1.0_0069900",2,57,2,12,1411,"Amino acid metabolism","Reactome"
"Ammut_EIv1.0_0069900",2,57,2,12,1411,"Arginine biosynthesis","KEGG;Reactome"
"Ammut_EIv1.0_0069900",2,57,2,12,1411,"Arginine biosynthesis II (acetyl cycle)","Reactome"
"Ammut_EIv1.0_0069900",2,57,2,12,1411,"Biosynthesis of amino acids","KEGG"
"Ammut_EIv1.0_0069900",2,57,2,12,1411,"Biosynthesis of secondary metabolites","KEGG"
"Ammut_EIv1.0_0069900",2,57,2,12,1411,"Canavanine biosynthesis","Reactome"
"Ammut_EIv1.0_0069900",2,57,2,12,1411,"Citrulline-nitric oxide cycle","Reactome"
"Ammut_EIv1.0_0069900",2,57,2,12,1411,"Metabolic pathways","KEGG"
"Ammut_EIv1.0_0069900",2,57,2,12,1411,"Metabolism and regulation","Reactome"
"Ammut_EIv1.0_0071710",9,42,1,21,2035,"Cofactor biosyntheses","Reactome"
"Ammut_EIv1.0_0071710",9,42,1,21,2035,"Metabolism and regulation","Reactome"
"Ammut_EIv1.0_0071710",9,42,1,21,2035,"Methylerythritol phosphate pathway","Reactome"
"Ammut_EIv1.0_0071710",9,42,1,21,2035,"Pyridoxal 5'-phosphate biosynthesis","Reactome"
"Ammut_EIv1.0_0071710",9,42,1,21,2035,"Thiamine biosynthesis","Reactome"
"Ammut_EIv1.0_0071820",22,40,8,6,1587,"Nucleocytoplasmic transport","KEGG"
"Ammut_EIv1.0_0072240",0,17,0,7,1317,"IgSF CAM signaling","KEGG"
"Ammut_EIv1.0_0072240",0,17,0,7,1317,"Motor proteins","KEGG"
"Ammut_EIv1.0_0072240",0,17,0,7,1317,"Phagosome","KEGG"
"Ammut_EIv1.0_0072250",4,26,0,10,677,"Biosynthesis of secondary metabolites","KEGG"
"Ammut_EIv1.0_0072250",4,26,0,10,677,"Metabolic pathways","KEGG"
"Ammut_EIv1.0_0072250",4,26,0,10,677,"Metabolism and regulation","Reactome"
"Ammut_EIv1.0_0072250",4,26,0,10,677,"Mevalonate pathway","Reactome"
"Ammut_EIv1.0_0072250",4,26,0,10,677,"Polyisoprenoid biosynthesis","Reactome"
"Ammut_EIv1.0_0072250",4,26,0,10,677,"Secondary metabolism","Reactome"
"Ammut_EIv1.0_0072250",4,26,0,10,677,"Terpenoid backbone biosynthesis","KEGG"
"Ammut_EIv1.0_0072330",5,10,6,18,1395,"Amino sugar and nucleotide sugar metabolism","KEGG"
"Ammut_EIv1.0_0072330",5,10,6,18,1395,"Glycosaminoglycan degradation","KEGG"
"Ammut_EIv1.0_0072330",5,10,6,18,1395,"Glycosphingolipid biosynthesis - ganglio series","KEGG"
"Ammut_EIv1.0_0072330",5,10,6,18,1395,"Glycosphingolipid biosynthesis - globo and isoglobo series","KEGG"
"Ammut_EIv1.0_0072330",5,10,6,18,1395,"Lysosome biogenesis","KEGG"
"Ammut_EIv1.0_0072330",5,10,6,18,1395,"Metabolic pathways","KEGG"
"Ammut_EIv1.0_0072330",5,10,6,18,1395,"Other glycan degradation","KEGG"
"Ammut_EIv1.0_0072330",5,10,6,18,1395,"Sphingolipid metabolism","KEGG"
"Ammut_EIv1.0_0072330",5,10,6,18,1395,"Various types of N-glycan biosynthesis","KEGG"
"Ammut_EIv1.0_0073360",0,10,0,4,1103,"Ribosome","KEGG"
"Ammut_EIv1.0_0074630",3,30,2,9,967,"MAPK signaling pathway - plant","KEGG"
"Ammut_EIv1.0_0074630",3,30,2,9,967,"Plant hormone signal transduction","KEGG"
"Ammut_EIv1.0_0076050",1,9,0,2,318,"Ribosome","KEGG"
"Ammut_EIv1.0_0076410",11,23,5,3,1365,"Biosynthesis of secondary metabolites","KEGG"
"Ammut_EIv1.0_0076410",11,23,5,3,1365,"Biosynthesis of various plant secondary metabolites; Including: Crocin biosynthesis, Ginsenoside biosynthesis, Saponin adjuvant biosynthesis, Cannabidiol biosynthesis, Mugineic acid biosynthesis, Pentagalloylglucose biosynthesis, Benzoxazinoid biosynthesis, Gramine biosynthesis, Coumarin biosynthesis, Furanocoumarin biosynthesis, Hordatine biosynthesis, Podophyllotoxin biosynthesis","KEGG"
"Ammut_EIv1.0_0076410",11,23,5,3,1365,"Cyanoamino acid metabolism","KEGG"
"Ammut_EIv1.0_0076410",11,23,5,3,1365,"Metabolic pathways","KEGG"
"Ammut_EIv1.0_0076410",11,23,5,3,1365,"Starch and sucrose metabolism","KEGG"
"Ammut_EIv1.0_0076430",5,45,1,14,1381,"Hormone signaling, transport, and metabolism","Reactome"
"Ammut_EIv1.0_0076430",5,45,1,14,1381,"Jasmonic acid signaling","Reactome"
"Ammut_EIv1.0_0076430",5,45,1,14,1381,"Metabolism and regulation","Reactome"
"Ammut_EIv1.0_0076430",5,45,1,14,1381,"Plant hormone signal transduction","KEGG"
"Ammut_EIv1.0_0077140",1,29,0,7,2127,"Amino acid biosynthesis","Reactome"
"Ammut_EIv1.0_0077140",1,29,0,7,2127,"Amino acid metabolism","Reactome"
"Ammut_EIv1.0_0077140",1,29,0,7,2127,"Arginine and proline metabolism","KEGG"
"Ammut_EIv1.0_0077140",1,29,0,7,2127,"Biosynthesis of amino acids","KEGG"
"Ammut_EIv1.0_0077140",1,29,0,7,2127,"Biosynthesis of secondary metabolites","KEGG"
"Ammut_EIv1.0_0077140",1,29,0,7,2127,"Citrulline biosynthesis","Reactome"
"Ammut_EIv1.0_0077140",1,29,0,7,2127,"Metabolic pathways","KEGG"
"Ammut_EIv1.0_0077140",1,29,0,7,2127,"Metabolism and regulation","Reactome"
"Ammut_EIv1.0_0077140",1,29,0,7,2127,"Proline biosynthesis I","Reactome"
"Ammut_EIv1.0_0077680",7,24,2,15,1373,"Motor proteins","KEGG"
"Ammut_EIv1.0_0077780",2,71,0,20,1899,"Endocytosis","KEGG"
"Ammut_EIv1.0_0077780",2,71,0,20,1899,"Protein processing in endoplasmic reticulum","KEGG"
"Ammut_EIv1.0_0077780",2,71,0,20,1899,"Spliceosome","KEGG"
"Ammut_EIv1.0_0077850",12,60,7,28,1549,"Biosynthesis of cofactors","KEGG"
"Ammut_EIv1.0_0077850",12,60,7,28,1549,"Biosynthesis of secondary metabolites","KEGG"
"Ammut_EIv1.0_0077850",12,60,7,28,1549,"Cofactor biosyntheses","Reactome"
"Ammut_EIv1.0_0077850",12,60,7,28,1549,"Flavin biosynthesis","Reactome"
"Ammut_EIv1.0_0077850",12,60,7,28,1549,"Folate biosynthesis","KEGG"
"Ammut_EIv1.0_0077850",12,60,7,28,1549,"Metabolic pathways","KEGG"
"Ammut_EIv1.0_0077850",12,60,7,28,1549,"Metabolism and regulation","Reactome"
"Ammut_EIv1.0_0077850",12,60,7,28,1549,"Riboflavin metabolism","KEGG"
"Ammut_EIv1.0_0077870",7,29,7,7,531,"Biosynthesis of secondary metabolites","KEGG"
"Ammut_EIv1.0_0077870",7,29,7,7,531,"Biosynthesis of unsaturated fatty acids","KEGG"
"Ammut_EIv1.0_0077870",7,29,7,7,531,"Fatty acid elongation","KEGG"
"Ammut_EIv1.0_0077870",7,29,7,7,531,"Fatty acid metabolism","KEGG"
"Ammut_EIv1.0_0077870",7,29,7,7,531,"Metabolic pathways","KEGG"
"Ammut_EIv1.0_0081110",0,33,0,5,1159,"2-Oxocarboxylic acid metabolism","KEGG"
"Ammut_EIv1.0_0081110",0,33,0,5,1159,"Alanine, aspartate and glutamate metabolism","KEGG"
"Ammut_EIv1.0_0081110",0,33,0,5,1159,"Biosynthesis of secondary metabolites","KEGG"
"Ammut_EIv1.0_0081110",0,33,0,5,1159,"Biotin biosynthesis II","Reactome"
"Ammut_EIv1.0_0081110",0,33,0,5,1159,"Carbon metabolism","KEGG"
"Ammut_EIv1.0_0081110",0,33,0,5,1159,"Cofactor biosyntheses","Reactome"
"Ammut_EIv1.0_0081110",0,33,0,5,1159,"Cysteine and methionine metabolism","KEGG"
"Ammut_EIv1.0_0081110",0,33,0,5,1159,"Glycine, serine and threonine metabolism","KEGG"
"Ammut_EIv1.0_0081110",0,33,0,5,1159,"Glyoxylate and dicarboxylate metabolism","KEGG"
"Ammut_EIv1.0_0081110",0,33,0,5,1159,"Metabolic pathways","KEGG"
"Ammut_EIv1.0_0081110",0,33,0,5,1159,"Metabolism and regulation","Reactome"
"Ammut_EIv1.0_0081110",0,33,0,5,1159,"Valine, leucine and isoleucine degradation","KEGG"
"Ammut_EIv1.0_0082270",3,13,1,3,812,"Biosynthesis of various nucleotide sugars","KEGG"
"Ammut_EIv1.0_0083010",0,20,0,7,743,"Proteasome","KEGG"
"Ammut_EIv1.0_0083090",0,8,0,3,432,"MAPK signaling pathway - plant","KEGG"
"Ammut_EIv1.0_0083090",0,8,0,3,432,"Phosphatidylinositol signaling system","KEGG"
"Ammut_EIv1.0_0083090",0,8,0,3,432,"Plant hormone signal transduction","KEGG"
"Ammut_EIv1.0_0083090",0,8,0,3,432,"Plant-pathogen interaction","KEGG"
"Ammut_EIv1.0_0083350",0,59,0,22,1339,"IgSF CAM signaling","KEGG"
"Ammut_EIv1.0_0083350",0,59,0,22,1339,"Motor proteins","KEGG"
"Ammut_EIv1.0_0083350",0,59,0,22,1339,"Phagosome","KEGG"
"Ammut_EIv1.0_0086140",6,34,1,15,969,"Biosynthesis of secondary metabolites","KEGG"
"Ammut_EIv1.0_0086140",6,34,1,15,969,"Metabolic pathways","KEGG"
"Ammut_EIv1.0_0086140",6,34,1,15,969,"Phenylpropanoid biosynthesis","KEGG"
"Ammut_EIv1.0_0087360",15,41,9,20,1193,"Biosynthesis of secondary metabolites","KEGG"
"Ammut_EIv1.0_0087360",15,41,9,20,1193,"Glycerolipid metabolism","KEGG"
"Ammut_EIv1.0_0087360",15,41,9,20,1193,"Glycerophospholipid metabolism","KEGG"
"Ammut_EIv1.0_0087360",15,41,9,20,1193,"Metabolic pathways","KEGG"
"Ammut_EIv1.0_0087750",12,71,3,15,1699,"Metabolic pathways","KEGG"
"Ammut_EIv1.0_0087750",12,71,3,15,1699,"Sulfur cycle","KEGG"
"Ammut_EIv1.0_0087750",12,71,3,15,1699,"Sulfur metabolism","KEGG"
"Ammut_EIv1.0_0088090",0,9,0,0,591,"Bacterial invasion of epithelial cells","KEGG"
"Ammut_EIv1.0_0088090",0,9,0,0,591,"Cadherin signaling","KEGG"
"Ammut_EIv1.0_0088090",0,9,0,0,591,"Efferocytosis","KEGG"
"Ammut_EIv1.0_0088090",0,9,0,0,591,"IgSF CAM signaling","KEGG"
"Ammut_EIv1.0_0088090",0,9,0,0,591,"Integrin signaling","KEGG"
"Ammut_EIv1.0_0088090",0,9,0,0,591,"Phagosome","KEGG"
"Ammut_EIv1.0_0088090",0,9,0,0,591,"Toll-like receptor signaling pathway","KEGG"
"Ammut_EIv1.0_0089880",0,11,0,3,426,"Spliceosome","KEGG"
"Ammut_EIv1.0_0089900",5,42,2,11,2273,"RNA degradation","KEGG"
"Ammut_EIv1.0_0091870",7,31,3,8,2265,"Biosynthesis of secondary metabolites","KEGG"
"Ammut_EIv1.0_0091870",7,31,3,8,2265,"Metabolic pathways","KEGG"
"Ammut_EIv1.0_0091870",7,31,3,8,2265,"Starch and sucrose metabolism","KEGG"
"Ammut_EIv1.0_0092180",5,73,2,29,1958,"Ribosome biogenesis in eukaryotes","KEGG"
"Ammut_EIv1.0_0093890",11,23,6,11,1194,"Biosynthesis of secondary metabolites","KEGG"
"Ammut_EIv1.0_0093890",11,23,6,11,1194,"Carbon fixation by Calvin cycle","KEGG"
"Ammut_EIv1.0_0093890",11,23,6,11,1194,"Carbon metabolism","KEGG"
"Ammut_EIv1.0_0093890",11,23,6,11,1194,"Citrate cycle","KEGG"
"Ammut_EIv1.0_0093890",11,23,6,11,1194,"Cysteine and methionine metabolism","KEGG"
"Ammut_EIv1.0_0093890",11,23,6,11,1194,"Glyoxylate and dicarboxylate metabolism","KEGG"
"Ammut_EIv1.0_0093890",11,23,6,11,1194,"Metabolic pathways","KEGG"
"Ammut_EIv1.0_0093890",11,23,6,11,1194,"Pyruvate metabolism","KEGG"
"Ammut_EIv1.0_0093890",11,23,6,11,1194,"Sulfoquinovose metabolism","KEGG"
"Ammut_EIv1.0_0094580",0,49,0,13,1269,"IgSF CAM signaling","KEGG"
"Ammut_EIv1.0_0094580",0,49,0,13,1269,"Motor proteins","KEGG"
"Ammut_EIv1.0_0094580",0,49,0,13,1269,"Phagosome","KEGG"
"Ammut_EIv1.0_0095510",8,38,2,9,2545,"Biosynthesis of secondary metabolites","KEGG"
"Ammut_EIv1.0_0095510",8,38,2,9,2545,"Carbohydrate metabolism","Reactome"
"Ammut_EIv1.0_0095510",8,38,2,9,2545,"Gravitropism under normal or artificial gravity environments","Reactome"
"Ammut_EIv1.0_0095510",8,38,2,9,2545,"Growth and developmental processes","Reactome"
"Ammut_EIv1.0_0095510",8,38,2,9,2545,"Metabolic pathways","KEGG"
"Ammut_EIv1.0_0095510",8,38,2,9,2545,"Metabolism and regulation","Reactome"
"Ammut_EIv1.0_0095510",8,38,2,9,2545,"Regulatory network of nutrient accumulation","Reactome"
"Ammut_EIv1.0_0095510",8,38,2,9,2545,"Reproductive structure development","Reactome"
"Ammut_EIv1.0_0095510",8,38,2,9,2545,"Responses to stimuli: abiotic stimuli and stresses","Reactome"
"Ammut_EIv1.0_0095510",8,38,2,9,2545,"Root gravitropism","Reactome"
"Ammut_EIv1.0_0095510",8,38,2,9,2545,"Seed development","Reactome"
"Ammut_EIv1.0_0095510",8,38,2,9,2545,"Starch and sucrose metabolism","KEGG"
"Ammut_EIv1.0_0095510",8,38,2,9,2545,"Starch biosynthesis","Reactome"
"Ammut_EIv1.0_0096370",9,33,1,11,1548,"Alanine, aspartate and glutamate metabolism","KEGG"
"Ammut_EIv1.0_0096370",9,33,1,11,1548,"Amino acid biosynthesis","Reactome"
"Ammut_EIv1.0_0096370",9,33,1,11,1548,"Amino acid metabolism","Reactome"
"Ammut_EIv1.0_0096370",9,33,1,11,1548,"Arginine and proline metabolism","KEGG"
"Ammut_EIv1.0_0096370",9,33,1,11,1548,"Arginine degradation","Reactome"
"Ammut_EIv1.0_0096370",9,33,1,11,1548,"Metabolic pathways","KEGG"
"Ammut_EIv1.0_0096370",9,33,1,11,1548,"Metabolism and regulation","Reactome"
"Ammut_EIv1.0_0097050",2,10,1,1,965,"Base excision repair","KEGG"
"Ammut_EIv1.0_0097050",2,10,1,1,965,"Cell cycle","Reactome"
"Ammut_EIv1.0_0097050",2,10,1,1,965,"Cellular processes","Reactome"
"Ammut_EIv1.0_0097050",2,10,1,1,965,"DNA replication","KEGG"
"Ammut_EIv1.0_0097050",2,10,1,1,965,"Maturation","Reactome"
"Ammut_EIv1.0_0097050",2,10,1,1,965,"Mitosis","Reactome"
"Ammut_EIv1.0_0097050",2,10,1,1,965,"Non-homologous end-joining","KEGG"
"Ammut_EIv1.0_0097050",2,10,1,1,965,"S phase","Reactome"
"Ammut_EIv1.0_0097050",2,10,1,1,965,"Synthesis of DNA","Reactome"
"Ammut_EIv1.0_0097130",6,21,3,7,1320,"ATP-dependent chromatin remodeling","KEGG"
"Ammut_EIv1.0_0097460",3,30,0,10,958,"Biosynthesis of cofactors","KEGG"
"Ammut_EIv1.0_0097460",3,30,0,10,958,"Biosynthesis of secondary metabolites","KEGG"
"Ammut_EIv1.0_0097460",3,30,0,10,958,"Metabolic pathways","KEGG"
"Ammut_EIv1.0_0097460",3,30,0,10,958,"Ubiquinone and other terpenoid-quinone biosynthesis","KEGG"
"Ammut_EIv1.0_0097640",0,14,1,0,437,"Ribosome","KEGG"
"Ammut_EIv1.0_0098880",8,23,2,7,698,"Metabolic pathways","KEGG"
"Ammut_EIv1.0_0098880",8,23,2,7,698,"Photosynthesis - antenna proteins","KEGG"
"Ammut_EIv1.0_0098890",11,43,0,10,2151,"Aminoacyl-tRNA biosynthesis","KEGG"
"Ammut_EIv1.0_0098890",11,43,0,10,2151,"Biosynthesis of cofactors","KEGG"
"Ammut_EIv1.0_0098890",11,43,0,10,2151,"Biosynthesis of secondary metabolites","KEGG"
"Ammut_EIv1.0_0098890",11,43,0,10,2151,"Metabolic pathways","KEGG"
"Ammut_EIv1.0_0098890",11,43,0,10,2151,"Porphyrin metabolism","KEGG"
"Ammut_EIv1.0_0099120",7,50,0,21,1113,"Amino acid catabolism","Reactome"
"Ammut_EIv1.0_0099120",7,50,0,21,1113,"Amino acid metabolism","Reactome"
"Ammut_EIv1.0_0099120",7,50,0,21,1113,"Biosynthesis of secondary metabolites","KEGG"
"Ammut_EIv1.0_0099120",7,50,0,21,1113,"Fatty acid degradation","KEGG"
"Ammut_EIv1.0_0099120",7,50,0,21,1113,"Glycolysis / Gluconeogenesis","KEGG"
"Ammut_EIv1.0_0099120",7,50,0,21,1113,"Metabolic pathways","KEGG"
"Ammut_EIv1.0_0099120",7,50,0,21,1113,"Metabolism and regulation","Reactome"
"Ammut_EIv1.0_0099120",7,50,0,21,1113,"Phenylalanine degradation III","Reactome"
"Ammut_EIv1.0_0099120",7,50,0,21,1113,"Pyruvate metabolism","KEGG"
"Ammut_EIv1.0_0099120",7,50,0,21,1113,"Tyrosine metabolism","KEGG"
"Ammut_EIv1.0_0099120",7,50,0,21,1113,"alpha-Linolenic acid metabolism","KEGG"
"Ammut_EIv1.0_0099820",0,66,0,27,1109,"Amino acid biosynthesis","Reactome"
"Ammut_EIv1.0_0099820",0,66,0,27,1109,"Amino acid metabolism","Reactome"
"Ammut_EIv1.0_0099820",0,66,0,27,1109,"Biosynthesis of amino acids","KEGG"
"Ammut_EIv1.0_0099820",0,66,0,27,1109,"Biosynthesis of secondary metabolites","KEGG"
"Ammut_EIv1.0_0099820",0,66,0,27,1109,"Glycine, serine and threonine metabolism","KEGG"
"Ammut_EIv1.0_0099820",0,66,0,27,1109,"Metabolic pathways","KEGG"
"Ammut_EIv1.0_0099820",0,66,0,27,1109,"Metabolism and regulation","Reactome"
"Ammut_EIv1.0_0099820",0,66,0,27,1109,"Threonine biosynthesis from homoserine","Reactome"
"Ammut_EIv1.0_0099820",0,66,0,27,1109,"Vitamin B6 metabolism","KEGG"
"Ammut_EIv1.0_0102060",0,20,0,9,1455,"Metabolic pathways","KEGG"
"Ammut_EIv1.0_0102060",0,20,0,9,1455,"Oxidative phosphorylation","KEGG"
"Ammut_EIv1.0_0103550",12,57,0,7,1714,"Alanine, aspartate and glutamate metabolism","KEGG"
"Ammut_EIv1.0_0103550",12,57,0,7,1714,"Amino acid biosynthesis","Reactome"
"Ammut_EIv1.0_0103550",12,57,0,7,1714,"Amino acid metabolism","Reactome"
"Ammut_EIv1.0_0103550",12,57,0,7,1714,"Asparagine biosynthesis","Reactome"
"Ammut_EIv1.0_0103550",12,57,0,7,1714,"Asparagine biosynthesis III","Reactome"
"Ammut_EIv1.0_0103550",12,57,0,7,1714,"Biosynthesis of amino acids","KEGG"
"Ammut_EIv1.0_0103550",12,57,0,7,1714,"Biosynthesis of secondary metabolites","KEGG"
"Ammut_EIv1.0_0103550",12,57,0,7,1714,"Citrulline biosynthesis","Reactome"
"Ammut_EIv1.0_0103550",12,57,0,7,1714,"Metabolic pathways","KEGG"
"Ammut_EIv1.0_0103550",12,57,0,7,1714,"Metabolism and regulation","Reactome"
"Ammut_EIv1.0_0104150",0,32,0,6,631,"Cell cycle","Reactome"
"Ammut_EIv1.0_0104150",0,32,0,6,631,"Cellular processes","Reactome"
"Ammut_EIv1.0_0104150",0,32,0,6,631,"DNA replication Initiation","Reactome"
"Ammut_EIv1.0_0104150",0,32,0,6,631,"Mitosis","Reactome"
"Ammut_EIv1.0_0104150",0,32,0,6,631,"S phase","Reactome"
"Ammut_EIv1.0_0104150",0,32,0,6,631,"Synthesis of DNA","Reactome"
"Ammut_EIv1.0_0105280",9,35,5,13,1431,"Ubiquitin mediated proteolysis","KEGG"
"Ammut_EIv1.0_0106120",8,61,1,15,1291,"Carbohydrate metabolism","Reactome"
"Ammut_EIv1.0_0106120",8,61,1,15,1291,"Metabolism and regulation","Reactome"
"Ammut_EIv1.0_0106120",8,61,1,15,1291,"Xylan biosynthesis","Reactome"
"Ammut_EIv1.0_0106360",0,12,2,7,330,"Metabolic pathways","KEGG"
"Ammut_EIv1.0_0106360",0,12,2,7,330,"Photosynthesis","KEGG"
"Ammut_EIv1.0_0106870",9,18,1,8,639,"Biosynthesis of nucleotide sugars","KEGG"
"Ammut_EIv1.0_0106870",9,18,1,8,639,"Biosynthesis of various nucleotide sugars","KEGG"
"Ammut_EIv1.0_0106870",9,18,1,8,639,"CMP-KDO biosynthesis II (from D-arabinose 5-phosphate)","Reactome"
"Ammut_EIv1.0_0106870",9,18,1,8,639,"Carbohydrate metabolism","Reactome"
"Ammut_EIv1.0_0106870",9,18,1,8,639,"Metabolic pathways","KEGG"
"Ammut_EIv1.0_0106870",9,18,1,8,639,"Metabolism and regulation","Reactome"
"Ammut_EIv1.0_0110320",0,16,0,14,746,"Metabolic pathways","KEGG"
"Ammut_EIv1.0_0110320",0,16,0,14,746,"Photosynthesis - antenna proteins","KEGG"
"Ammut_EIv1.0_0112280",6,59,2,24,1632,"2-Oxocarboxylic acid metabolism","KEGG"
"Ammut_EIv1.0_0112280",6,59,2,24,1632,"Amino acid biosynthesis","Reactome"
"Ammut_EIv1.0_0112280",6,59,2,24,1632,"Amino acid metabolism","Reactome"
"Ammut_EIv1.0_0112280",6,59,2,24,1632,"Biosynthesis of amino acids","KEGG"
"Ammut_EIv1.0_0112280",6,59,2,24,1632,"Biosynthesis of secondary metabolites","KEGG"
"Ammut_EIv1.0_0112280",6,59,2,24,1632,"Isoleucine biosynthesis from threonine","Reactome"
"Ammut_EIv1.0_0112280",6,59,2,24,1632,"Metabolic pathways","KEGG"
"Ammut_EIv1.0_0112280",6,59,2,24,1632,"Metabolism and regulation","Reactome"
"Ammut_EIv1.0_0112280",6,59,2,24,1632,"Pantothenate and CoA biosynthesis","KEGG"
"Ammut_EIv1.0_0112280",6,59,2,24,1632,"Valine biosynthesis","Reactome"
"Ammut_EIv1.0_0112280",6,59,2,24,1632,"Valine, leucine and isoleucine biosynthesis","KEGG"
"Ammut_EIv1.0_0112540",2,22,1,10,893,"Biosynthesis of secondary metabolites","KEGG"
"Ammut_EIv1.0_0112540",2,22,1,10,893,"Carbon fixation by Calvin cycle","KEGG"
"Ammut_EIv1.0_0112540",2,22,1,10,893,"Carbon metabolism","KEGG"
"Ammut_EIv1.0_0112540",2,22,1,10,893,"Citrate cycle","KEGG"
"Ammut_EIv1.0_0112540",2,22,1,10,893,"Cysteine and methionine metabolism","KEGG"
"Ammut_EIv1.0_0112540",2,22,1,10,893,"Generation of precursor metabolites and energy","Reactome"
"Ammut_EIv1.0_0112540",2,22,1,10,893,"Glyoxylate and dicarboxylate metabolism","KEGG"
"Ammut_EIv1.0_0112540",2,22,1,10,893,"Metabolic pathways","KEGG"
"Ammut_EIv1.0_0112540",2,22,1,10,893,"Metabolism and regulation","Reactome"
"Ammut_EIv1.0_0112540",2,22,1,10,893,"Pyruvate metabolism","KEGG"
"Ammut_EIv1.0_0112540",2,22,1,10,893,"Sulfoquinovose metabolism","KEGG"
"Ammut_EIv1.0_0112540",2,22,1,10,893,"TCA cycle (plant)","Reactome"
"Ammut_EIv1.0_0114570",0,50,2,23,1040,"Biosynthesis of secondary metabolites","KEGG"
"Ammut_EIv1.0_0114570",0,50,2,23,1040,"Metabolism and regulation","Reactome"
"Ammut_EIv1.0_0114570",0,50,2,23,1040,"Polyisoprenoid biosynthesis","Reactome"
"Ammut_EIv1.0_0114570",0,50,2,23,1040,"Secondary metabolism","Reactome"
"Ammut_EIv1.0_0114570",0,50,2,23,1040,"Terpenoid backbone biosynthesis","KEGG"
"Ammut_EIv1.0_0114770",3,38,2,9,1526,"Alanine, aspartate and glutamate metabolism","KEGG"
"Ammut_EIv1.0_0114770",3,38,2,9,1526,"Amino acid biosynthesis","Reactome"
"Ammut_EIv1.0_0114770",3,38,2,9,1526,"Amino acid metabolism","Reactome"
"Ammut_EIv1.0_0114770",3,38,2,9,1526,"Asparagine biosynthesis","Reactome"
"Ammut_EIv1.0_0114770",3,38,2,9,1526,"Asparagine biosynthesis III","Reactome"
"Ammut_EIv1.0_0114770",3,38,2,9,1526,"Biosynthesis of amino acids","KEGG"
"Ammut_EIv1.0_0114770",3,38,2,9,1526,"Biosynthesis of secondary metabolites","KEGG"
"Ammut_EIv1.0_0114770",3,38,2,9,1526,"Citrulline biosynthesis","Reactome"
"Ammut_EIv1.0_0114770",3,38,2,9,1526,"Metabolic pathways","KEGG"
"Ammut_EIv1.0_0114770",3,38,2,9,1526,"Metabolism and regulation","Reactome"
"Ammut_EIv1.0_0116350",5,37,2,18,774,"Amino acid biosynthesis","Reactome"
"Ammut_EIv1.0_0116350",5,37,2,18,774,"Amino acid metabolism","Reactome"
"Ammut_EIv1.0_0116350",5,37,2,18,774,"Biosynthesis of amino acids","KEGG"
"Ammut_EIv1.0_0116350",5,37,2,18,774,"Biosynthesis of secondary metabolites","KEGG"
"Ammut_EIv1.0_0116350",5,37,2,18,774,"Glycine, serine and threonine metabolism","KEGG"
"Ammut_EIv1.0_0116350",5,37,2,18,774,"Metabolic pathways","KEGG"
"Ammut_EIv1.0_0116350",5,37,2,18,774,"Metabolism and regulation","Reactome"
"Ammut_EIv1.0_0116350",5,37,2,18,774,"Phenylalanine, tyrosine and tryptophan biosynthesis","KEGG"
"Ammut_EIv1.0_0116350",5,37,2,18,774,"Tryptophan biosynthesis","Reactome"
"Ammut_EIv1.0_0118280",7,124,1,35,3256,"Nucleotide excision repair","KEGG"
"Ammut_EIv1.0_0118280",7,124,1,35,3256,"Ubiquitin mediated proteolysis","KEGG"
"Ammut_EIv1.0_0125680",3,50,0,10,1101,"Metabolic pathways","KEGG"
"Ammut_EIv1.0_0125680",3,50,0,10,1101,"Pentose and glucuronate interconversions","KEGG"
"Ammut_EIv1.0_0129270",3,50,1,10,1334,"2-Oxocarboxylic acid metabolism","KEGG"
"Ammut_EIv1.0_0129270",3,50,1,10,1334,"Amino acid catabolism","Reactome"
"Ammut_EIv1.0_0129270",3,50,1,10,1334,"Amino acid metabolism","Reactome"
"Ammut_EIv1.0_0129270",3,50,1,10,1334,"Biosynthesis of secondary metabolites","KEGG"
"Ammut_EIv1.0_0129270",3,50,1,10,1334,"Carbon metabolism","KEGG"
"Ammut_EIv1.0_0129270",3,50,1,10,1334,"Citrate cycle","KEGG"
"Ammut_EIv1.0_0129270",3,50,1,10,1334,"Generation of precursor metabolites and energy","Reactome"
"Ammut_EIv1.0_0129270",3,50,1,10,1334,"Lipoic acid metabolism","KEGG"
"Ammut_EIv1.0_0129270",3,50,1,10,1334,"Lysine degradation","KEGG"
"Ammut_EIv1.0_0129270",3,50,1,10,1334,"Lysine degradation II","Reactome"
"Ammut_EIv1.0_0129270",3,50,1,10,1334,"Metabolic pathways","KEGG"
"Ammut_EIv1.0_0129270",3,50,1,10,1334,"Metabolism and regulation","Reactome"
"Ammut_EIv1.0_0129270",3,50,1,10,1334,"TCA cycle (plant)","Reactome"
"Ammut_EIv1.0_0129270",3,50,1,10,1334,"Tryptophan metabolism","KEGG"
"Ammut_EIv1.0_0133720",39,78,4,12,3863,"mRNA surveillance pathway","KEGG"
"Ammut_EIv1.0_0134740",0,28,0,6,2037,"mRNA surveillance pathway","KEGG"
"Ammut_EIv1.0_0135500",6,81,4,25,1604,"Biosynthesis of secondary metabolites","KEGG"
"Ammut_EIv1.0_0135500",6,81,4,25,1604,"Carbon metabolism","KEGG"
"Ammut_EIv1.0_0135500",6,81,4,25,1604,"Glutathione metabolism","KEGG"
"Ammut_EIv1.0_0135500",6,81,4,25,1604,"Metabolic pathways","KEGG"
"Ammut_EIv1.0_0135500",6,81,4,25,1604,"Pentose phosphate pathway","KEGG"
"Ammut_EIv1.0_0135970",10,54,8,17,1555,"Biosynthesis of secondary metabolites","KEGG"
"Ammut_EIv1.0_0135970",10,54,8,17,1555,"Carbohydrate metabolism","Reactome"
"Ammut_EIv1.0_0135970",10,54,8,17,1555,"Glycerol degradation I","Reactome"
"Ammut_EIv1.0_0135970",10,54,8,17,1555,"Glycerophospholipid metabolism","KEGG"
"Ammut_EIv1.0_0135970",10,54,8,17,1555,"Metabolic pathways","KEGG"
"Ammut_EIv1.0_0135970",10,54,8,17,1555,"Metabolism and regulation","Reactome"
"Ammut_EIv1.0_0137770",18,37,9,22,1195,"2-Oxocarboxylic acid metabolism","KEGG"
"Ammut_EIv1.0_0137770",18,37,9,22,1195,"Biosynthesis of secondary metabolites","KEGG"
"Ammut_EIv1.0_0137770",18,37,9,22,1195,"Lipoic acid metabolism","KEGG"
"Ammut_EIv1.0_0137770",18,37,9,22,1195,"Metabolic pathways","KEGG"
"Ammut_EIv1.0_0137770",18,37,9,22,1195,"Propanoate metabolism","KEGG"
"Ammut_EIv1.0_0137770",18,37,9,22,1195,"Valine, leucine and isoleucine degradation","KEGG"
"Ammut_EIv1.0_0139150",2,109,3,27,2561,"2-Oxocarboxylic acid metabolism","KEGG"
"Ammut_EIv1.0_0139150",2,109,3,27,2561,"Amino acid catabolism","Reactome"
"Ammut_EIv1.0_0139150",2,109,3,27,2561,"Amino acid metabolism","Reactome"
"Ammut_EIv1.0_0139150",2,109,3,27,2561,"Biosynthesis of secondary metabolites","KEGG"
"Ammut_EIv1.0_0139150",2,109,3,27,2561,"Carbon metabolism","KEGG"
"Ammut_EIv1.0_0139150",2,109,3,27,2561,"Citrate cycle","KEGG"
"Ammut_EIv1.0_0139150",2,109,3,27,2561,"Generation of precursor metabolites and energy","Reactome"
"Ammut_EIv1.0_0139150",2,109,3,27,2561,"Lipoic acid metabolism","KEGG"
"Ammut_EIv1.0_0139150",2,109,3,27,2561,"Lysine degradation II","Reactome"
"Ammut_EIv1.0_0139150",2,109,3,27,2561,"Metabolic pathways","KEGG"
"Ammut_EIv1.0_0139150",2,109,3,27,2561,"Metabolism and regulation","Reactome"
"Ammut_EIv1.0_0139150",2,109,3,27,2561,"TCA cycle (plant)","Reactome"
"Ammut_EIv1.0_0141030",0,29,0,2,1080,"Proteasome","KEGG"
"Ammut_EIv1.0_0141260",5,75,3,20,2192,"Biosynthesis of secondary metabolites","KEGG"
"Ammut_EIv1.0_0141260",5,75,3,20,2192,"Cytoskeleton in muscle cells","KEGG"
"Ammut_EIv1.0_0141260",5,75,3,20,2192,"Metabolic pathways","KEGG"
"Ammut_EIv1.0_0141260",5,75,3,20,2192,"Nucleotide metabolism","KEGG"
"Ammut_EIv1.0_0141260",5,75,3,20,2192,"Purine metabolism","KEGG"
"Ammut_EIv1.0_0141950",29,104,6,32,2915,"Ubiquitin mediated proteolysis","KEGG"
"Ammut_EIv1.0_0142240",0,17,0,5,999,"Protein processing in endoplasmic reticulum","KEGG"
"Ammut_EIv1.0_0142380",2,33,0,4,1155,"Proteasome","KEGG"
"Ammut_EIv1.0_0144530",24,26,1,7,1360,"mRNA surveillance pathway","KEGG"
"Ammut_EIv1.0_0144720",2,6,3,19,672,"Galactose metabolism","KEGG"
"Ammut_EIv1.0_0144720",2,6,3,19,672,"Metabolic pathways","KEGG"
"Ammut_EIv1.0_0144860",0,20,0,3,942,"Hormone signaling, transport, and metabolism","Reactome"
"Ammut_EIv1.0_0144860",0,20,0,3,942,"Metabolism and regulation","Reactome"
"Ammut_EIv1.0_0144860",0,20,0,3,942,"Plant hormone signal transduction","KEGG"
"Ammut_EIv1.0_0144860",0,20,0,3,942,"Salicylic acid signaling","Reactome"
"Ammut_EIv1.0_0145030",10,79,5,22,1725,"Ribosome biogenesis in eukaryotes","KEGG"
"Ammut_EIv1.0_0149350",1,11,4,2,437,"Nucleotide excision repair","KEGG"
"Ammut_EIv1.0_0149350",1,11,4,2,437,"RNA polymerase","KEGG"
"Ammut_EIv1.0_0149820",4,10,4,4,768,"Cytoskeleton in muscle cells","KEGG"
"Ammut_EIv1.0_0149820",4,10,4,4,768,"Endocytosis","KEGG"
"Ammut_EIv1.0_0149820",4,10,4,4,768,"Motor proteins","KEGG"
"Ammut_EIv1.0_0154260",4,25,0,5,1048,"Carbohydrate metabolism","Reactome"
"Ammut_EIv1.0_0154260",4,25,0,5,1048,"Dolichyl-diphosphooligosaccharide biosynthesis","Reactome"
"Ammut_EIv1.0_0154260",4,25,0,5,1048,"Metabolic pathways","KEGG"
"Ammut_EIv1.0_0154260",4,25,0,5,1048,"Metabolism and regulation","Reactome"
"Ammut_EIv1.0_0154260",4,25,0,5,1048,"N-Glycan biosynthesis","KEGG"
"Ammut_EIv1.0_0155740",1,97,3,25,3873,"Biosynthesis of secondary metabolites","KEGG"
"Ammut_EIv1.0_0155740",1,97,3,25,3873,"Metabolic pathways","KEGG"
"Ammut_EIv1.0_0155740",1,97,3,25,3873,"Porphyrin metabolism","KEGG"
"Ammut_EIv1.0_0155780",10,75,2,21,1197,"Biosynthesis of secondary metabolites","KEGG"
"Ammut_EIv1.0_0155780",10,75,2,21,1197,"Biosynthesis of various plant secondary metabolites; Including: Crocin biosynthesis, Ginsenoside biosynthesis, Saponin adjuvant biosynthesis, Cannabidiol biosynthesis, Mugineic acid biosynthesis, Pentagalloylglucose biosynthesis, Benzoxazinoid biosynthesis, Gramine biosynthesis, Coumarin biosynthesis, Furanocoumarin biosynthesis, Hordatine biosynthesis, Podophyllotoxin biosynthesis","KEGG"
"Ammut_EIv1.0_0155780",10,75,2,21,1197,"Cyanoamino acid metabolism","KEGG"
"Ammut_EIv1.0_0155780",10,75,2,21,1197,"Metabolic pathways","KEGG"
"Ammut_EIv1.0_0155780",10,75,2,21,1197,"Starch and sucrose metabolism","KEGG"
"Ammut_EIv1.0_0157910",16,52,3,14,8538,"ATP-dependent chromatin remodeling","KEGG"
"Ammut_EIv1.0_0158460",23,17,2,6,1272,"Spliceosome","KEGG"
"Ammut_EIv1.0_0159290",5,17,8,18,1680,"Carbohydrate metabolism","Reactome"
"Ammut_EIv1.0_0159290",5,17,8,18,1680,"Metabolic pathways","KEGG"
"Ammut_EIv1.0_0159290",5,17,8,18,1680,"Metabolism and regulation","Reactome"
"Ammut_EIv1.0_0159290",5,17,8,18,1680,"Pentose and glucuronate interconversions","KEGG"
"Ammut_EIv1.0_0159290",5,17,8,18,1680,"Xylose degradation","Reactome"
"Ammut_EIv1.0_0159900",13,19,4,9,873,"Biosynthesis of amino acids","KEGG"
"Ammut_EIv1.0_0159900",13,19,4,9,873,"Biosynthesis of secondary metabolites","KEGG"
"Ammut_EIv1.0_0159900",13,19,4,9,873,"Carbon metabolism","KEGG"
"Ammut_EIv1.0_0159900",13,19,4,9,873,"Glycine, serine and threonine metabolism","KEGG"
"Ammut_EIv1.0_0159900",13,19,4,9,873,"Metabolic pathways","KEGG"
"Ammut_EIv1.0_0161330",5,44,5,11,2808,"RNA degradation","KEGG"
"Ammut_EIv1.0_0161690",1,13,0,3,621,"RNA degradation","KEGG"
"Ammut_EIv1.0_0162210",0,11,0,7,576,"Ribosome","KEGG"
"Ammut_EIv1.0_0163580",0,11,1,5,741,"Ribosome","KEGG"
"Ammut_EIv1.0_0163720",3,3,0,0,435,"Metabolic pathways","KEGG"
"Ammut_EIv1.0_0163720",3,3,0,0,435,"Oxidative phosphorylation","KEGG"
"Ammut_EIv1.0_0163910",0,51,0,10,1345,"Lysosome biogenesis","KEGG"
"Ammut_EIv1.0_0164240",0,6,0,2,504,"Plant-pathogen interaction","KEGG"
"Ammut_EIv1.0_0164320",30,72,7,19,1488,"Biosynthesis of cofactors","KEGG"
"Ammut_EIv1.0_0164320",30,72,7,19,1488,"Cofactor biosyntheses","Reactome"
"Ammut_EIv1.0_0164320",30,72,7,19,1488,"Folate biosynthesis","KEGG"
"Ammut_EIv1.0_0164320",30,72,7,19,1488,"Metabolic pathways","KEGG"
"Ammut_EIv1.0_0164320",30,72,7,19,1488,"Metabolism and regulation","Reactome"
"Ammut_EIv1.0_0164320",30,72,7,19,1488,"Tetrahydrofolate biosynthesis I","Reactome"
"Ammut_EIv1.0_0164320",30,72,7,19,1488,"Tetrahydrofolate biosynthesis II","Reactome"
"Ammut_EIv1.0_0164590",3,31,2,20,2397,"Biosynthesis of secondary metabolites","KEGG"
"Ammut_EIv1.0_0164590",3,31,2,20,2397,"Carbohydrate metabolism","Reactome"
"Ammut_EIv1.0_0164590",3,31,2,20,2397,"Galactose degradation II","Reactome"
"Ammut_EIv1.0_0164590",3,31,2,20,2397,"Metabolic pathways","KEGG"
"Ammut_EIv1.0_0164590",3,31,2,20,2397,"Metabolism and regulation","Reactome"
"Ammut_EIv1.0_0164590",3,31,2,20,2397,"Starch and sucrose metabolism","KEGG"
"Ammut_EIv1.0_0164590",3,31,2,20,2397,"Sucrose biosynthesis","Reactome"
"Ammut_EIv1.0_0164620",1,16,0,9,912,"Ribosome","KEGG"
"Ammut_EIv1.0_0164630",0,5,0,2,426,"Nucleotide excision repair","KEGG"
"Ammut_EIv1.0_0164630",0,5,0,2,426,"RNA polymerase","KEGG"
"Ammut_EIv1.0_0164640",6,21,1,7,795,"Amino acid biosynthesis","Reactome"
"Ammut_EIv1.0_0164640",6,21,1,7,795,"Amino acid metabolism","Reactome"
"Ammut_EIv1.0_0164640",6,21,1,7,795,"Glutamate biosynthesis I","Reactome"
"Ammut_EIv1.0_0164640",6,21,1,7,795,"Metabolism and regulation","Reactome"
"Ammut_EIv1.0_0165320",7,28,7,46,2169,"Nucleocytoplasmic transport","KEGG"
"Ammut_EIv1.0_0165820",0,2,3,7,625,"Metabolic pathways","KEGG"
"Ammut_EIv1.0_0165820",0,2,3,7,625,"Pentose and glucuronate interconversions","KEGG"
"Ammut_EIv1.0_0166170",0,9,0,6,1065,"Carbohydrate metabolism","Reactome"
"Ammut_EIv1.0_0166170",0,9,0,6,1065,"Metabolism and regulation","Reactome"
"Ammut_EIv1.0_0166170",0,9,0,6,1065,"UDP-L-arabinose biosynthesis and transport","Reactome"
"Ammut_EIv1.0_0166360",11,9,4,7,1722,"Lysosome biogenesis","KEGG"
"Ammut_EIv1.0_0168350",0,3,4,3,1428,"Cofactor biosyntheses","Reactome"
"Ammut_EIv1.0_0168350",0,3,4,3,1428,"Metabolism and regulation","Reactome"
"Ammut_EIv1.0_0168350",0,3,4,3,1428,"Methylerythritol phosphate pathway","Reactome"
"Ammut_EIv1.0_0170470",0,41,0,11,1148,"ATP-dependent chromatin remodeling","KEGG"
"Ammut_EIv1.0_0170750",2,6,0,8,633,"Metabolic pathways","KEGG"
"Ammut_EIv1.0_0170750",2,6,0,8,633,"Photosynthesis - antenna proteins","KEGG"
"Ammut_EIv1.0_0172220",0,8,0,4,1436,"Plant hormone signal transduction","KEGG"
"Ammut_EIv1.0_0172220",0,8,0,4,1436,"Plant-pathogen interaction","KEGG"
"Ammut_EIv1.0_0172890",0,10,1,7,1300,"Metabolic pathways","KEGG"
"Ammut_EIv1.0_0172890",0,10,1,7,1300,"Oxidative phosphorylation","KEGG"
"Ammut_EIv1.0_0173110",0,4,6,7,1222,"Efferocytosis","KEGG"
"Ammut_EIv1.0_0173110",0,4,6,7,1222,"Metabolic pathways","KEGG"
"Ammut_EIv1.0_0173110",0,4,6,7,1222,"Sphingolipid metabolism","KEGG"
"Ammut_EIv1.0_0173160",15,11,11,34,3643,"Motor proteins","KEGG"
"Ammut_EIv1.0_0173600",0,3,0,3,843,"Metabolic pathways","KEGG"
"Ammut_EIv1.0_0173600",0,3,0,3,843,"Photosynthesis - antenna proteins","KEGG"
"Ammut_EIv1.0_0173650",13,14,3,11,994,"Metabolic pathways","KEGG"
"Ammut_EIv1.0_0173650",13,14,3,11,994,"Sulfur metabolism","KEGG"
"Ammut_EIv1.0_0175300",0,4,0,8,405,"ATP-dependent chromatin remodeling","KEGG"
"Ammut_EIv1.0_0176180",6,6,14,9,1984,"Base excision repair","KEGG"
"Ammut_EIv1.0_0177590",0,5,1,2,1596,"Plant hormone signal transduction","KEGG"
"Ammut_EIv1.0_0177590",0,5,1,2,1596,"Plant-pathogen interaction","KEGG"
"Ammut_EIv1.0_0178010",0,3,0,5,357,"Autophagy - other","KEGG"
"Ammut_EIv1.0_0178400",2,4,0,9,1167,"Metabolic pathways","KEGG"
"Ammut_EIv1.0_0178400",2,4,0,9,1167,"Sulfur cycle","KEGG"
"Ammut_EIv1.0_0178400",2,4,0,9,1167,"Sulfur metabolism","KEGG"
"Ammut_EIv1.0_0178990",0,1,0,5,2076,"Metabolism and regulation","Reactome"
"Ammut_EIv1.0_0178990",0,1,0,5,2076,"Phytic acid biosynthesis","Reactome"
"Ammut_EIv1.0_0178990",0,1,0,5,2076,"Phytic acid biosynthesis (lipid-independent)","Reactome"
"Ammut_EIv1.0_0178990",0,1,0,5,2076,"Secondary metabolism","Reactome"
"Ammut_EIv1.0_0180380",0,4,1,3,1866,"Generation of precursor metabolites and energy","Reactome"
"Ammut_EIv1.0_0180380",0,4,1,3,1866,"Metabolism and regulation","Reactome"
"Ammut_EIv1.0_0180380",0,4,1,3,1866,"TCA cycle (plant)","Reactome"
"Ammut_EIv1.0_0180450",2,7,1,10,3240,"Nucleocytoplasmic transport","KEGG"
"Ammut_EIv1.0_0180450",2,7,1,10,3240,"mRNA surveillance pathway","KEGG"
"Ammut_EIv1.0_0181320",1,1,2,2,902,"Allantoin degradation","Reactome"
"Ammut_EIv1.0_0181320",1,1,2,2,902,"Amine and polyamine biosynthesis","Reactome"
"Ammut_EIv1.0_0181320",1,1,2,2,902,"Metabolic pathways","KEGG"
"Ammut_EIv1.0_0181320",1,1,2,2,902,"Metabolism and regulation","Reactome"
"Ammut_EIv1.0_0181320",1,1,2,2,902,"Purine metabolism","KEGG"
"Ammut_EIv1.0_0182090",0,1,5,4,2428,"RNA degradation","KEGG"
"Ammut_EIv1.0_0182590",1,1,2,2,1397,"Aminoacyl-tRNA biosynthesis","KEGG"
"Ammut_EIv1.0_0184890",0,1,0,4,1497,"Biosynthesis of amino acids","KEGG"
"Ammut_EIv1.0_0184890",0,1,0,4,1497,"Biosynthesis of secondary metabolites","KEGG"
"Ammut_EIv1.0_0184890",0,1,0,4,1497,"Carbon metabolism","KEGG"
"Ammut_EIv1.0_0184890",0,1,0,4,1497,"Glycolysis / Gluconeogenesis","KEGG"
"Ammut_EIv1.0_0184890",0,1,0,4,1497,"Metabolic pathways","KEGG"
"Ammut_EIv1.0_0184890",0,1,0,4,1497,"Pyruvate metabolism","KEGG"
"Ammut_EIv1.0_0186960",2,2,7,5,3804,"Spliceosome","KEGG"
"Ammut_EIv1.0_0187710",1,2,2,5,924,"Metabolic pathways","KEGG"
"Ammut_EIv1.0_0187710",1,2,2,5,924,"Photosynthesis","KEGG"
"Ammut_EIv1.0_0187960",2,3,9,7,3643,"Biosynthesis of secondary metabolites","KEGG"
"Ammut_EIv1.0_0187960",2,3,9,7,3643,"Carotenoid biosynthesis","KEGG"
"Ammut_EIv1.0_0187960",2,3,9,7,3643,"Metabolic pathways","KEGG"
"Ammut_EIv1.0_0188020",0,1,1,3,906,"SNARE interactions in vesicular transport","KEGG"
"Ammut_EIv1.0_0190720",1,2,2,3,1118,"mRNA surveillance pathway","KEGG"
"Ammut_EIv1.0_0190920",0,4,12,7,2262,"Protein processing in endoplasmic reticulum","KEGG"
"Ammut_EIv1.0_0192130",0,6,0,4,477,"Ribosome","KEGG"
"Ammut_EIv1.0_0192340",2,3,5,4,1789,"Ribosome biogenesis in eukaryotes","KEGG"
"Ammut_EIv1.0_0192630",4,7,1,5,1275,"Proteasome","KEGG"
"Ammut_EIv1.0_0194420",0,2,7,11,732,"Ribosome biogenesis in eukaryotes","KEGG"
"Ammut_EIv1.0_0195620",0,2,0,1,672,"Ribosome","KEGG"
"Ammut_EIv1.0_0196520",1,7,3,7,1362,"Biosynthesis of secondary metabolites","KEGG"
"Ammut_EIv1.0_0196520",1,7,3,7,1362,"Carotenoid biosynthesis","KEGG;Reactome"
"Ammut_EIv1.0_0196520",1,7,3,7,1362,"Metabolic pathways","KEGG"
"Ammut_EIv1.0_0196520",1,7,3,7,1362,"Metabolism and regulation","Reactome"
"Ammut_EIv1.0_0196520",1,7,3,7,1362,"Secondary metabolism","Reactome"
"Ammut_EIv1.0_0196540",0,3,2,5,1176,"Biosynthesis of unsaturated fatty acids","KEGG"
"Ammut_EIv1.0_0196540",0,3,2,5,1176,"Fatty acid biosynthesis","KEGG"
"Ammut_EIv1.0_0196540",0,3,2,5,1176,"Fatty acid metabolism","KEGG"
"Ammut_EIv1.0_0196540",0,3,2,5,1176,"Metabolic pathways","KEGG"
"Ammut_EIv1.0_0196740",0,16,1,14,1300,"ATP-dependent chromatin remodeling","KEGG"
"Ammut_EIv1.0_0196860",7,26,1,6,2675,"Efferocytosis","KEGG"
"Ammut_EIv1.0_0196860",7,26,1,6,2675,"Lysosome biogenesis","KEGG"
"Ammut_EIv1.0_0197400",0,4,0,13,2929,"2-Oxocarboxylic acid metabolism","KEGG"
"Ammut_EIv1.0_0197400",0,4,0,13,2929,"Biosynthesis of secondary metabolites","KEGG"
"Ammut_EIv1.0_0197400",0,4,0,13,2929,"Carbon metabolism","KEGG"
"Ammut_EIv1.0_0197400",0,4,0,13,2929,"Citrate cycle","KEGG"
"Ammut_EIv1.0_0197400",0,4,0,13,2929,"Lipoic acid metabolism","KEGG"
"Ammut_EIv1.0_0197400",0,4,0,13,2929,"Metabolic pathways","KEGG"
"Ammut_EIv1.0_0199780",5,21,0,7,1424,"Amino acid biosynthesis","Reactome"
"Ammut_EIv1.0_0199780",5,21,0,7,1424,"Amino acid metabolism","Reactome"
"Ammut_EIv1.0_0199780",5,21,0,7,1424,"Biosynthesis of amino acids","KEGG"
"Ammut_EIv1.0_0199780",5,21,0,7,1424,"Biosynthesis of secondary metabolites","KEGG"
"Ammut_EIv1.0_0199780",5,21,0,7,1424,"Histidine biosynthesis I","Reactome"
"Ammut_EIv1.0_0199780",5,21,0,7,1424,"Histidine metabolism","KEGG"
"Ammut_EIv1.0_0199780",5,21,0,7,1424,"Metabolic pathways","KEGG"
"Ammut_EIv1.0_0199780",5,21,0,7,1424,"Metabolism and regulation","Reactome"
"Ammut_EIv1.0_0202010",4,4,0,4,729,"Ribosome biogenesis in eukaryotes","KEGG"
"Ammut_EIv1.0_0202100",1,9,0,3,1416,"Biosynthesis of cofactors","KEGG"
"Ammut_EIv1.0_0202100",1,9,0,3,1416,"Metabolic pathways","KEGG"
"Ammut_EIv1.0_0202100",1,9,0,3,1416,"Nicotinate and nicotinamide metabolism","KEGG"
"Ammut_EIv1.0_0204690",0,8,1,3,1214,"Biosynthesis of cofactors","KEGG"
"Ammut_EIv1.0_0204690",0,8,1,3,1214,"Biotin metabolism","KEGG"
"Ammut_EIv1.0_0204690",0,8,1,3,1214,"Fatty acid biosynthesis","KEGG"
"Ammut_EIv1.0_0204690",0,8,1,3,1214,"Fatty acid metabolism","KEGG"
"Ammut_EIv1.0_0204690",0,8,1,3,1214,"Metabolic pathways","KEGG"
"Ammut_EIv1.0_0204700",0,3,0,2,384,"RNA degradation","KEGG"
"Ammut_EIv1.0_0204820",0,1,1,2,516,"Protein export","KEGG"
"Ammut_EIv1.0_0205290",2,35,7,14,1700,"Biosynthesis of secondary metabolites","KEGG"
"Ammut_EIv1.0_0205290",2,35,7,14,1700,"Carotenoid biosynthesis","KEGG;Reactome"
"Ammut_EIv1.0_0205290",2,35,7,14,1700,"Metabolic pathways","KEGG"
"Ammut_EIv1.0_0205290",2,35,7,14,1700,"Metabolism and regulation","Reactome"
"Ammut_EIv1.0_0205290",2,35,7,14,1700,"Secondary metabolism","Reactome"
"Ammut_EIv1.0_0206200",4,7,0,8,990,"Biosynthesis of cofactors","KEGG"
"Ammut_EIv1.0_0206200",4,7,0,8,990,"Lipoic acid metabolism","KEGG"
"Ammut_EIv1.0_0206200",4,7,0,8,990,"Metabolic pathways","KEGG"
"Ammut_EIv1.0_0206520",0,10,3,16,1392,"Arachidonic acid metabolism","KEGG"
"Ammut_EIv1.0_0206520",0,10,3,16,1392,"Cyanoamino acid metabolism","KEGG"
"Ammut_EIv1.0_0206520",0,10,3,16,1392,"Glutathione metabolism","KEGG"
"Ammut_EIv1.0_0206520",0,10,3,16,1392,"Metabolic pathways","KEGG"
"Ammut_EIv1.0_0206520",0,10,3,16,1392,"Taurine and hypotaurine metabolism","KEGG"
"Ammut_EIv1.0_0206870",0,9,0,2,354,"Ribosome","KEGG"
"Ammut_EIv1.0_0207510",4,22,3,17,1332,"Amino acid biosynthesis","Reactome"
"Ammut_EIv1.0_0207510",4,22,3,17,1332,"Amino acid metabolism","Reactome"
"Ammut_EIv1.0_0207510",4,22,3,17,1332,"Glycine betaine biosynthesis III","Reactome"
"Ammut_EIv1.0_0207510",4,22,3,17,1332,"Glycine, serine and threonine metabolism","KEGG"
"Ammut_EIv1.0_0207510",4,22,3,17,1332,"Metabolic pathways","KEGG"
"Ammut_EIv1.0_0207510",4,22,3,17,1332,"Metabolism and regulation","Reactome"
"Ammut_EIv1.0_0207510",4,22,3,17,1332,"One carbon pool by folate","KEGG"
"Ammut_EIv1.0_0207920",4,42,2,14,1052,"Amine and polyamine biosynthesis","Reactome"
"Ammut_EIv1.0_0207920",4,42,2,14,1052,"Arginine and proline metabolism","KEGG"
"Ammut_EIv1.0_0207920",4,42,2,14,1052,"Biosynthesis of secondary metabolites","KEGG"
"Ammut_EIv1.0_0207920",4,42,2,14,1052,"Metabolic pathways","KEGG"
"Ammut_EIv1.0_0207920",4,42,2,14,1052,"Metabolism and regulation","Reactome"
"Ammut_EIv1.0_0207920",4,42,2,14,1052,"Putrescine biosynthesis II","Reactome"
"Ammut_EIv1.0_0207940",16,4,6,7,2322,"Polycomb repressive complex","KEGG"
"Ammut_EIv1.0_0209470",4,34,1,22,1143,"Metabolic pathways","KEGG"
"Ammut_EIv1.0_0209470",4,34,1,22,1143,"N-Glycan biosynthesis","KEGG"
"Ammut_EIv1.0_0209530",0,19,0,2,916,"2-Oxocarboxylic acid metabolism","KEGG"
"Ammut_EIv1.0_0209530",0,19,0,2,916,"Amino acid biosynthesis","Reactome"
"Ammut_EIv1.0_0209530",0,19,0,2,916,"Amino acid metabolism","Reactome"
"Ammut_EIv1.0_0209530",0,19,0,2,916,"Biosynthesis of amino acids","KEGG"
"Ammut_EIv1.0_0209530",0,19,0,2,916,"Biosynthesis of secondary metabolites","KEGG"
"Ammut_EIv1.0_0209530",0,19,0,2,916,"Carbon metabolism","KEGG"
"Ammut_EIv1.0_0209530",0,19,0,2,916,"Citrate cycle","KEGG"
"Ammut_EIv1.0_0209530",0,19,0,2,916,"Generation of precursor metabolites and energy","Reactome"
"Ammut_EIv1.0_0209530",0,19,0,2,916,"Leucine biosynthesis","Reactome"
"Ammut_EIv1.0_0209530",0,19,0,2,916,"Metabolic pathways","KEGG"
"Ammut_EIv1.0_0209530",0,19,0,2,916,"Metabolism and regulation","Reactome"
"Ammut_EIv1.0_0209530",0,19,0,2,916,"TCA cycle (plant)","Reactome"
"Ammut_EIv1.0_0210750",11,37,7,30,1883,"Ubiquitin mediated proteolysis","KEGG"
"Ammut_EIv1.0_0210770",2,31,1,4,1164,"Proteasome","KEGG"
"Ammut_EIv1.0_0210840",3,17,0,4,1452,"Biosynthesis of secondary metabolites","KEGG"
"Ammut_EIv1.0_0210840",3,17,0,4,1452,"Carbon metabolism","KEGG"
"Ammut_EIv1.0_0210840",3,17,0,4,1452,"Glutathione metabolism","KEGG"
"Ammut_EIv1.0_0210840",3,17,0,4,1452,"Metabolic pathways","KEGG"
"Ammut_EIv1.0_0210840",3,17,0,4,1452,"Pentose phosphate pathway","KEGG"
"Ammut_EIv1.0_0211650",1,16,0,4,816,"Biosynthesis of secondary metabolites","KEGG"
"Ammut_EIv1.0_0211650",1,16,0,4,816,"Carbon metabolism","KEGG"
"Ammut_EIv1.0_0211650",1,16,0,4,816,"Glyoxylate and dicarboxylate metabolism","KEGG"
"Ammut_EIv1.0_0211650",1,16,0,4,816,"Metabolic pathways","KEGG"
"Ammut_EIv1.0_0212490",6,18,0,5,484,"Biosynthesis of cofactors","KEGG"
"Ammut_EIv1.0_0212490",6,18,0,5,484,"Biosynthesis of secondary metabolites","KEGG"
"Ammut_EIv1.0_0212490",6,18,0,5,484,"Cofactor biosyntheses","Reactome"
"Ammut_EIv1.0_0212490",6,18,0,5,484,"Flavin biosynthesis","Reactome"
"Ammut_EIv1.0_0212490",6,18,0,5,484,"Metabolic pathways","KEGG"
"Ammut_EIv1.0_0212490",6,18,0,5,484,"Metabolism and regulation","Reactome"
"Ammut_EIv1.0_0212490",6,18,0,5,484,"Riboflavin metabolism","KEGG"
"Ammut_EIv1.0_0213100",4,17,2,9,1217,"Metabolism and regulation","Reactome"
"Ammut_EIv1.0_0213100",4,17,2,9,1217,"Phenylpropanoid biosynthesis","Reactome"
"Ammut_EIv1.0_0213100",4,17,2,9,1217,"Secondary metabolism","Reactome"
"Ammut_EIv1.0_0213200",0,5,0,34,429,"Ribosome","KEGG"
"Ammut_EIv1.0_0213250",21,21,1,4,1158,"Base excision repair","KEGG"
"Ammut_EIv1.0_0213720",33,44,8,10,1369,"Metabolic pathways","KEGG"
"Ammut_EIv1.0_0213720",33,44,8,10,1369,"N-Glycan biosynthesis","KEGG"
"Ammut_EIv1.0_0216400",6,23,2,7,893,"Biosynthesis of secondary metabolites","KEGG"
"Ammut_EIv1.0_0216400",6,23,2,7,893,"Monoterpenoid biosynthesis","KEGG"
"Ammut_EIv1.0_0216690",9,42,3,12,778,"Protein processing in endoplasmic reticulum","KEGG"
"Ammut_EIv1.0_0216900",17,28,2,5,1797,"Biosynthesis of secondary metabolites","KEGG"
"Ammut_EIv1.0_0216900",17,28,2,5,1797,"Carbohydrate metabolism","Reactome"
"Ammut_EIv1.0_0216900",17,28,2,5,1797,"Gravitropism under normal or artificial gravity environments","Reactome"
"Ammut_EIv1.0_0216900",17,28,2,5,1797,"Growth and developmental processes","Reactome"
"Ammut_EIv1.0_0216900",17,28,2,5,1797,"Metabolic pathways","KEGG"
"Ammut_EIv1.0_0216900",17,28,2,5,1797,"Metabolism and regulation","Reactome"
"Ammut_EIv1.0_0216900",17,28,2,5,1797,"Regulatory network of nutrient accumulation","Reactome"
"Ammut_EIv1.0_0216900",17,28,2,5,1797,"Reproductive structure development","Reactome"
"Ammut_EIv1.0_0216900",17,28,2,5,1797,"Responses to stimuli: abiotic stimuli and stresses","Reactome"
"Ammut_EIv1.0_0216900",17,28,2,5,1797,"Root gravitropism","Reactome"
"Ammut_EIv1.0_0216900",17,28,2,5,1797,"Seed development","Reactome"
"Ammut_EIv1.0_0216900",17,28,2,5,1797,"Starch and sucrose metabolism","KEGG"
"Ammut_EIv1.0_0216900",17,28,2,5,1797,"Starch biosynthesis","Reactome"
"Ammut_EIv1.0_0217640",9,25,0,6,1014,"Biosynthesis of secondary metabolites","KEGG"
"Ammut_EIv1.0_0217640",9,25,0,6,1014,"Metabolic pathways","KEGG"
"Ammut_EIv1.0_0217640",9,25,0,6,1014,"Phenylpropanoid biosynthesis","KEGG"
"Ammut_EIv1.0_0217650",12,27,6,9,3502,"Nucleocytoplasmic transport","KEGG"
"Ammut_EIv1.0_0217650",12,27,6,9,3502,"mRNA surveillance pathway","KEGG"
"Ammut_EIv1.0_0218130",0,74,2,40,2137,"Biosynthesis of secondary metabolites","KEGG"
"Ammut_EIv1.0_0218130",0,74,2,40,2137,"Metabolic pathways","KEGG"
"Ammut_EIv1.0_0218130",0,74,2,40,2137,"Metabolism and regulation","Reactome"
"Ammut_EIv1.0_0218130",0,74,2,40,2137,"Phenylalanine metabolism","KEGG"
"Ammut_EIv1.0_0218130",0,74,2,40,2137,"Phenylpropanoid biosynthesis","KEGG"
"Ammut_EIv1.0_0218130",0,74,2,40,2137,"Phenylpropanoid biosynthesis, initial reactions","Reactome"
"Ammut_EIv1.0_0218130",0,74,2,40,2137,"Salicylate biosynthesis","Reactome"
"Ammut_EIv1.0_0218130",0,74,2,40,2137,"Secondary metabolism","Reactome"
"Ammut_EIv1.0_0218130",0,74,2,40,2137,"Suberin biosynthesis","Reactome"
"Ammut_EIv1.0_0218530",5,50,1,24,1069,"Amino acid catabolism","Reactome"
"Ammut_EIv1.0_0218530",5,50,1,24,1069,"Amino acid metabolism","Reactome"
"Ammut_EIv1.0_0218530",5,50,1,24,1069,"Biosynthesis of amino acids","KEGG"
"Ammut_EIv1.0_0218530",5,50,1,24,1069,"Biosynthesis of secondary metabolites","KEGG"
"Ammut_EIv1.0_0218530",5,50,1,24,1069,"Biotin biosynthesis II","Reactome"
"Ammut_EIv1.0_0218530",5,50,1,24,1069,"Cofactor biosyntheses","Reactome"
"Ammut_EIv1.0_0218530",5,50,1,24,1069,"Glycine, serine and threonine metabolism","KEGG"
"Ammut_EIv1.0_0218530",5,50,1,24,1069,"Metabolic pathways","KEGG"
"Ammut_EIv1.0_0218530",5,50,1,24,1069,"Metabolism and regulation","Reactome"
"Ammut_EIv1.0_0218530",5,50,1,24,1069,"Threonine degradation","Reactome"
"Ammut_EIv1.0_0219370",4,18,0,5,1193,"Autophagy - other","KEGG"
"Ammut_EIv1.0_0219450",15,63,8,31,2807,"Motor proteins","KEGG"
"Ammut_EIv1.0_0220390",2,8,0,3,755,"Circadian rhythm - plant","KEGG"
"Ammut_EIv1.0_0220390",2,8,0,3,755,"Polycomb repressive complex","KEGG"
"Ammut_EIv1.0_0220390",2,8,0,3,755,"Ribosome biogenesis in eukaryotes","KEGG"
"Ammut_EIv1.0_0220660",6,10,10,10,1497,"Metabolic pathways","KEGG"
"Ammut_EIv1.0_0220660",6,10,10,10,1497,"N-Glycan biosynthesis","KEGG"
"Ammut_EIv1.0_0220660",6,10,10,10,1497,"Various types of N-glycan biosynthesis","KEGG"
"Ammut_EIv1.0_0221790",2,11,0,9,909,"Brassinosteroid biosynthesis II","Reactome"
"Ammut_EIv1.0_0221790",2,11,0,9,909,"Hormone signaling, transport, and metabolism","Reactome"
"Ammut_EIv1.0_0221790",2,11,0,9,909,"Metabolic pathways","KEGG"
"Ammut_EIv1.0_0221790",2,11,0,9,909,"Metabolism and regulation","Reactome"
"Ammut_EIv1.0_0221790",2,11,0,9,909,"N-Glycan biosynthesis","KEGG"
"Ammut_EIv1.0_0221900",4,28,3,4,926,"Amino acid biosynthesis","Reactome"
"Ammut_EIv1.0_0221900",4,28,3,4,926,"Amino acid metabolism","Reactome"
"Ammut_EIv1.0_0221900",4,28,3,4,926,"Biosynthesis of amino acids","KEGG"
"Ammut_EIv1.0_0221900",4,28,3,4,926,"Biosynthesis of secondary metabolites","KEGG"
"Ammut_EIv1.0_0221900",4,28,3,4,926,"Lysine biosynthesis","KEGG"
"Ammut_EIv1.0_0221900",4,28,3,4,926,"Lysine biosynthesis I","Reactome"
"Ammut_EIv1.0_0221900",4,28,3,4,926,"Lysine biosynthesis II","Reactome"
"Ammut_EIv1.0_0221900",4,28,3,4,926,"Lysine biosynthesis VI","Reactome"
"Ammut_EIv1.0_0221900",4,28,3,4,926,"Metabolic pathways","KEGG"
"Ammut_EIv1.0_0221900",4,28,3,4,926,"Metabolism and regulation","Reactome"
"Ammut_EIv1.0_0221900",4,28,3,4,926,"Monobactam biosynthesis","KEGG"
"Ammut_EIv1.0_0224120",4,22,3,9,984,"2-Oxocarboxylic acid metabolism","KEGG"
"Ammut_EIv1.0_0224120",4,22,3,9,984,"Amino acid biosynthesis","Reactome"
"Ammut_EIv1.0_0224120",4,22,3,9,984,"Amino acid metabolism","Reactome"
"Ammut_EIv1.0_0224120",4,22,3,9,984,"Biosynthesis of amino acids","KEGG"
"Ammut_EIv1.0_0224120",4,22,3,9,984,"Biosynthesis of cofactors","KEGG"
"Ammut_EIv1.0_0224120",4,22,3,9,984,"Biosynthesis of secondary metabolites","KEGG"
"Ammut_EIv1.0_0224120",4,22,3,9,984,"Cofactor biosyntheses","Reactome"
"Ammut_EIv1.0_0224120",4,22,3,9,984,"Cysteine and methionine metabolism","KEGG"
"Ammut_EIv1.0_0224120",4,22,3,9,984,"Glucosinolate biosynthesis","KEGG"
"Ammut_EIv1.0_0224120",4,22,3,9,984,"Isoleucine biosynthesis from threonine","Reactome"
"Ammut_EIv1.0_0224120",4,22,3,9,984,"Leucine biosynthesis","Reactome"
"Ammut_EIv1.0_0224120",4,22,3,9,984,"Metabolic pathways","KEGG"
"Ammut_EIv1.0_0224120",4,22,3,9,984,"Metabolism and regulation","Reactome"
"Ammut_EIv1.0_0224120",4,22,3,9,984,"Pantothenate and CoA biosynthesis","KEGG"
"Ammut_EIv1.0_0224120",4,22,3,9,984,"Pantothenate biosynthesis I","Reactome"
"Ammut_EIv1.0_0224120",4,22,3,9,984,"Pantothenate biosynthesis II","Reactome"
"Ammut_EIv1.0_0224120",4,22,3,9,984,"Valine, leucine and isoleucine biosynthesis","KEGG"
"Ammut_EIv1.0_0224120",4,22,3,9,984,"Valine, leucine and isoleucine degradation","KEGG"
"Ammut_EIv1.0_0224330",0,8,1,4,1260,"Biosynthesis of secondary metabolites","KEGG"
"Ammut_EIv1.0_0224330",0,8,1,4,1260,"Biosynthesis of unsaturated fatty acids","KEGG"
"Ammut_EIv1.0_0224330",0,8,1,4,1260,"Fatty acid elongation","KEGG"
"Ammut_EIv1.0_0224330",0,8,1,4,1260,"Metabolic pathways","KEGG"
"Ammut_EIv1.0_0224460",10,31,4,8,1031,"Biosynthesis of cofactors","KEGG"
"Ammut_EIv1.0_0224460",10,31,4,8,1031,"Biosynthesis of secondary metabolites","KEGG"
"Ammut_EIv1.0_0224460",10,31,4,8,1031,"Metabolic pathways","KEGG"
"Ammut_EIv1.0_0224460",10,31,4,8,1031,"Riboflavin metabolism","KEGG"
"Ammut_EIv1.0_0224660",0,23,0,5,504,"Cofactor biosyntheses","Reactome"
"Ammut_EIv1.0_0224660",0,23,0,5,504,"Glutathione metabolism","KEGG"
"Ammut_EIv1.0_0224660",0,23,0,5,504,"Glutathione redox reactions I","Reactome"
"Ammut_EIv1.0_0224660",0,23,0,5,504,"Metabolic pathways","KEGG"
"Ammut_EIv1.0_0224660",0,23,0,5,504,"Metabolism and regulation","Reactome"
"Ammut_EIv1.0_0224710",11,20,5,7,1010,"D-Amino acid metabolism","KEGG"
"Ammut_EIv1.0_0224710",11,20,5,7,1010,"Glycine, serine and threonine metabolism","KEGG"
"Ammut_EIv1.0_0224710",11,20,5,7,1010,"Metabolic pathways","KEGG"
"Ammut_EIv1.0_0225590",9,9,8,14,912,"Amino acid catabolism","Reactome"
"Ammut_EIv1.0_0225590",9,9,8,14,912,"Amino acid metabolism","Reactome"
"Ammut_EIv1.0_0225590",9,9,8,14,912,"Asparagine degradation I","Reactome"
"Ammut_EIv1.0_0225590",9,9,8,14,912,"Lysosome biogenesis","KEGG"
"Ammut_EIv1.0_0225590",9,9,8,14,912,"Metabolism and regulation","Reactome"
"Ammut_EIv1.0_0225590",9,9,8,14,912,"Other glycan degradation","KEGG"
"Ammut_EIv1.0_0225610",16,31,5,8,1108,"Amino acid catabolism","Reactome"
"Ammut_EIv1.0_0225610",16,31,5,8,1108,"Amino acid metabolism","Reactome"
"Ammut_EIv1.0_0225610",16,31,5,8,1108,"Biosynthesis of amino acids","KEGG"
"Ammut_EIv1.0_0225610",16,31,5,8,1108,"Biosynthesis of secondary metabolites","KEGG"
"Ammut_EIv1.0_0225610",16,31,5,8,1108,"Biotin biosynthesis II","Reactome"
"Ammut_EIv1.0_0225610",16,31,5,8,1108,"Cofactor biosyntheses","Reactome"
"Ammut_EIv1.0_0225610",16,31,5,8,1108,"Glycine, serine and threonine metabolism","KEGG"
"Ammut_EIv1.0_0225610",16,31,5,8,1108,"Metabolic pathways","KEGG"
"Ammut_EIv1.0_0225610",16,31,5,8,1108,"Metabolism and regulation","Reactome"
"Ammut_EIv1.0_0225610",16,31,5,8,1108,"Threonine degradation","Reactome"
"Ammut_EIv1.0_0226650",3,41,2,22,785,"Peroxisome","KEGG"
"Ammut_EIv1.0_0227370",0,39,0,12,1458,"Amino sugar and nucleotide sugar metabolism","KEGG"
"Ammut_EIv1.0_0227370",0,39,0,12,1458,"Biosynthesis of nucleotide sugars","KEGG"
"Ammut_EIv1.0_0227370",0,39,0,12,1458,"Biosynthesis of various nucleotide sugars","KEGG"
"Ammut_EIv1.0_0227370",0,39,0,12,1458,"Metabolic pathways","KEGG"
"Ammut_EIv1.0_0228260",0,16,0,3,871,"Biosynthesis of cofactors","KEGG"
"Ammut_EIv1.0_0228260",0,16,0,3,871,"Biosynthesis of secondary metabolites","KEGG"
"Ammut_EIv1.0_0228260",0,16,0,3,871,"Metabolic pathways","KEGG"
"Ammut_EIv1.0_0228260",0,16,0,3,871,"Porphyrin metabolism","KEGG"
"Ammut_EIv1.0_0229160",12,32,3,2,1242,"Amino sugar and nucleotide sugar metabolism","KEGG"
"Ammut_EIv1.0_0229160",12,32,3,2,1242,"Biosynthesis of nucleotide sugars","KEGG"
"Ammut_EIv1.0_0229160",12,32,3,2,1242,"Metabolic pathways","KEGG"
"Ammut_EIv1.0_0229520",4,28,3,5,1692,"Metabolic pathways","KEGG"
"Ammut_EIv1.0_0229520",4,28,3,5,1692,"N-Glycan biosynthesis","KEGG"
"Ammut_EIv1.0_0229520",4,28,3,5,1692,"Protein processing in endoplasmic reticulum","KEGG"
"Ammut_EIv1.0_0229520",4,28,3,5,1692,"Various types of N-glycan biosynthesis","KEGG"
"Ammut_EIv1.0_0229800",1,18,1,13,719,"Ribosome","KEGG"
"Ammut_EIv1.0_0231530",10,19,5,6,1805,"Endocytosis","KEGG"
"Ammut_EIv1.0_0232560",17,39,4,8,2037,"mRNA surveillance pathway","KEGG"
"Ammut_EIv1.0_0236760",1,43,1,20,1232,"Amino sugar and nucleotide sugar metabolism","KEGG"
"Ammut_EIv1.0_0236760",1,43,1,20,1232,"Biosynthesis of nucleotide sugars","KEGG"
"Ammut_EIv1.0_0236760",1,43,1,20,1232,"Carbohydrate metabolism","Reactome"
"Ammut_EIv1.0_0236760",1,43,1,20,1232,"GDP-D-rhamnose biosynthesis","Reactome"
"Ammut_EIv1.0_0236760",1,43,1,20,1232,"GDP-L-fucose biosynthesis I (from GDP-D-mannose)","Reactome"
"Ammut_EIv1.0_0236760",1,43,1,20,1232,"Metabolic pathways","KEGG"
"Ammut_EIv1.0_0236760",1,43,1,20,1232,"Metabolism and regulation","Reactome"
"Ammut_EIv1.0_0236760",1,43,1,20,1232,"UDP-L-arabinose biosynthesis and transport","Reactome"
"Ammut_EIv1.0_0237260",6,38,3,8,1333,"Response to cold temperature","Reactome"
"Ammut_EIv1.0_0237260",6,38,3,8,1333,"Responses to stimuli: abiotic stimuli and stresses","Reactome"
"Ammut_EIv1.0_0238050",0,31,2,19,1443,"Arginine and proline metabolism","KEGG"
"Ammut_EIv1.0_0238050",0,31,2,19,1443,"Metabolic pathways","KEGG"
"Ammut_EIv1.0_0238050",0,31,2,19,1443,"Pantothenate and CoA biosynthesis","KEGG"
"Ammut_EIv1.0_0238050",0,31,2,19,1443,"beta-Alanine metabolism","KEGG"
"Ammut_EIv1.0_0238260",0,55,1,10,1022,"Biosynthesis of secondary metabolites","KEGG"
"Ammut_EIv1.0_0238260",0,55,1,10,1022,"Carbon metabolism","KEGG"
"Ammut_EIv1.0_0238260",0,55,1,10,1022,"Glycine, serine and threonine metabolism","KEGG"
"Ammut_EIv1.0_0238260",0,55,1,10,1022,"Glyoxylate and dicarboxylate metabolism","KEGG"
"Ammut_EIv1.0_0238260",0,55,1,10,1022,"Lipoic acid metabolism","KEGG"
"Ammut_EIv1.0_0238260",0,55,1,10,1022,"Metabolic pathways","KEGG"
"Ammut_EIv1.0_0238260",0,55,1,10,1022,"Metabolism and regulation","Reactome"
"Ammut_EIv1.0_0238260",0,55,1,10,1022,"One carbon pool by folate","KEGG"
"Ammut_EIv1.0_0238260",0,55,1,10,1022,"Photorespiration","Reactome"
"Ammut_EIv1.0_0238610",0,8,2,3,618,"Glycerophospholipid metabolism","KEGG"
"Ammut_EIv1.0_0238610",0,8,2,3,618,"Inositol phosphate metabolism","KEGG"
"Ammut_EIv1.0_0238610",0,8,2,3,618,"Metabolic pathways","KEGG"
"Ammut_EIv1.0_0238610",0,8,2,3,618,"Phosphatidylinositol signaling system","KEGG"
"Ammut_EIv1.0_0240340",0,48,2,12,1488,"Lysosome biogenesis","KEGG"
"Ammut_EIv1.0_0242550",16,27,9,13,996,"Biosynthesis of secondary metabolites","KEGG"
"Ammut_EIv1.0_0242550",16,27,9,13,996,"Flavonoid biosynthesis","KEGG"
"Ammut_EIv1.0_0242550",16,27,9,13,996,"Metabolic pathways","KEGG"
"Ammut_EIv1.0_0244520",0,40,0,9,1348,"Amino acid metabolism","Reactome"
"Ammut_EIv1.0_0244520",0,40,0,9,1348,"Cysteine and methionine metabolism","KEGG"
"Ammut_EIv1.0_0244520",0,40,0,9,1348,"Metabolic pathways","KEGG"
"Ammut_EIv1.0_0244520",0,40,0,9,1348,"Metabolism and regulation","Reactome"
"Ammut_EIv1.0_0244520",0,40,0,9,1348,"One carbon pool by folate","KEGG"
"Ammut_EIv1.0_0244520",0,40,0,9,1348,"S-adenosyl-L-methionine cycle","Reactome"
"Ammut_EIv1.0_0245330",0,23,1,20,1404,"Amino acid metabolism","Reactome"
"Ammut_EIv1.0_0245330",0,23,1,20,1404,"Cysteine and methionine metabolism","KEGG"
"Ammut_EIv1.0_0245330",0,23,1,20,1404,"Metabolic pathways","KEGG"
"Ammut_EIv1.0_0245330",0,23,1,20,1404,"Metabolism and regulation","Reactome"
"Ammut_EIv1.0_0245330",0,23,1,20,1404,"One carbon pool by folate","KEGG"
"Ammut_EIv1.0_0245330",0,23,1,20,1404,"S-adenosyl-L-methionine cycle","Reactome"
"Ammut_EIv1.0_0245350",0,23,0,8,1316,"Biosynthesis of amino acids","KEGG"
"Ammut_EIv1.0_0245350",0,23,0,8,1316,"Biosynthesis of cofactors","KEGG"
"Ammut_EIv1.0_0245350",0,23,0,8,1316,"Biosynthesis of secondary metabolites","KEGG"
"Ammut_EIv1.0_0245350",0,23,0,8,1316,"Carbon metabolism","KEGG"
"Ammut_EIv1.0_0245350",0,23,0,8,1316,"Cyanoamino acid metabolism","KEGG"
"Ammut_EIv1.0_0245350",0,23,0,8,1316,"Folate transport and metabolism","KEGG"
"Ammut_EIv1.0_0245350",0,23,0,8,1316,"Glycine, serine and threonine metabolism","KEGG"
"Ammut_EIv1.0_0245350",0,23,0,8,1316,"Glyoxylate and dicarboxylate metabolism","KEGG"
"Ammut_EIv1.0_0245350",0,23,0,8,1316,"Metabolic pathways","KEGG"
"Ammut_EIv1.0_0245350",0,23,0,8,1316,"One carbon pool by folate","KEGG"
"Ammut_EIv1.0_0246700",3,47,1,14,1026,"Amino sugar and nucleotide sugar metabolism","KEGG"
"Ammut_EIv1.0_0246700",3,47,1,14,1026,"Biosynthesis of nucleotide sugars","KEGG"
"Ammut_EIv1.0_0246700",3,47,1,14,1026,"Carbohydrate metabolism","Reactome"
"Ammut_EIv1.0_0246700",3,47,1,14,1026,"Metabolic pathways","KEGG"
"Ammut_EIv1.0_0246700",3,47,1,14,1026,"Metabolism and regulation","Reactome"
"Ammut_EIv1.0_0246700",3,47,1,14,1026,"UDP-L-arabinose biosynthesis and transport","Reactome"
"Ammut_EIv1.0_0246870",2,34,3,8,1134,"mRNA surveillance pathway","KEGG"
"Ammut_EIv1.0_0247400",0,12,0,5,769,"Biosynthesis of secondary metabolites","KEGG"
"Ammut_EIv1.0_0247400",0,12,0,5,769,"Metabolic pathways","KEGG"
"Ammut_EIv1.0_0247400",0,12,0,5,769,"Terpenoid backbone biosynthesis","KEGG"
"Ammut_EIv1.0_0251670",9,44,2,49,1002,"Amino acid biosynthesis","Reactome"
"Ammut_EIv1.0_0251670",9,44,2,49,1002,"Amino acid metabolism","Reactome"
"Ammut_EIv1.0_0251670",9,44,2,49,1002,"Biosynthesis of amino acids","KEGG"
"Ammut_EIv1.0_0251670",9,44,2,49,1002,"Biosynthesis of secondary metabolites","KEGG"
"Ammut_EIv1.0_0251670",9,44,2,49,1002,"Lysine biosynthesis","KEGG"
"Ammut_EIv1.0_0251670",9,44,2,49,1002,"Lysine biosynthesis I","Reactome"
"Ammut_EIv1.0_0251670",9,44,2,49,1002,"Lysine biosynthesis II","Reactome"
"Ammut_EIv1.0_0251670",9,44,2,49,1002,"Lysine biosynthesis VI","Reactome"
"Ammut_EIv1.0_0251670",9,44,2,49,1002,"Metabolic pathways","KEGG"
"Ammut_EIv1.0_0251670",9,44,2,49,1002,"Metabolism and regulation","Reactome"
"Ammut_EIv1.0_0251670",9,44,2,49,1002,"Monobactam biosynthesis","KEGG"
"Ammut_EIv1.0_0253810",9,53,1,15,2146,"Plant-pathogen interaction","KEGG"
"Ammut_EIv1.0_0254610",1,138,2,28,2721,"ABC transporters","KEGG"
"Ammut_EIv1.0_0255150",36,77,4,16,3667,"RNA polymerase","KEGG"
"Ammut_EIv1.0_0255460",0,52,4,28,1721,"Amino sugar and nucleotide sugar metabolism","KEGG"
"Ammut_EIv1.0_0255460",0,52,4,28,1721,"Metabolic pathways","KEGG"
"Ammut_EIv1.0_0255500",6,31,3,8,875,"Amino acid biosynthesis","Reactome"
"Ammut_EIv1.0_0255500",6,31,3,8,875,"Amino acid metabolism","Reactome"
"Ammut_EIv1.0_0255500",6,31,3,8,875,"Biosynthesis of amino acids","KEGG"
"Ammut_EIv1.0_0255500",6,31,3,8,875,"Biosynthesis of secondary metabolites","KEGG"
"Ammut_EIv1.0_0255500",6,31,3,8,875,"Chorismate biosynthesis","Reactome"
"Ammut_EIv1.0_0255500",6,31,3,8,875,"Metabolic pathways","KEGG"
"Ammut_EIv1.0_0255500",6,31,3,8,875,"Metabolism and regulation","Reactome"
"Ammut_EIv1.0_0255500",6,31,3,8,875,"Phenylalanine, tyrosine and tryptophan biosynthesis","KEGG"
"Ammut_EIv1.0_0261780",15,75,5,37,1071,"Metabolic pathways","KEGG"
"Ammut_EIv1.0_0261780",15,75,5,37,1071,"Pyruvate metabolism","KEGG"
"Ammut_EIv1.0_0264460",1,51,2,15,2034,"Metabolic pathways","KEGG"
"Ammut_EIv1.0_0264460",1,51,2,15,2034,"N-Glycan biosynthesis","KEGG"
"Ammut_EIv1.0_0264460",1,51,2,15,2034,"Protein processing in endoplasmic reticulum","KEGG"
"Ammut_EIv1.0_0264460",1,51,2,15,2034,"Various types of N-glycan biosynthesis","KEGG"
"Ammut_EIv1.0_0265240",0,68,2,17,1424,"Biosynthesis of amino acids","KEGG"
"Ammut_EIv1.0_0265240",0,68,2,17,1424,"Biosynthesis of secondary metabolites","KEGG"
"Ammut_EIv1.0_0265240",0,68,2,17,1424,"Carbon metabolism","KEGG"
"Ammut_EIv1.0_0265240",0,68,2,17,1424,"Glycolysis / Gluconeogenesis","KEGG"
"Ammut_EIv1.0_0265240",0,68,2,17,1424,"Metabolic pathways","KEGG"
"Ammut_EIv1.0_0265240",0,68,2,17,1424,"Pyruvate metabolism","KEGG"
"Ammut_EIv1.0_0266150",6,101,4,25,1156,"Allantoin degradation","Reactome"
"Ammut_EIv1.0_0266150",6,101,4,25,1156,"Amine and polyamine biosynthesis","Reactome"
"Ammut_EIv1.0_0266150",6,101,4,25,1156,"Metabolism and regulation","Reactome"
"Ammut_EIv1.0_0266400",9,38,4,10,901,"Biosynthesis of secondary metabolites","KEGG"
"Ammut_EIv1.0_0266400",9,38,4,10,901,"Metabolic pathways","KEGG"
"Ammut_EIv1.0_0266400",9,38,4,10,901,"Metabolism and regulation","Reactome"
"Ammut_EIv1.0_0266400",9,38,4,10,901,"Mevalonate pathway","Reactome"
"Ammut_EIv1.0_0266400",9,38,4,10,901,"Peroxisome","KEGG"
"Ammut_EIv1.0_0266400",9,38,4,10,901,"Secondary metabolism","Reactome"
"Ammut_EIv1.0_0266400",9,38,4,10,901,"Terpenoid backbone biosynthesis","KEGG"
"Ammut_EIv1.0_0272390",4,20,2,8,996,"MAPK signaling pathway - plant","KEGG"
"Ammut_EIv1.0_0272390",4,20,2,8,996,"Plant hormone signal transduction","KEGG"
"Ammut_EIv1.0_0273370",4,32,1,5,2362,"Nucleocytoplasmic transport","KEGG"
"Ammut_EIv1.0_0275210",10,22,6,11,1335,"Metabolic pathways","KEGG"
"Ammut_EIv1.0_0275210",10,22,6,11,1335,"N-Glycan biosynthesis","KEGG"
"Ammut_EIv1.0_0275210",10,22,6,11,1335,"Protein processing in endoplasmic reticulum","KEGG"
"Ammut_EIv1.0_0275210",10,22,6,11,1335,"Various types of N-glycan biosynthesis","KEGG"
"Ammut_EIv1.0_0278000",15,73,3,19,3073,"Biosynthesis of secondary metabolites","KEGG"
"Ammut_EIv1.0_0278000",15,73,3,19,3073,"Carbohydrate metabolism","Reactome"
"Ammut_EIv1.0_0278000",15,73,3,19,3073,"Metabolic pathways","KEGG"
"Ammut_EIv1.0_0278000",15,73,3,19,3073,"Metabolism and regulation","Reactome"
"Ammut_EIv1.0_0278000",15,73,3,19,3073,"Starch and sucrose metabolism","KEGG"
"Ammut_EIv1.0_0278000",15,73,3,19,3073,"Sucrose biosynthesis","Reactome"
"Ammut_EIv1.0_0279930",6,81,2,23,2520,"Aminoacyl-tRNA biosynthesis","KEGG"
"Ammut_EIv1.0_0280110",2,69,3,17,1420,"Alanine, aspartate and glutamate metabolism","KEGG"
"Ammut_EIv1.0_0280110",2,69,3,17,1420,"Amino acid catabolism","Reactome"
"Ammut_EIv1.0_0280110",2,69,3,17,1420,"Amino acid metabolism","Reactome"
"Ammut_EIv1.0_0280110",2,69,3,17,1420,"Biosynthesis of secondary metabolites","KEGG"
"Ammut_EIv1.0_0280110",2,69,3,17,1420,"Butanoate metabolism","KEGG"
"Ammut_EIv1.0_0280110",2,69,3,17,1420,"Glutamate degradation","Reactome"
"Ammut_EIv1.0_0280110",2,69,3,17,1420,"Metabolic pathways","KEGG"
"Ammut_EIv1.0_0280110",2,69,3,17,1420,"Metabolism and regulation","Reactome"
"Ammut_EIv1.0_0280110",2,69,3,17,1420,"Taurine and hypotaurine metabolism","KEGG"
"Ammut_EIv1.0_0280110",2,69,3,17,1420,"beta-Alanine metabolism","KEGG"
"Ammut_EIv1.0_0280470",0,21,2,5,1098,"Biosynthesis of secondary metabolites","KEGG"
"Ammut_EIv1.0_0280470",0,21,2,5,1098,"Glycerophospholipid metabolism","KEGG"
"Ammut_EIv1.0_0280470",0,21,2,5,1098,"Metabolic pathways","KEGG"
"Ammut_EIv1.0_0280500",8,84,3,25,3309,"RNA degradation","KEGG"
"Ammut_EIv1.0_0280610",2,43,0,14,1062,"Biosynthesis of amino acids","KEGG"
"Ammut_EIv1.0_0280610",2,43,0,14,1062,"Biosynthesis of secondary metabolites","KEGG"
"Ammut_EIv1.0_0280610",2,43,0,14,1062,"Calvin cycle","Reactome"
"Ammut_EIv1.0_0280610",2,43,0,14,1062,"Carbohydrate metabolism","Reactome"
"Ammut_EIv1.0_0280610",2,43,0,14,1062,"Carbon fixation by Calvin cycle","KEGG"
"Ammut_EIv1.0_0280610",2,43,0,14,1062,"Carbon metabolism","KEGG"
"Ammut_EIv1.0_0280610",2,43,0,14,1062,"Fructose and mannose metabolism","KEGG"
"Ammut_EIv1.0_0280610",2,43,0,14,1062,"Glycolysis / Gluconeogenesis","KEGG"
"Ammut_EIv1.0_0280610",2,43,0,14,1062,"Metabolic pathways","KEGG"
"Ammut_EIv1.0_0280610",2,43,0,14,1062,"Metabolism and regulation","Reactome"
"Ammut_EIv1.0_0280610",2,43,0,14,1062,"Pentose phosphate pathway","KEGG"
"Ammut_EIv1.0_0284180",3,11,1,3,391,"Protein export","KEGG"
"Ammut_EIv1.0_0284480",9,43,6,9,2114,"Protein processing in endoplasmic reticulum","KEGG"
"Ammut_EIv1.0_0284480",9,43,6,9,2114,"Ubiquitin mediated proteolysis","KEGG"
"Ammut_EIv1.0_0287630",0,34,0,9,1192,"Endocytosis","KEGG"
"Ammut_EIv1.0_0287630",0,34,0,9,1192,"Viral life cycle - HIV-1","KEGG"
"Ammut_EIv1.0_0287630",0,34,0,9,1192,"Virion - Hepatitis viruses","KEGG"
"Ammut_EIv1.0_0292740",2,17,1,5,677,"Biosynthesis of amino acids","KEGG"
"Ammut_EIv1.0_0292740",2,17,1,5,677,"Biosynthesis of secondary metabolites","KEGG"
"Ammut_EIv1.0_0292740",2,17,1,5,677,"Carbon fixation by Calvin cycle","KEGG"
"Ammut_EIv1.0_0292740",2,17,1,5,677,"Carbon metabolism","KEGG"
"Ammut_EIv1.0_0292740",2,17,1,5,677,"Fructose and mannose metabolism","KEGG"
"Ammut_EIv1.0_0292740",2,17,1,5,677,"Glycolysis / Gluconeogenesis","KEGG"
"Ammut_EIv1.0_0292740",2,17,1,5,677,"Inositol phosphate metabolism","KEGG"
"Ammut_EIv1.0_0292740",2,17,1,5,677,"Metabolic pathways","KEGG"
"Ammut_EIv1.0_0293350",12,60,4,27,2204,"Biosynthesis of cofactors","KEGG"
"Ammut_EIv1.0_0293350",12,60,4,27,2204,"Cofactor biosyntheses","Reactome"
"Ammut_EIv1.0_0293350",12,60,4,27,2204,"Metabolic pathways","KEGG"
"Ammut_EIv1.0_0293350",12,60,4,27,2204,"Metabolism and regulation","Reactome"
"Ammut_EIv1.0_0293350",12,60,4,27,2204,"NAD biosynthesis I (from aspartate)","Reactome"
"Ammut_EIv1.0_0293350",12,60,4,27,2204,"Nicotinate and nicotinamide metabolism","KEGG"
"Ammut_EIv1.0_0293740",7,38,6,11,2067,"Amino acid biosynthesis","Reactome"
"Ammut_EIv1.0_0293740",7,38,6,11,2067,"Amino acid metabolism","Reactome"
"Ammut_EIv1.0_0293740",7,38,6,11,2067,"Beta-alanine biosynthesis II","Reactome"
"Ammut_EIv1.0_0293740",7,38,6,11,2067,"Biosynthesis of secondary metabolites","KEGG"
"Ammut_EIv1.0_0293740",7,38,6,11,2067,"Fatty acid degradation","KEGG"
"Ammut_EIv1.0_0293740",7,38,6,11,2067,"Fatty acid metabolism","KEGG"
"Ammut_EIv1.0_0293740",7,38,6,11,2067,"Metabolic pathways","KEGG"
"Ammut_EIv1.0_0293740",7,38,6,11,2067,"Metabolism and regulation","Reactome"
"Ammut_EIv1.0_0293740",7,38,6,11,2067,"alpha-Linolenic acid metabolism","KEGG"
"Ammut_EIv1.0_0294320",5,15,4,4,507,"Biosynthesis of secondary metabolites","KEGG"
"Ammut_EIv1.0_0294320",5,15,4,4,507,"Cholesterol biosynthesis I","Reactome"
"Ammut_EIv1.0_0294320",5,15,4,4,507,"Cholesterol biosynthesis II (via 24,25-dihydrolanosterol)","Reactome"
"Ammut_EIv1.0_0294320",5,15,4,4,507,"Cholesterol biosynthesis III (via desmosterol)","Reactome"
"Ammut_EIv1.0_0294320",5,15,4,4,507,"Fatty acid and lipid metabolism","Reactome"
"Ammut_EIv1.0_0294320",5,15,4,4,507,"Metabolic pathways","KEGG"
"Ammut_EIv1.0_0294320",5,15,4,4,507,"Metabolism and regulation","Reactome"
"Ammut_EIv1.0_0294320",5,15,4,4,507,"Secondary metabolism","Reactome"
"Ammut_EIv1.0_0294320",5,15,4,4,507,"Steroid biosynthesis","KEGG"
"Ammut_EIv1.0_0294320",5,15,4,4,507,"Sterol biosynthesis","Reactome"
"Ammut_EIv1.0_0296130",14,84,4,31,2073,"Biosynthesis of secondary metabolites","KEGG"
"Ammut_EIv1.0_0296130",14,84,4,31,2073,"Fatty acid degradation","KEGG"
"Ammut_EIv1.0_0296130",14,84,4,31,2073,"Fatty acid metabolism","KEGG"
"Ammut_EIv1.0_0296130",14,84,4,31,2073,"Metabolic pathways","KEGG"
"Ammut_EIv1.0_0296130",14,84,4,31,2073,"alpha-Linolenic acid metabolism","KEGG"
"Ammut_EIv1.0_0299510",5,45,4,14,819,"Metabolic pathways","KEGG"
"Ammut_EIv1.0_0299920",0,7,5,10,981,"Protein export","KEGG"
"Ammut_EIv1.0_0300930",15,12,7,9,1546,"Gravitropism under normal or artificial gravity environments","Reactome"
"Ammut_EIv1.0_0300930",15,12,7,9,1546,"Regulation of seed germination and coleoptile growth under submergence and normal gravity environment","Reactome"
"Ammut_EIv1.0_0300930",15,12,7,9,1546,"Responses to stimuli: abiotic stimuli and stresses","Reactome"
"Ammut_EIv1.0_0303550",20,77,9,29,2186,"Carbohydrate metabolism","Reactome"
"Ammut_EIv1.0_0303550",20,77,9,29,2186,"Galactose metabolism","KEGG"
"Ammut_EIv1.0_0303550",20,77,9,29,2186,"Metabolic pathways","KEGG"
"Ammut_EIv1.0_0303550",20,77,9,29,2186,"Metabolism and regulation","Reactome"
"Ammut_EIv1.0_0303550",20,77,9,29,2186,"Stachyose biosynthesis","Reactome"
"Ammut_EIv1.0_0304100",6,35,1,14,3449,"Circadian rhythm","Reactome"
"Ammut_EIv1.0_0304100",6,35,1,14,3449,"Circadian rhythm - plant","KEGG"
"Ammut_EIv1.0_0304100",6,35,1,14,3449,"Drought escape (DE) via ABA-independent pathway","Reactome"
"Ammut_EIv1.0_0304100",6,35,1,14,3449,"Flowering under drought stress","Reactome"
"Ammut_EIv1.0_0304100",6,35,1,14,3449,"Gravitropism under normal or artificial gravity environments","Reactome"
"Ammut_EIv1.0_0304100",6,35,1,14,3449,"Growth and developmental processes","Reactome"
"Ammut_EIv1.0_0304100",6,35,1,14,3449,"Inflorescence development","Reactome"
"Ammut_EIv1.0_0304100",6,35,1,14,3449,"Long day regulated expression of florigens","Reactome"
"Ammut_EIv1.0_0304100",6,35,1,14,3449,"Mild drought","Reactome"
"Ammut_EIv1.0_0304100",6,35,1,14,3449,"Reproductive structure development","Reactome"
"Ammut_EIv1.0_0304100",6,35,1,14,3449,"Responses to stimuli: abiotic stimuli and stresses","Reactome"
"Ammut_EIv1.0_0304100",6,35,1,14,3449,"Shoot (tiller) formation and regulation of tiller angle","Reactome"
"Ammut_EIv1.0_0304100",6,35,1,14,3449,"Shoot gravitropism: development, growth, and architecture of shoot in response to gravity","Reactome"
"Ammut_EIv1.0_0304430",5,24,5,14,2266,"ABC transporters","KEGG"
"Ammut_EIv1.0_0305570",0,30,5,12,1446,"Cornified envelope formation","KEGG"
"Ammut_EIv1.0_0305570",0,30,5,12,1446,"mRNA surveillance pathway","KEGG"
"Ammut_EIv1.0_0307250",3,3,0,1,834,"Biosynthesis of various nucleotide sugars","KEGG"
"Ammut_EIv1.0_0307620",4,63,2,19,2425,"Biosynthesis of secondary metabolites","KEGG"
"Ammut_EIv1.0_0307620",4,63,2,19,2425,"Endocytosis","KEGG"
"Ammut_EIv1.0_0307620",4,63,2,19,2425,"Ether lipid metabolism","KEGG"
"Ammut_EIv1.0_0307620",4,63,2,19,2425,"Glycerophospholipid metabolism","KEGG"
"Ammut_EIv1.0_0307620",4,63,2,19,2425,"Metabolic pathways","KEGG"
"Ammut_EIv1.0_0309170",3,21,5,14,1317,"Biosynthesis of secondary metabolites","KEGG"
"Ammut_EIv1.0_0309170",3,21,5,14,1317,"Flavonoid biosynthesis","KEGG"
"Ammut_EIv1.0_0309170",3,21,5,14,1317,"Metabolic pathways","KEGG"
"Ammut_EIv1.0_0309170",3,21,5,14,1317,"Metabolism and regulation","Reactome"
"Ammut_EIv1.0_0309170",3,21,5,14,1317,"Phenylpropanoid biosynthesis","KEGG"
"Ammut_EIv1.0_0309170",3,21,5,14,1317,"Phenylpropanoid biosynthesis, initial reactions","Reactome"
"Ammut_EIv1.0_0309170",3,21,5,14,1317,"Secondary metabolism","Reactome"
"Ammut_EIv1.0_0309170",3,21,5,14,1317,"Stilbenoid, diarylheptanoid and gingerol biosynthesis","KEGG"
"Ammut_EIv1.0_0309170",3,21,5,14,1317,"Suberin biosynthesis","Reactome"
"Ammut_EIv1.0_0309170",3,21,5,14,1317,"Ubiquinone and other terpenoid-quinone biosynthesis","KEGG"
"Ammut_EIv1.0_0309270",0,3,0,2,537,"Ribosome","KEGG"
"Ammut_EIv1.0_0309620",2,25,1,3,988,"Brassinosteroid signaling","Reactome"
"Ammut_EIv1.0_0309620",2,25,1,3,988,"Gibberellin signaling","Reactome"
"Ammut_EIv1.0_0309620",2,25,1,3,988,"Growth and developmental processes","Reactome"
"Ammut_EIv1.0_0309620",2,25,1,3,988,"Hormone signaling, transport, and metabolism","Reactome"
"Ammut_EIv1.0_0309620",2,25,1,3,988,"Metabolism and regulation","Reactome"
"Ammut_EIv1.0_0309620",2,25,1,3,988,"Regulation of seed size","Reactome"
"Ammut_EIv1.0_0309620",2,25,1,3,988,"Reproductive structure development","Reactome"
"Ammut_EIv1.0_0309620",2,25,1,3,988,"Seed development","Reactome"
"Ammut_EIv1.0_0310280",6,10,5,5,1533,"Biosynthesis of secondary metabolites","KEGG"
"Ammut_EIv1.0_0310280",6,10,5,5,1533,"Carbohydrate metabolism","Reactome"
"Ammut_EIv1.0_0310280",6,10,5,5,1533,"Metabolic pathways","KEGG"
"Ammut_EIv1.0_0310280",6,10,5,5,1533,"Metabolism and regulation","Reactome"
"Ammut_EIv1.0_0310280",6,10,5,5,1533,"Peptidoglycan biosynthesis I","Reactome"
"Ammut_EIv1.0_0310280",6,10,5,5,1533,"Purine metabolism","KEGG"
"Ammut_EIv1.0_0312190",3,10,4,9,1723,"Metabolic pathways","KEGG"
"Ammut_EIv1.0_0312190",3,10,4,9,1723,"N-Glycan biosynthesis","KEGG"
"Ammut_EIv1.0_0312190",3,10,4,9,1723,"Various types of N-glycan biosynthesis","KEGG"
"Ammut_EIv1.0_0313360",0,2,4,5,690,"Lysosome biogenesis","KEGG"
"Ammut_EIv1.0_0313360",0,2,4,5,690,"Metabolic pathways","KEGG"
"Ammut_EIv1.0_0313360",0,2,4,5,690,"Oxidative phosphorylation","KEGG"
"Ammut_EIv1.0_0313360",0,2,4,5,690,"Phagosome","KEGG"
"Ammut_EIv1.0_0314130",0,2,4,7,1009,"Endocytosis","KEGG"
"Ammut_EIv1.0_0314130",0,2,4,7,1009,"Virion - Hepatitis viruses","KEGG"
"Ammut_EIv1.0_0314450",0,13,0,11,1256,"Biosynthesis of secondary metabolites","KEGG"
"Ammut_EIv1.0_0314450",0,13,0,11,1256,"Metabolic pathways","KEGG"
"Ammut_EIv1.0_0314450",0,13,0,11,1256,"Porphyrin metabolism","KEGG"
"Ammut_EIv1.0_0314560",3,8,0,5,654,"Peroxisome","KEGG"
"Ammut_EIv1.0_0315370",7,7,2,9,1134,"Ubiquitin mediated proteolysis","KEGG"
"Ammut_EIv1.0_0315650",0,2,0,10,771,"Ubiquitin mediated proteolysis","KEGG"
"Ammut_EIv1.0_0315720",0,7,5,11,1825,"Hormone signaling, transport, and metabolism","Reactome"
"Ammut_EIv1.0_0315720",0,7,5,11,1825,"Jasmonic acid signaling","Reactome"
"Ammut_EIv1.0_0315720",0,7,5,11,1825,"Metabolism and regulation","Reactome"
"Ammut_EIv1.0_0318720",1,1,1,6,1302,"Growth and developmental processes","Reactome"
"Ammut_EIv1.0_0318720",1,1,1,6,1302,"Lateral root development","Reactome"
"Ammut_EIv1.0_0318720",1,1,1,6,1302,"Lateral root initiation","Reactome"
"Ammut_EIv1.0_0318720",1,1,1,6,1302,"Root structure development","Reactome"
"Ammut_EIv1.0_0318720",1,1,1,6,1302,"Vegetative structure development","Reactome"
"Ammut_EIv1.0_0319130",0,1,0,1,564,"Protein processing in endoplasmic reticulum","KEGG"
"Ammut_EIv1.0_0319240",0,4,7,14,3385,"Brassinosteroid signaling","Reactome"
"Ammut_EIv1.0_0319240",0,4,7,14,3385,"Gravitropism under normal or artificial gravity environments","Reactome"
"Ammut_EIv1.0_0319240",0,4,7,14,3385,"Growth and developmental processes","Reactome"
"Ammut_EIv1.0_0319240",0,4,7,14,3385,"Hormone signaling, transport, and metabolism","Reactome"
"Ammut_EIv1.0_0319240",0,4,7,14,3385,"Jasmonic acid signaling","Reactome"
"Ammut_EIv1.0_0319240",0,4,7,14,3385,"Metabolism and regulation","Reactome"
"Ammut_EIv1.0_0319240",0,4,7,14,3385,"Regulation of seed size","Reactome"
"Ammut_EIv1.0_0319240",0,4,7,14,3385,"Reproductive structure development","Reactome"
"Ammut_EIv1.0_0319240",0,4,7,14,3385,"Responses to stimuli: abiotic stimuli and stresses","Reactome"
"Ammut_EIv1.0_0319240",0,4,7,14,3385,"Seed development","Reactome"
"Ammut_EIv1.0_0319240",0,4,7,14,3385,"Shoot gravitropism: development, growth, and architecture of shoot in response to gravity","Reactome"
"Ammut_EIv1.0_0319240",0,4,7,14,3385,"Strigolactone signaling","Reactome"
"Ammut_EIv1.0_0319880",20,41,10,35,1748,"Cutin, suberine and wax biosynthesis","KEGG"
"Ammut_EIv1.0_0320730",1,16,3,22,946,"Biosynthesis of secondary metabolites","KEGG"
"Ammut_EIv1.0_0320730",1,16,3,22,946,"Metabolic pathways","KEGG"
"Ammut_EIv1.0_0320730",1,16,3,22,946,"Phenylpropanoid biosynthesis","KEGG"
"Ammut_EIv1.0_0321020",0,2,1,2,581,"Spliceosome","KEGG"
"Ammut_EIv1.0_0321510",2,2,2,8,1248,"Efferocytosis","KEGG"
"Ammut_EIv1.0_0322330",0,2,0,13,1343,"Ubiquitin mediated proteolysis","KEGG"
"Ammut_EIv1.0_0324310",0,1,0,2,1023,"Protein export","KEGG"
"Ammut_EIv1.0_0332350",8,8,2,7,1305,"Lysosome biogenesis","KEGG"
"Ammut_EIv1.0_0340380",0,2,0,3,408,"Ribosome","KEGG"
"Ammut_EIv1.0_0340470",1,1,0,8,924,"Nucleocytoplasmic transport","KEGG"
"Ammut_EIv1.0_0341530",4,7,12,11,1581,"Ribosome biogenesis in eukaryotes","KEGG"
"Ammut_EIv1.0_0342080",4,9,13,23,1635,"Biosynthesis of cofactors","KEGG"
"Ammut_EIv1.0_0342080",4,9,13,23,1635,"Metabolic pathways","KEGG"
"Ammut_EIv1.0_0342080",4,9,13,23,1635,"Nucleotide metabolism","KEGG"
"Ammut_EIv1.0_0342080",4,9,13,23,1635,"Pyrimidine metabolism","KEGG"
"Ammut_EIv1.0_0342910",2,2,3,8,825,"Endocytosis","KEGG"
"Ammut_EIv1.0_0345460",4,40,1,16,2867,"Biosynthesis of secondary metabolites","KEGG"
"Ammut_EIv1.0_0345460",4,40,1,16,2867,"Carbon metabolism","KEGG"
"Ammut_EIv1.0_0345460",4,40,1,16,2867,"Glycine, serine and threonine metabolism","KEGG"
"Ammut_EIv1.0_0345460",4,40,1,16,2867,"Glyoxylate and dicarboxylate metabolism","KEGG"
"Ammut_EIv1.0_0345460",4,40,1,16,2867,"Lipoic acid metabolism","KEGG"
"Ammut_EIv1.0_0345460",4,40,1,16,2867,"Metabolic pathways","KEGG"
"Ammut_EIv1.0_0345460",4,40,1,16,2867,"Metabolism and regulation","Reactome"
"Ammut_EIv1.0_0345460",4,40,1,16,2867,"One carbon pool by folate","KEGG"
"Ammut_EIv1.0_0345460",4,40,1,16,2867,"Photorespiration","Reactome"
"Ammut_EIv1.0_0345700",0,3,0,3,981,"Biosynthesis of secondary metabolites","KEGG"
"Ammut_EIv1.0_0345700",0,3,0,3,981,"Metabolic pathways","KEGG"
"Ammut_EIv1.0_0345700",0,3,0,3,981,"Nicotinate and nicotinamide metabolism","KEGG"
"Ammut_EIv1.0_0345700",0,3,0,3,981,"Nucleotide metabolism","KEGG"
"Ammut_EIv1.0_0345700",0,3,0,3,981,"Purine metabolism","KEGG"
"Ammut_EIv1.0_0345700",0,3,0,3,981,"Pyrimidine metabolism","KEGG"
"Ammut_EIv1.0_0346490",0,8,1,1,1233,"Lysosome biogenesis","KEGG"
"Ammut_EIv1.0_0347700",4,18,5,6,3734,"mRNA surveillance pathway","KEGG"
"Ammut_EIv1.0_0348130",0,4,0,8,909,"Brassinosteroid signaling","Reactome"
"Ammut_EIv1.0_0348130",0,4,0,8,909,"Growth and developmental processes","Reactome"
"Ammut_EIv1.0_0348130",0,4,0,8,909,"Hormone signaling, transport, and metabolism","Reactome"
"Ammut_EIv1.0_0348130",0,4,0,8,909,"Metabolism and regulation","Reactome"
"Ammut_EIv1.0_0348130",0,4,0,8,909,"Regulation of seed size","Reactome"
"Ammut_EIv1.0_0348130",0,4,0,8,909,"Reproductive structure development","Reactome"
"Ammut_EIv1.0_0348130",0,4,0,8,909,"Seed development","Reactome"
"Ammut_EIv1.0_0348140",0,17,0,43,2286,"Basal transcription factors","KEGG"
"Ammut_EIv1.0_0348140",0,17,0,43,2286,"Nucleotide excision repair","KEGG"
"Ammut_EIv1.0_0348740",0,9,1,5,870,"Ribosome","KEGG"
"Ammut_EIv1.0_0349520",0,9,1,0,564,"Ribosome","KEGG"
"Ammut_EIv1.0_0350460",5,25,2,17,912,"Biosynthesis of cofactors","KEGG"
"Ammut_EIv1.0_0350460",5,25,2,17,912,"Metabolic pathways","KEGG"
"Ammut_EIv1.0_0350460",5,25,2,17,912,"Pyrimidine metabolism","KEGG"
"Ammut_EIv1.0_0350690",1,6,3,8,1934,"Nucleocytoplasmic transport","KEGG"
"Ammut_EIv1.0_0350960",0,4,3,7,1194,"Aminoacyl-tRNA biosynthesis","KEGG"
"Ammut_EIv1.0_0351060",0,30,0,24,1275,"Amino sugar and nucleotide sugar metabolism","KEGG"
"Ammut_EIv1.0_0351060",0,30,0,24,1275,"Biosynthesis of nucleotide sugars","KEGG"
"Ammut_EIv1.0_0351060",0,30,0,24,1275,"Biosynthesis of secondary metabolites","KEGG"
"Ammut_EIv1.0_0351060",0,30,0,24,1275,"Carbon metabolism","KEGG"
"Ammut_EIv1.0_0351060",0,30,0,24,1275,"Fructose and mannose metabolism","KEGG"
"Ammut_EIv1.0_0351060",0,30,0,24,1275,"Galactose metabolism","KEGG"
"Ammut_EIv1.0_0351060",0,30,0,24,1275,"Glycolysis / Gluconeogenesis","KEGG"
"Ammut_EIv1.0_0351060",0,30,0,24,1275,"Metabolic pathways","KEGG"
"Ammut_EIv1.0_0351060",0,30,0,24,1275,"Starch and sucrose metabolism","KEGG"
"Ammut_EIv1.0_0353150",6,6,0,1,414,"Ribosome","KEGG"
"Ammut_EIv1.0_0353450",0,5,0,1,446,"Metabolic pathways","KEGG"
"Ammut_EIv1.0_0353450",0,5,0,1,446,"Oxidative phosphorylation","KEGG"
"Ammut_EIv1.0_0355160",0,7,0,9,1260,"Cardiolipin biosynthesis","Reactome"
"Ammut_EIv1.0_0355160",0,7,0,9,1260,"Fatty acid and lipid metabolism","Reactome"
"Ammut_EIv1.0_0355160",0,7,0,9,1260,"Metabolism and regulation","Reactome"
"Ammut_EIv1.0_0355160",0,7,0,9,1260,"Phospholipid biosynthesis I","Reactome"
"Ammut_EIv1.0_0355390",3,6,1,1,294,"IgSF CAM signaling","KEGG"
"Ammut_EIv1.0_0355390",3,6,1,1,294,"Motor proteins","KEGG"
"Ammut_EIv1.0_0356860",5,34,2,32,1461,"Hormone signaling, transport, and metabolism","Reactome"
"Ammut_EIv1.0_0356860",5,34,2,32,1461,"Metabolism and regulation","Reactome"
"Ammut_EIv1.0_0356860",5,34,2,32,1461,"Plant hormone signal transduction","KEGG"
"Ammut_EIv1.0_0356860",5,34,2,32,1461,"Salicylic acid signaling","Reactome"
"Ammut_EIv1.0_0358580",12,45,3,18,2897,"Inositol phosphate metabolism","KEGG"
"Ammut_EIv1.0_0358580",12,45,3,18,2897,"Metabolic pathways","KEGG"
"Ammut_EIv1.0_0358580",12,45,3,18,2897,"Phosphatidylinositol signaling system","KEGG"
"Ammut_EIv1.0_0359520",5,35,2,14,1443,"Biosynthesis of secondary metabolites","KEGG"
"Ammut_EIv1.0_0359520",5,35,2,14,1443,"Glycerolipid metabolism","KEGG"
"Ammut_EIv1.0_0359520",5,35,2,14,1443,"Glycerophospholipid metabolism","KEGG"
"Ammut_EIv1.0_0359520",5,35,2,14,1443,"Metabolic pathways","KEGG"
"Ammut_EIv1.0_0359520",5,35,2,14,1443,"Phosphatidylinositol signaling system","KEGG"
"Ammut_EIv1.0_0360700",4,24,4,13,746,"Butanoate metabolism","KEGG"
"Ammut_EIv1.0_0360700",4,24,4,13,746,"Carbon metabolism","KEGG"
"Ammut_EIv1.0_0360700",4,24,4,13,746,"Metabolic pathways","KEGG"
"Ammut_EIv1.0_0360700",4,24,4,13,746,"Phenylalanine metabolism","KEGG"
"Ammut_EIv1.0_0361400",0,25,2,14,1080,"Biosynthesis of secondary metabolites","KEGG"
"Ammut_EIv1.0_0361400",0,25,2,14,1080,"Glycerophospholipid metabolism","KEGG"
"Ammut_EIv1.0_0361400",0,25,2,14,1080,"Metabolic pathways","KEGG"
"Ammut_EIv1.0_0361410",1,8,1,3,993,"Ribosome","KEGG"
"Ammut_EIv1.0_0362640",8,20,1,4,1008,"Butanoate metabolism","KEGG"
"Ammut_EIv1.0_0362640",8,20,1,4,1008,"Metabolic pathways","KEGG"
"Ammut_EIv1.0_0363600",3,27,1,8,827,"Biosynthesis of various nucleotide sugars","KEGG"
"Ammut_EIv1.0_0364210",7,41,3,12,1479,"Biosynthesis of secondary metabolites","KEGG"
"Ammut_EIv1.0_0364210",7,41,3,12,1479,"Flavonoid biosynthesis","KEGG"
"Ammut_EIv1.0_0364210",7,41,3,12,1479,"Metabolic pathways","KEGG"
"Ammut_EIv1.0_0364210",7,41,3,12,1479,"Phenylpropanoid biosynthesis","KEGG"
"Ammut_EIv1.0_0364210",7,41,3,12,1479,"Stilbenoid, diarylheptanoid and gingerol biosynthesis","KEGG"
"Ammut_EIv1.0_0364210",7,41,3,12,1479,"Ubiquinone and other terpenoid-quinone biosynthesis","KEGG"
"Ammut_EIv1.0_0366590",2,18,1,8,2448,"Lysosome biogenesis","KEGG"
"Ammut_EIv1.0_0366590",2,18,1,8,2448,"Metabolic pathways","KEGG"
"Ammut_EIv1.0_0366590",2,18,1,8,2448,"Oxidative phosphorylation","KEGG"
"Ammut_EIv1.0_0366590",2,18,1,8,2448,"Phagosome","KEGG"
"Ammut_EIv1.0_0367190",11,25,9,8,1858,"Metabolism and regulation","Reactome"
"Ammut_EIv1.0_0367190",11,25,9,8,1858,"Phytic acid biosynthesis","Reactome"
"Ammut_EIv1.0_0367190",11,25,9,8,1858,"Phytic acid biosynthesis (lipid-independent)","Reactome"
"Ammut_EIv1.0_0367190",11,25,9,8,1858,"Secondary metabolism","Reactome"
"Ammut_EIv1.0_0367250",0,12,0,0,639,"Endocytosis","KEGG"
"Ammut_EIv1.0_0369420",7,26,3,5,927,"Ascorbate and aldarate metabolism","KEGG"
"Ammut_EIv1.0_0369420",7,26,3,5,927,"Biosynthesis of cofactors","KEGG"
"Ammut_EIv1.0_0369420",7,26,3,5,927,"Biosynthesis of secondary metabolites","KEGG"
"Ammut_EIv1.0_0369420",7,26,3,5,927,"Glycerolipid metabolism","KEGG"
"Ammut_EIv1.0_0369420",7,26,3,5,927,"Glycolysis / Gluconeogenesis","KEGG"
"Ammut_EIv1.0_0369420",7,26,3,5,927,"Metabolic pathways","KEGG"
"Ammut_EIv1.0_0369420",7,26,3,5,927,"Pentose and glucuronate interconversions","KEGG"
"Ammut_EIv1.0_0369420",7,26,3,5,927,"Pyruvate metabolism","KEGG"
"Ammut_EIv1.0_0369430",0,4,3,7,469,"Ascorbate and aldarate metabolism","KEGG"
"Ammut_EIv1.0_0369430",0,4,3,7,469,"Biosynthesis of cofactors","KEGG"
"Ammut_EIv1.0_0369430",0,4,3,7,469,"Biosynthesis of secondary metabolites","KEGG"
"Ammut_EIv1.0_0369430",0,4,3,7,469,"Glycerolipid metabolism","KEGG"
"Ammut_EIv1.0_0369430",0,4,3,7,469,"Glycolysis / Gluconeogenesis","KEGG"
"Ammut_EIv1.0_0369430",0,4,3,7,469,"Metabolic pathways","KEGG"
"Ammut_EIv1.0_0369430",0,4,3,7,469,"Pentose and glucuronate interconversions","KEGG"
"Ammut_EIv1.0_0369430",0,4,3,7,469,"Pyruvate metabolism","KEGG"
"Ammut_EIv1.0_0369960",0,28,0,13,1039,"Calvin cycle","Reactome"
"Ammut_EIv1.0_0369960",0,28,0,13,1039,"Carbohydrate metabolism","Reactome"
"Ammut_EIv1.0_0369960",0,28,0,13,1039,"Carbon fixation by Calvin cycle","KEGG"
"Ammut_EIv1.0_0369960",0,28,0,13,1039,"Carbon metabolism","KEGG"
"Ammut_EIv1.0_0369960",0,28,0,13,1039,"Metabolic pathways","KEGG"
"Ammut_EIv1.0_0369960",0,28,0,13,1039,"Metabolism and regulation","Reactome"
"Ammut_EIv1.0_0370020",4,15,0,2,1251,"Glycerophospholipid metabolism","KEGG"
"Ammut_EIv1.0_0370020",4,15,0,2,1251,"Metabolic pathways","KEGG"
"Ammut_EIv1.0_0370020",4,15,0,2,1251,"Phosphonate and phosphinate metabolism","KEGG"
"Ammut_EIv1.0_0371000",14,19,2,7,1099,"Nucleotide excision repair","KEGG"
"Ammut_EIv1.0_0371000",14,19,2,7,1099,"Ubiquitin mediated proteolysis","KEGG"
"Ammut_EIv1.0_0371590",0,12,0,4,600,"Ribosome","KEGG"
"Ammut_EIv1.0_0372020",14,21,0,9,1152,"Endocytosis","KEGG"
"Ammut_EIv1.0_0372320",5,27,0,7,832,"Caffeine metabolism","KEGG"
"Ammut_EIv1.0_0372320",5,27,0,7,832,"Metabolic pathways","KEGG"
"Ammut_EIv1.0_0372320",5,27,0,7,832,"Metabolism and regulation","Reactome"
"Ammut_EIv1.0_0372320",5,27,0,7,832,"Nucleotide metabolism","Reactome"
"Ammut_EIv1.0_0372320",5,27,0,7,832,"Purine metabolism","KEGG"
"Ammut_EIv1.0_0372320",5,27,0,7,832,"Ureide biosynthesis","Reactome"
"Ammut_EIv1.0_0372640",2,10,0,2,294,"RNA degradation","KEGG"
"Ammut_EIv1.0_0372640",2,10,0,2,294,"Spliceosome","KEGG"
"Ammut_EIv1.0_0372950",30,71,3,9,3651,"Activation of pre-replication complex","Reactome"
"Ammut_EIv1.0_0372950",30,71,3,9,3651,"Cell cycle","Reactome"
"Ammut_EIv1.0_0372950",30,71,3,9,3651,"Cellular processes","Reactome"
"Ammut_EIv1.0_0372950",30,71,3,9,3651,"DNA replication","KEGG"
"Ammut_EIv1.0_0372950",30,71,3,9,3651,"DNA replication Initiation","Reactome"
"Ammut_EIv1.0_0372950",30,71,3,9,3651,"DNA strand Elongation","Reactome"
"Ammut_EIv1.0_0372950",30,71,3,9,3651,"G1/S transition","Reactome"
"Ammut_EIv1.0_0372950",30,71,3,9,3651,"Lagging strand synthesis","Reactome"
"Ammut_EIv1.0_0372950",30,71,3,9,3651,"Leading strand synthesis","Reactome"
"Ammut_EIv1.0_0372950",30,71,3,9,3651,"Maturation","Reactome"
"Ammut_EIv1.0_0372950",30,71,3,9,3651,"Mitosis","Reactome"
"Ammut_EIv1.0_0372950",30,71,3,9,3651,"S phase","Reactome"
"Ammut_EIv1.0_0372950",30,71,3,9,3651,"Synthesis of DNA","Reactome"
"Ammut_EIv1.0_0373520",14,44,17,49,3156,"RNA degradation","KEGG"
"Ammut_EIv1.0_0373520",14,44,17,49,3156,"Ribosome biogenesis in eukaryotes","KEGG"
"Ammut_EIv1.0_0375160",17,39,5,14,1591,"Plant hormone signal transduction","KEGG"
"Ammut_EIv1.0_0375170",16,21,7,10,1690,"Other types of O-glycan biosynthesis","KEGG"
"Ammut_EIv1.0_0375990",3,47,1,11,1064,"Homologous recombination","KEGG"
"Ammut_EIv1.0_0376740",13,21,3,3,1443,"Biosynthesis of secondary metabolites","KEGG"
"Ammut_EIv1.0_0376740",13,21,3,3,1443,"Biosynthesis of various plant secondary metabolites; Including: Crocin biosynthesis, Ginsenoside biosynthesis, Saponin adjuvant biosynthesis, Cannabidiol biosynthesis, Mugineic acid biosynthesis, Pentagalloylglucose biosynthesis, Benzoxazinoid biosynthesis, Gramine biosynthesis, Coumarin biosynthesis, Furanocoumarin biosynthesis, Hordatine biosynthesis, Podophyllotoxin biosynthesis","KEGG"
"Ammut_EIv1.0_0376740",13,21,3,3,1443,"Cyanoamino acid metabolism","KEGG"
"Ammut_EIv1.0_0376740",13,21,3,3,1443,"Metabolic pathways","KEGG"
"Ammut_EIv1.0_0376740",13,21,3,3,1443,"Starch and sucrose metabolism","KEGG"
"Ammut_EIv1.0_0377200",1,19,2,3,792,"Amino sugar and nucleotide sugar metabolism","KEGG"
"Ammut_EIv1.0_0377200",1,19,2,3,792,"Biosynthesis of nucleotide sugars","KEGG"
"Ammut_EIv1.0_0377200",1,19,2,3,792,"Biosynthesis of secondary metabolites","KEGG"
"Ammut_EIv1.0_0377200",1,19,2,3,792,"Fructose and mannose metabolism","KEGG"
"Ammut_EIv1.0_0377200",1,19,2,3,792,"Metabolic pathways","KEGG"
"Ammut_EIv1.0_0377200",1,19,2,3,792,"Starch and sucrose metabolism","KEGG"
"Ammut_EIv1.0_0377230",9,83,2,16,1658,"Nucleocytoplasmic transport","KEGG"
"Ammut_EIv1.0_0377470",8,36,1,5,1524,"Amino sugar and nucleotide sugar metabolism","KEGG"
"Ammut_EIv1.0_0377470",8,36,1,5,1524,"Glycosaminoglycan degradation","KEGG"
"Ammut_EIv1.0_0377470",8,36,1,5,1524,"Glycosphingolipid biosynthesis - ganglio series","KEGG"
"Ammut_EIv1.0_0377470",8,36,1,5,1524,"Glycosphingolipid biosynthesis - globo and isoglobo series","KEGG"
"Ammut_EIv1.0_0377470",8,36,1,5,1524,"Lysosome biogenesis","KEGG"
"Ammut_EIv1.0_0377470",8,36,1,5,1524,"Metabolic pathways","KEGG"
"Ammut_EIv1.0_0377470",8,36,1,5,1524,"Other glycan degradation","KEGG"
"Ammut_EIv1.0_0377470",8,36,1,5,1524,"Sphingolipid metabolism","KEGG"
"Ammut_EIv1.0_0377470",8,36,1,5,1524,"Various types of N-glycan biosynthesis","KEGG"
"Ammut_EIv1.0_0377750",11,50,2,10,1808,"Protein export","KEGG"
"Ammut_EIv1.0_0377880",8,32,0,14,1455,"Ribosome biogenesis in eukaryotes","KEGG"
"Ammut_EIv1.0_0378980",9,40,5,10,955,"Ubiquitin mediated proteolysis","KEGG"
"Ammut_EIv1.0_0380720",4,13,2,4,1532,"Basal transcription factors","KEGG"
"Ammut_EIv1.0_0380720",4,13,2,4,1532,"Nucleotide excision repair","KEGG"
"Ammut_EIv1.0_0381790",11,36,3,19,2613,"Lysosome biogenesis","KEGG"
"Ammut_EIv1.0_0381920",40,39,13,11,4775,"Nucleocytoplasmic transport","KEGG"
"Ammut_EIv1.0_0381920",40,39,13,11,4775,"Spliceosome","KEGG"
"Ammut_EIv1.0_0390010",2,96,0,21,3801,"RNA polymerase","KEGG"
"Ammut_EIv1.0_0392330",5,10,2,1,510,"Biosynthesis of secondary metabolites","KEGG"
"Ammut_EIv1.0_0392330",5,10,2,1,510,"Carbon metabolism","KEGG"
"Ammut_EIv1.0_0392330",5,10,2,1,510,"Citrate cycle","KEGG"
"Ammut_EIv1.0_0392330",5,10,2,1,510,"Generation of precursor metabolites and energy","Reactome"
"Ammut_EIv1.0_0392330",5,10,2,1,510,"Metabolic pathways","KEGG"
"Ammut_EIv1.0_0392330",5,10,2,1,510,"Metabolism and regulation","Reactome"
"Ammut_EIv1.0_0392330",5,10,2,1,510,"Oxidative phosphorylation","KEGG"
"Ammut_EIv1.0_0392330",5,10,2,1,510,"TCA cycle (plant)","Reactome"
"Ammut_EIv1.0_0401760",18,5,14,15,636,"mRNA surveillance pathway","KEGG"
"Ammut_EIv1.0_0403530",4,20,2,2,859,"Carbon metabolism","KEGG"
"Ammut_EIv1.0_0403530",4,20,2,2,859,"Metabolic pathways","KEGG"
"Ammut_EIv1.0_0404880",0,9,4,32,2521,"ABC transporters","KEGG"
"Ammut_EIv1.0_0405170",7,18,2,3,1290,"Amino sugar and nucleotide sugar metabolism","KEGG"
"Ammut_EIv1.0_0405170",7,18,2,3,1290,"Biosynthesis of nucleotide sugars","KEGG"
"Ammut_EIv1.0_0405170",7,18,2,3,1290,"Biosynthesis of secondary metabolites","KEGG"
"Ammut_EIv1.0_0405170",7,18,2,3,1290,"Carbohydrate metabolism","Reactome"
"Ammut_EIv1.0_0405170",7,18,2,3,1290,"Carbon metabolism","KEGG"
"Ammut_EIv1.0_0405170",7,18,2,3,1290,"Fructose and mannose metabolism","KEGG"
"Ammut_EIv1.0_0405170",7,18,2,3,1290,"GDP-mannose metabolism","Reactome"
"Ammut_EIv1.0_0405170",7,18,2,3,1290,"Galactose metabolism","KEGG"
"Ammut_EIv1.0_0405170",7,18,2,3,1290,"Glycolysis / Gluconeogenesis","KEGG"
"Ammut_EIv1.0_0405170",7,18,2,3,1290,"Mannose degradation","Reactome"
"Ammut_EIv1.0_0405170",7,18,2,3,1290,"Metabolic pathways","KEGG"
"Ammut_EIv1.0_0405170",7,18,2,3,1290,"Metabolism and regulation","Reactome"
"Ammut_EIv1.0_0405170",7,18,2,3,1290,"Starch and sucrose metabolism","KEGG"
"Ammut_EIv1.0_0405170",7,18,2,3,1290,"Trehalose degradation II","Reactome"
"Ammut_EIv1.0_0412590",7,31,12,20,5010,"Nucleocytoplasmic transport","KEGG"
"Ammut_EIv1.0_0412590",7,31,12,20,5010,"Spliceosome","KEGG"
"Ammut_EIv1.0_0416850",4,16,1,7,731,"Cadherin signaling","KEGG"
"Ammut_EIv1.0_0417480",3,83,0,11,1644,"Biosynthesis of secondary metabolites","KEGG"
"Ammut_EIv1.0_0417480",3,83,0,11,1644,"Metabolic pathways","KEGG"
"Ammut_EIv1.0_0417480",3,83,0,11,1644,"Porphyrin metabolism","KEGG"
"Ammut_EIv1.0_0419400",4,29,1,3,1298,"Basal transcription factors","KEGG"
"Ammut_EIv1.0_0425930",2,7,6,23,300,"Ribosome","KEGG"
"Ammut_EIv1.0_0431760",0,13,0,3,525,"Basal transcription factors","KEGG"
"Ammut_EIv1.0_0431920",3,52,3,28,1273,"IgSF CAM signaling","KEGG"
"Ammut_EIv1.0_0431920",3,52,3,28,1273,"Motor proteins","KEGG"
"Ammut_EIv1.0_0431920",3,52,3,28,1273,"Phagosome","KEGG"
"Ammut_EIv1.0_0432240",0,28,0,5,615,"Efferocytosis","KEGG"
"Ammut_EIv1.0_0432240",0,28,0,5,615,"Endocytosis","KEGG"
"Ammut_EIv1.0_0432240",0,28,0,5,615,"Phagosome","KEGG"
"Ammut_EIv1.0_0432300",0,15,2,4,1065,"Growth and developmental processes","Reactome"
"Ammut_EIv1.0_0432300",0,15,2,4,1065,"Hormone signaling","KEGG"
"Ammut_EIv1.0_0432300",0,15,2,4,1065,"Neuroactive ligand signaling","KEGG"
"Ammut_EIv1.0_0432300",0,15,2,4,1065,"Regulation of seed size","Reactome"
"Ammut_EIv1.0_0432300",0,15,2,4,1065,"Reproductive structure development","Reactome"
"Ammut_EIv1.0_0432300",0,15,2,4,1065,"Seed development","Reactome"
"Ammut_EIv1.0_0432840",6,35,2,9,697,"Protein processing in endoplasmic reticulum","KEGG"
"Ammut_EIv1.0_0433150",0,19,0,1,947,"Autophagy - other","KEGG"
"Ammut_EIv1.0_0433150",0,19,0,1,947,"Lysosome biogenesis","KEGG"
"Ammut_EIv1.0_0433990",5,77,6,17,1666,"Amino sugar and nucleotide sugar metabolism","KEGG"
"Ammut_EIv1.0_0433990",5,77,6,17,1666,"Metabolic pathways","KEGG"
"Ammut_EIv1.0_0434250",0,25,1,12,3090,"Inositol phosphate metabolism","KEGG"
"Ammut_EIv1.0_0434250",0,25,1,12,3090,"Metabolic pathways","KEGG"
"Ammut_EIv1.0_0434250",0,25,1,12,3090,"Phosphatidylinositol signaling system","KEGG"
"Ammut_EIv1.0_0435190",6,19,2,5,632,"Proteasome","KEGG"
"Ammut_EIv1.0_0435200",6,53,1,31,2107,"Lysosome biogenesis","KEGG"
"Ammut_EIv1.0_0435620",6,66,0,25,1903,"MAPK signaling pathway - plant","KEGG"
"Ammut_EIv1.0_0435620",6,66,0,25,1903,"Plant hormone signal transduction","KEGG"
"Ammut_EIv1.0_0435660",8,63,1,11,2291,"Endocytosis","KEGG"
"Ammut_EIv1.0_0435660",8,63,1,11,2291,"Inositol phosphate metabolism","KEGG"
"Ammut_EIv1.0_0435660",8,63,1,11,2291,"Metabolic pathways","KEGG"
"Ammut_EIv1.0_0435660",8,63,1,11,2291,"Phosphatidylinositol signaling system","KEGG"
"Ammut_EIv1.0_0435740",2,8,5,10,1004,"Nucleocytoplasmic transport","KEGG"
"Ammut_EIv1.0_0435740",2,8,5,10,1004,"mRNA surveillance pathway","KEGG"
"Ammut_EIv1.0_0436530",9,22,2,4,842,"Peroxisome","KEGG"
"Ammut_EIv1.0_0437370",0,78,1,24,1989,"Metabolic pathways","KEGG"
"Ammut_EIv1.0_0437370",0,78,1,24,1989,"Oxidative phosphorylation","KEGG"
"Ammut_EIv1.0_0437830",5,28,1,12,1426,"Amino sugar and nucleotide sugar metabolism","KEGG"
"Ammut_EIv1.0_0437830",5,28,1,12,1426,"Ascorbate and aldarate metabolism","KEGG"
"Ammut_EIv1.0_0437830",5,28,1,12,1426,"Biosynthesis of cofactors","KEGG"
"Ammut_EIv1.0_0437830",5,28,1,12,1426,"Biosynthesis of nucleotide sugars","KEGG"
"Ammut_EIv1.0_0437830",5,28,1,12,1426,"Biosynthesis of various nucleotide sugars","KEGG"
"Ammut_EIv1.0_0437830",5,28,1,12,1426,"Carbohydrate metabolism","Reactome"
"Ammut_EIv1.0_0437830",5,28,1,12,1426,"Galactose degradation II","Reactome"
"Ammut_EIv1.0_0437830",5,28,1,12,1426,"Metabolic pathways","KEGG"
"Ammut_EIv1.0_0437830",5,28,1,12,1426,"Metabolism and regulation","Reactome"
"Ammut_EIv1.0_0437830",5,28,1,12,1426,"Pentose and glucuronate interconversions","KEGG"
"Ammut_EIv1.0_0437830",5,28,1,12,1426,"UDP-D-xylose biosynthesis","Reactome"
"Ammut_EIv1.0_0437830",5,28,1,12,1426,"UDP-L-arabinose biosynthesis and transport","Reactome"
"Ammut_EIv1.0_0438360",1,89,3,25,1749,"Lysosome biogenesis","KEGG"
"Ammut_EIv1.0_0439040",22,44,4,8,2476,"ATP-dependent chromatin remodeling","KEGG"
"Ammut_EIv1.0_0439770",0,45,0,14,1254,"IgSF CAM signaling","KEGG"
"Ammut_EIv1.0_0439770",0,45,0,14,1254,"Motor proteins","KEGG"
"Ammut_EIv1.0_0439770",0,45,0,14,1254,"Phagosome","KEGG"
"Ammut_EIv1.0_0440900",4,46,0,17,2897,"Efferocytosis","KEGG"
"Ammut_EIv1.0_0441060",4,16,2,6,1244,"Biosynthesis of secondary metabolites","KEGG"
"Ammut_EIv1.0_0441060",4,16,2,6,1244,"Cofactor biosyntheses","Reactome"
"Ammut_EIv1.0_0441060",4,16,2,6,1244,"Metabolic pathways","KEGG"
"Ammut_EIv1.0_0441060",4,16,2,6,1244,"Metabolism and regulation","Reactome"
"Ammut_EIv1.0_0441060",4,16,2,6,1244,"Methylerythritol phosphate pathway","Reactome"
"Ammut_EIv1.0_0441060",4,16,2,6,1244,"Terpenoid backbone biosynthesis","KEGG"
"Ammut_EIv1.0_0441620",1,23,0,7,1188,"Protein processing in endoplasmic reticulum","KEGG"
"Ammut_EIv1.0_0441850",12,27,9,18,2238,"Ribosome biogenesis in eukaryotes","KEGG"
"Ammut_EIv1.0_0441960",0,58,0,12,1785,"Metabolic pathways","KEGG"
"Ammut_EIv1.0_0441960",0,58,0,12,1785,"Starch and sucrose metabolism","KEGG"
"Ammut_EIv1.0_0442120",0,17,1,5,600,"Amino acid biosynthesis","Reactome"
"Ammut_EIv1.0_0442120",0,17,1,5,600,"Amino acid metabolism","Reactome"
"Ammut_EIv1.0_0442120",0,17,1,5,600,"Isoleucine biosynthesis from threonine","Reactome"
"Ammut_EIv1.0_0442120",0,17,1,5,600,"Metabolism and regulation","Reactome"
"Ammut_EIv1.0_0442120",0,17,1,5,600,"Valine biosynthesis","Reactome"
"Ammut_EIv1.0_0442150",23,41,7,23,2720,"Response to cold temperature","Reactome"
"Ammut_EIv1.0_0442150",23,41,7,23,2720,"Responses to stimuli: abiotic stimuli and stresses","Reactome"
"Ammut_EIv1.0_0443220",6,18,0,6,1287,"2-Oxocarboxylic acid metabolism","KEGG"
"Ammut_EIv1.0_0443220",6,18,0,6,1287,"Biosynthesis of secondary metabolites","KEGG"
"Ammut_EIv1.0_0443220",6,18,0,6,1287,"Carbon metabolism","KEGG"
"Ammut_EIv1.0_0443220",6,18,0,6,1287,"Citrate cycle","KEGG"
"Ammut_EIv1.0_0443220",6,18,0,6,1287,"Lipoic acid metabolism","KEGG"
"Ammut_EIv1.0_0443220",6,18,0,6,1287,"Lysine degradation","KEGG"
"Ammut_EIv1.0_0443220",6,18,0,6,1287,"Metabolic pathways","KEGG"
"Ammut_EIv1.0_0443220",6,18,0,6,1287,"Tryptophan metabolism","KEGG"
"Ammut_EIv1.0_0445740",38,26,6,2,1367,"Base excision repair","KEGG"
"Ammut_EIv1.0_0446340",2,50,0,12,2289,"Protein processing in endoplasmic reticulum","KEGG"
"Ammut_EIv1.0_0447220",0,13,0,2,813,"Metabolic pathways","KEGG"
"Ammut_EIv1.0_0447220",0,13,0,2,813,"Photosynthesis - antenna proteins","KEGG"
"Ammut_EIv1.0_0448080",0,19,1,10,1605,"Galactose metabolism","KEGG"
"Ammut_EIv1.0_0448080",0,19,1,10,1605,"Starch and sucrose metabolism","KEGG"
"Ammut_EIv1.0_0448260",6,18,1,4,1439,"mRNA surveillance pathway","KEGG"
"Ammut_EIv1.0_0448880",3,7,3,1,659,"Biosynthesis of secondary metabolites","KEGG"
"Ammut_EIv1.0_0448880",3,7,3,1,659,"Metabolic pathways","KEGG"
"Ammut_EIv1.0_0448880",3,7,3,1,659,"Steroid biosynthesis","KEGG"
"Ammut_EIv1.0_0449150",4,8,2,6,1406,"Arginine and proline metabolism","KEGG"
"Ammut_EIv1.0_0449150",4,8,2,6,1406,"Ascorbate and aldarate metabolism","KEGG"
"Ammut_EIv1.0_0449150",4,8,2,6,1406,"Biosynthesis of cofactors","KEGG"
"Ammut_EIv1.0_0449150",4,8,2,6,1406,"Biosynthesis of secondary metabolites","KEGG"
"Ammut_EIv1.0_0449150",4,8,2,6,1406,"Fatty acid degradation","KEGG"
"Ammut_EIv1.0_0449150",4,8,2,6,1406,"Glycerolipid metabolism","KEGG"
"Ammut_EIv1.0_0449150",4,8,2,6,1406,"Glycolysis / Gluconeogenesis","KEGG"
"Ammut_EIv1.0_0449150",4,8,2,6,1406,"Histidine metabolism","KEGG"
"Ammut_EIv1.0_0449150",4,8,2,6,1406,"Lysine degradation","KEGG"
"Ammut_EIv1.0_0449150",4,8,2,6,1406,"Metabolic pathways","KEGG"
"Ammut_EIv1.0_0449150",4,8,2,6,1406,"Pantothenate and CoA biosynthesis","KEGG"
"Ammut_EIv1.0_0449150",4,8,2,6,1406,"Pyruvate metabolism","KEGG"
"Ammut_EIv1.0_0449150",4,8,2,6,1406,"Tryptophan metabolism","KEGG"
"Ammut_EIv1.0_0449150",4,8,2,6,1406,"Valine, leucine and isoleucine degradation","KEGG"
"Ammut_EIv1.0_0449150",4,8,2,6,1406,"beta-Alanine metabolism","KEGG"
"Ammut_EIv1.0_0449470",18,60,8,19,1454,"Hormone signaling, transport, and metabolism","Reactome"
"Ammut_EIv1.0_0449470",18,60,8,19,1454,"Metabolism and regulation","Reactome"
"Ammut_EIv1.0_0449470",18,60,8,19,1454,"Salicylic acid signaling","Reactome"
"Ammut_EIv1.0_0449990",0,10,0,5,1467,"Metabolic pathways","KEGG"
"Ammut_EIv1.0_0449990",0,10,0,5,1467,"Nucleotide metabolism","KEGG"
"Ammut_EIv1.0_0449990",0,10,0,5,1467,"Pyrimidine metabolism","KEGG"
"Ammut_EIv1.0_0450040",4,15,1,7,447,"Biosynthesis of cofactors","KEGG"
"Ammut_EIv1.0_0450040",4,15,1,7,447,"Biosynthesis of secondary metabolites","KEGG"
"Ammut_EIv1.0_0450040",4,15,1,7,447,"MAPK signaling pathway - plant","KEGG"
"Ammut_EIv1.0_0450040",4,15,1,7,447,"Metabolic pathways","KEGG"
"Ammut_EIv1.0_0450040",4,15,1,7,447,"Nucleotide metabolism","KEGG"
"Ammut_EIv1.0_0450040",4,15,1,7,447,"Purine metabolism","KEGG"
"Ammut_EIv1.0_0450040",4,15,1,7,447,"Pyrimidine metabolism","KEGG"
"Ammut_EIv1.0_0450440",3,17,1,6,1293,"Ascorbate and aldarate metabolism","KEGG"
"Ammut_EIv1.0_0450440",3,17,1,6,1293,"Biosynthesis of cofactors","KEGG"
"Ammut_EIv1.0_0450440",3,17,1,6,1293,"Biosynthesis of secondary metabolites","KEGG"
"Ammut_EIv1.0_0450440",3,17,1,6,1293,"Metabolic pathways","KEGG"
"Ammut_EIv1.0_0450720",6,14,6,9,2749,"Protein processing in endoplasmic reticulum","KEGG"
"Ammut_EIv1.0_0450850",1,4,3,2,1590,"Biosynthesis of amino acids","KEGG"
"Ammut_EIv1.0_0450850",1,4,3,2,1590,"Biosynthesis of secondary metabolites","KEGG"
"Ammut_EIv1.0_0450850",1,4,3,2,1590,"Carbon metabolism","KEGG"
"Ammut_EIv1.0_0450850",1,4,3,2,1590,"Glycolysis / Gluconeogenesis","KEGG"
"Ammut_EIv1.0_0450850",1,4,3,2,1590,"Metabolic pathways","KEGG"
"Ammut_EIv1.0_0450850",1,4,3,2,1590,"Pyruvate metabolism","KEGG"
"Ammut_EIv1.0_0450990",2,5,3,5,1101,"Amino acid metabolism","Reactome"
"Ammut_EIv1.0_0450990",2,5,3,5,1101,"Cysteine and methionine metabolism","KEGG"
"Ammut_EIv1.0_0450990",2,5,3,5,1101,"Metabolic pathways","KEGG"
"Ammut_EIv1.0_0450990",2,5,3,5,1101,"Metabolism and regulation","Reactome"
"Ammut_EIv1.0_0450990",2,5,3,5,1101,"Methionine salvage pathway","Reactome"
"Ammut_EIv1.0_0451230",10,9,1,5,951,"Ribosome","KEGG"
"Ammut_EIv1.0_0451510",8,49,2,21,2089,"Fatty acid biosynthesis","KEGG"
"Ammut_EIv1.0_0451510",8,49,2,21,2089,"Fatty acid degradation","KEGG"
"Ammut_EIv1.0_0451510",8,49,2,21,2089,"Fatty acid metabolism","KEGG"
"Ammut_EIv1.0_0451510",8,49,2,21,2089,"Metabolic pathways","KEGG"
"Ammut_EIv1.0_0451510",8,49,2,21,2089,"Peroxisome","KEGG"
"Ammut_EIv1.0_0451700",0,17,0,7,1161,"Ribosome","KEGG"
"Ammut_EIv1.0_0451710",0,2,0,2,651,"SNARE interactions in vesicular transport","KEGG"
"Ammut_EIv1.0_0451900",16,19,5,5,1752,"Autophagy - other","KEGG"
"Ammut_EIv1.0_0452280",7,34,2,17,1882,"Glycerolipid metabolism","KEGG"
"Ammut_EIv1.0_0452280",7,34,2,17,1882,"Metabolic pathways","KEGG"
"Ammut_EIv1.0_0452500",3,14,1,7,1440,"Viral life cycle - HIV-1","KEGG"
"Ammut_EIv1.0_0452520",0,16,0,9,1437,"Amino sugar and nucleotide sugar metabolism","KEGG"
"Ammut_EIv1.0_0452520",0,16,0,9,1437,"Ascorbate and aldarate metabolism","KEGG"
"Ammut_EIv1.0_0452520",0,16,0,9,1437,"Biosynthesis of cofactors","KEGG"
"Ammut_EIv1.0_0452520",0,16,0,9,1437,"Biosynthesis of nucleotide sugars","KEGG"
"Ammut_EIv1.0_0452520",0,16,0,9,1437,"Biosynthesis of various nucleotide sugars","KEGG"
"Ammut_EIv1.0_0452520",0,16,0,9,1437,"Carbohydrate metabolism","Reactome"
"Ammut_EIv1.0_0452520",0,16,0,9,1437,"Metabolic pathways","KEGG"
"Ammut_EIv1.0_0452520",0,16,0,9,1437,"Metabolism and regulation","Reactome"
"Ammut_EIv1.0_0452520",0,16,0,9,1437,"Pentose and glucuronate interconversions","KEGG"
"Ammut_EIv1.0_0452520",0,16,0,9,1437,"UDP-L-arabinose biosynthesis and transport","Reactome"
"Ammut_EIv1.0_0452750",0,4,1,6,1056,"RNA degradation","KEGG"
"Ammut_EIv1.0_0452850",2,8,4,21,1662,"Protein export","KEGG"
"Ammut_EIv1.0_0453690",4,19,4,12,1195,"Metabolic pathways","KEGG"
"Ammut_EIv1.0_0453690",4,19,4,12,1195,"Selenocompound metabolism","KEGG"
"Ammut_EIv1.0_0453870",0,2,0,25,1295,"Biosynthesis of secondary metabolites","KEGG"
"Ammut_EIv1.0_0453870",0,2,0,25,1295,"Metabolic pathways","KEGG"
"Ammut_EIv1.0_0453870",0,2,0,25,1295,"Steroid biosynthesis","KEGG"
"Ammut_EIv1.0_0454080",0,2,0,4,1036,"Glycerophospholipid metabolism","KEGG"
"Ammut_EIv1.0_0454080",0,2,0,4,1036,"Metabolic pathways","KEGG"
"Ammut_EIv1.0_0454080",0,2,0,4,1036,"Phosphonate and phosphinate metabolism","KEGG"
"Ammut_EIv1.0_0456140",6,3,4,8,3123,"Ubiquitin mediated proteolysis","KEGG"
"Ammut_EIv1.0_0460030",0,1,0,1,909,"Endocytosis","KEGG"
"Ammut_EIv1.0_0460030",0,1,0,1,909,"Lysosome biogenesis","KEGG"
"Ammut_EIv1.0_0464760",0,3,2,7,2601,"Nucleocytoplasmic transport","KEGG"
"Ammut_EIv1.0_0467070",0,1,6,3,1687,"Motor proteins","KEGG"
"Ammut_EIv1.0_0468850",0,2,1,1,1389,"mRNA surveillance pathway","KEGG"
"Ammut_EIv1.0_0471400",0,3,2,6,2694,"Lysosome biogenesis","KEGG"
"Ammut_EIv1.0_0476070",0,1,4,4,1674,"Other types of O-glycan biosynthesis","KEGG"
"Ammut_EIv1.0_0479140",1,5,4,8,1534,"Metabolic pathways","KEGG"
"Ammut_EIv1.0_0479140",1,5,4,8,1534,"N-Glycan biosynthesis","KEGG"
"Ammut_EIv1.0_0479580",2,2,3,4,1460,"Metabolic pathways","KEGG"
"Ammut_EIv1.0_0479580",2,2,3,4,1460,"Starch and sucrose metabolism","KEGG"
"Ammut_EIv1.0_0479860",2,2,2,9,1408,"Biosynthesis of amino acids","KEGG"
"Ammut_EIv1.0_0479860",2,2,2,9,1408,"Biosynthesis of secondary metabolites","KEGG"
"Ammut_EIv1.0_0479860",2,2,2,9,1408,"Carbon metabolism","KEGG"
"Ammut_EIv1.0_0479860",2,2,2,9,1408,"Glycolysis / Gluconeogenesis","KEGG"
"Ammut_EIv1.0_0479860",2,2,2,9,1408,"Metabolic pathways","KEGG"
"Ammut_EIv1.0_0479860",2,2,2,9,1408,"Pyruvate metabolism","KEGG"
"Ammut_EIv1.0_0480770",0,5,0,4,2048,"Spliceosome","KEGG"
"Ammut_EIv1.0_0480920",18,22,0,3,1427,"Galactose metabolism","KEGG"
"Ammut_EIv1.0_0480920",18,22,0,3,1427,"Starch and sucrose metabolism","KEGG"
"Ammut_EIv1.0_0481220",0,4,1,4,933,"RNA degradation","KEGG"
"Ammut_EIv1.0_0482540",0,3,0,12,2909,"Circadian rhythm","Reactome"
"Ammut_EIv1.0_0482540",0,3,0,12,2909,"Circadian rhythm - plant","KEGG"
"Ammut_EIv1.0_0482540",0,3,0,12,2909,"Drought escape (DE) via ABA-dependent pathway","Reactome"
"Ammut_EIv1.0_0482540",0,3,0,12,2909,"Flowering under drought stress","Reactome"
"Ammut_EIv1.0_0482540",0,3,0,12,2909,"Growth and developmental processes","Reactome"
"Ammut_EIv1.0_0482540",0,3,0,12,2909,"Inflorescence development","Reactome"
"Ammut_EIv1.0_0482540",0,3,0,12,2909,"Long day regulated expression of florigens","Reactome"
"Ammut_EIv1.0_0482540",0,3,0,12,2909,"Mild drought","Reactome"
"Ammut_EIv1.0_0482540",0,3,0,12,2909,"Reproductive structure development","Reactome"
"Ammut_EIv1.0_0482540",0,3,0,12,2909,"Responses to stimuli: abiotic stimuli and stresses","Reactome"
"Ammut_EIv1.0_0483420",0,6,2,9,1476,"Biosynthesis of secondary metabolites","KEGG"
"Ammut_EIv1.0_0483420",0,6,2,9,1476,"Butanoate metabolism","KEGG"
"Ammut_EIv1.0_0483420",0,6,2,9,1476,"Carbon metabolism","KEGG"
"Ammut_EIv1.0_0483420",0,6,2,9,1476,"Glycolysis / Gluconeogenesis","KEGG"
"Ammut_EIv1.0_0483420",0,6,2,9,1476,"Glyoxylate and dicarboxylate metabolism","KEGG"
"Ammut_EIv1.0_0483420",0,6,2,9,1476,"Metabolic pathways","KEGG"
"Ammut_EIv1.0_0483420",0,6,2,9,1476,"Pyruvate metabolism","KEGG"
"Ammut_EIv1.0_0484320",2,6,1,23,1380,"Amino acid biosynthesis","Reactome"
"Ammut_EIv1.0_0484320",2,6,1,23,1380,"Amino acid metabolism","Reactome"
"Ammut_EIv1.0_0484320",2,6,1,23,1380,"Lysine biosynthesis VI","Reactome"
"Ammut_EIv1.0_0484320",2,6,1,23,1380,"Metabolism and regulation","Reactome"
"Ammut_EIv1.0_0484640",0,3,2,8,1080,"Biosynthesis of secondary metabolites","KEGG"
"Ammut_EIv1.0_0484640",0,3,2,8,1080,"Fatty acid biosynthesis","KEGG"
"Ammut_EIv1.0_0484640",0,3,2,8,1080,"Fatty acid metabolism","KEGG"
"Ammut_EIv1.0_0484640",0,3,2,8,1080,"Metabolic pathways","KEGG"
"Ammut_EIv1.0_0484960",0,1,0,4,330,"Metabolic pathways","KEGG"
"Ammut_EIv1.0_0484960",0,1,0,4,330,"Oxidative phosphorylation","KEGG"
"Ammut_EIv1.0_0485180",2,27,3,9,1425,"Amino acid biosynthesis","Reactome"
"Ammut_EIv1.0_0485180",2,27,3,9,1425,"Amino acid catabolism","Reactome"
"Ammut_EIv1.0_0485180",2,27,3,9,1425,"Amino acid metabolism","Reactome"
"Ammut_EIv1.0_0485180",2,27,3,9,1425,"Hormone signaling, transport, and metabolism","Reactome"
"Ammut_EIv1.0_0485180",2,27,3,9,1425,"IAA biosynthesis I","Reactome"
"Ammut_EIv1.0_0485180",2,27,3,9,1425,"Isoleucine biosynthesis from threonine","Reactome"
"Ammut_EIv1.0_0485180",2,27,3,9,1425,"Metabolism and regulation","Reactome"
"Ammut_EIv1.0_0485180",2,27,3,9,1425,"Phenylalanine degradation III","Reactome"
"Ammut_EIv1.0_0485180",2,27,3,9,1425,"Valine biosynthesis","Reactome"
"Ammut_EIv1.0_0485450",0,2,5,15,1610,"Alanine, aspartate and glutamate metabolism","KEGG"
"Ammut_EIv1.0_0485450",0,2,5,15,1610,"Biosynthesis of amino acids","KEGG"
"Ammut_EIv1.0_0485450",0,2,5,15,1610,"Biosynthesis of secondary metabolites","KEGG"
"Ammut_EIv1.0_0485450",0,2,5,15,1610,"Metabolic pathways","KEGG"
"Ammut_EIv1.0_0485530",1,4,3,8,1556,"Inositol phosphate metabolism","KEGG"
"Ammut_EIv1.0_0485530",1,4,3,8,1556,"Metabolic pathways","KEGG"
"Ammut_EIv1.0_0485530",1,4,3,8,1556,"Phosphatidylinositol signaling system","KEGG"
"Ammut_EIv1.0_0485940",0,3,1,1,678,"Metabolic pathways","KEGG"
"Ammut_EIv1.0_0485940",0,3,1,1,678,"N-Glycan biosynthesis","KEGG"
"Ammut_EIv1.0_0486380",0,6,3,3,1091,"Amino acid biosynthesis","Reactome"
"Ammut_EIv1.0_0486380",0,6,3,3,1091,"Amino acid metabolism","Reactome"
"Ammut_EIv1.0_0486380",0,6,3,3,1091,"Biosynthesis of amino acids","KEGG"
"Ammut_EIv1.0_0486380",0,6,3,3,1091,"Biosynthesis of secondary metabolites","KEGG"
"Ammut_EIv1.0_0486380",0,6,3,3,1091,"Metabolic pathways","KEGG"
"Ammut_EIv1.0_0486380",0,6,3,3,1091,"Metabolism and regulation","Reactome"
"Ammut_EIv1.0_0486380",0,6,3,3,1091,"Phenylalanine biosynthesis I","Reactome"
"Ammut_EIv1.0_0486380",0,6,3,3,1091,"Phenylalanine, tyrosine and tryptophan biosynthesis","KEGG"
"Ammut_EIv1.0_0486430",0,4,0,15,678,"Ascorbate and aldarate metabolism","KEGG"
"Ammut_EIv1.0_0486430",0,4,0,15,678,"Detoxification","Reactome"
"Ammut_EIv1.0_0486430",0,4,0,15,678,"Glutathione metabolism","KEGG"
"Ammut_EIv1.0_0486430",0,4,0,15,678,"Gravitropism under normal or artificial gravity environments","Reactome"
"Ammut_EIv1.0_0486430",0,4,0,15,678,"Metabolic pathways","KEGG"
"Ammut_EIv1.0_0486430",0,4,0,15,678,"Metabolism and regulation","Reactome"
"Ammut_EIv1.0_0486430",0,4,0,15,678,"Reactive oxygen species (ROS) homeostasis","Reactome"
"Ammut_EIv1.0_0486430",0,4,0,15,678,"Removal of superoxide radicals","Reactome"
"Ammut_EIv1.0_0486430",0,4,0,15,678,"Responses to stimuli: abiotic stimuli and stresses","Reactome"
"Ammut_EIv1.0_0486430",0,4,0,15,678,"Root angle formation: elongation and curvature response","Reactome"
"Ammut_EIv1.0_0486430",0,4,0,15,678,"Root gravitropism","Reactome"
"Ammut_EIv1.0_0487400",6,25,3,16,3818,"ABC transporters","KEGG"
"Ammut_EIv1.0_0487560",0,6,0,13,459,"ATP-dependent chromatin remodeling","KEGG"
"Ammut_EIv1.0_0487760",2,3,0,12,2025,"Biosynthesis of nucleotide sugars","KEGG"
"Ammut_EIv1.0_0487760",2,3,0,12,2025,"Biosynthesis of various nucleotide sugars","KEGG"
"Ammut_EIv1.0_0487760",2,3,0,12,2025,"Carbohydrate metabolism","Reactome"
"Ammut_EIv1.0_0487760",2,3,0,12,2025,"GDP-D-rhamnose biosynthesis","Reactome"
"Ammut_EIv1.0_0487760",2,3,0,12,2025,"GDP-L-fucose biosynthesis I (from GDP-D-mannose)","Reactome"
"Ammut_EIv1.0_0487760",2,3,0,12,2025,"Metabolic pathways","KEGG"
"Ammut_EIv1.0_0487760",2,3,0,12,2025,"Metabolism and regulation","Reactome"
"Ammut_EIv1.0_0488050",0,3,0,12,1953,"Endocytosis","KEGG"
"Ammut_EIv1.0_0488050",0,3,0,12,1953,"Protein processing in endoplasmic reticulum","KEGG"
"Ammut_EIv1.0_0488050",0,3,0,12,1953,"Spliceosome","KEGG"
"Ammut_EIv1.0_0488470",2,8,3,7,1389,"Lysosome biogenesis","KEGG"
"Ammut_EIv1.0_0489000",4,7,4,6,2478,"Nucleocytoplasmic transport","KEGG"
"Ammut_EIv1.0_0489000",4,7,4,6,2478,"mRNA surveillance pathway","KEGG"
"Ammut_EIv1.0_0489310",1,2,1,9,924,"Cadherin signaling","KEGG"
"Ammut_EIv1.0_0489310",1,2,1,9,924,"mRNA surveillance pathway","KEGG"
"Ammut_EIv1.0_0489400",14,14,2,6,1221,"Biosynthesis of secondary metabolites","KEGG"
"Ammut_EIv1.0_0489400",14,14,2,6,1221,"Calvin cycle","Reactome"
"Ammut_EIv1.0_0489400",14,14,2,6,1221,"Carbohydrate metabolism","Reactome"
"Ammut_EIv1.0_0489400",14,14,2,6,1221,"Carbon fixation by Calvin cycle","KEGG"
"Ammut_EIv1.0_0489400",14,14,2,6,1221,"Carbon metabolism","KEGG"
"Ammut_EIv1.0_0489400",14,14,2,6,1221,"Fructose and mannose metabolism","KEGG"
"Ammut_EIv1.0_0489400",14,14,2,6,1221,"Glycolysis / Gluconeogenesis","KEGG"
"Ammut_EIv1.0_0489400",14,14,2,6,1221,"Metabolic pathways","KEGG"
"Ammut_EIv1.0_0489400",14,14,2,6,1221,"Metabolism and regulation","Reactome"
"Ammut_EIv1.0_0489400",14,14,2,6,1221,"Pentose phosphate pathway","KEGG"
"Ammut_EIv1.0_0489820",0,7,2,5,1604,"Hormone signaling, transport, and metabolism","Reactome"
"Ammut_EIv1.0_0489820",0,7,2,5,1604,"Jasmonic acid signaling","Reactome"
"Ammut_EIv1.0_0489820",0,7,2,5,1604,"Metabolism and regulation","Reactome"
"Ammut_EIv1.0_0489820",0,7,2,5,1604,"Plant hormone signal transduction","KEGG"
"Ammut_EIv1.0_0489920",3,4,0,3,1179,"Biosynthesis of secondary metabolites","KEGG"
"Ammut_EIv1.0_0489920",3,4,0,3,1179,"Glycerolipid metabolism","KEGG"
"Ammut_EIv1.0_0489920",3,4,0,3,1179,"Metabolic pathways","KEGG"
"Ammut_EIv1.0_0489920",3,4,0,3,1179,"Sulfoquinovose metabolism","KEGG"
"Ammut_EIv1.0_0490070",2,3,0,3,834,"Fatty acid and lipid metabolism","Reactome"
"Ammut_EIv1.0_0490070",2,3,0,3,834,"Metabolic pathways","KEGG"
"Ammut_EIv1.0_0490070",2,3,0,3,834,"Metabolism and regulation","Reactome"
"Ammut_EIv1.0_0490070",2,3,0,3,834,"Sphingolipid metabolism","KEGG;Reactome"
"Ammut_EIv1.0_0490150",0,3,3,9,1239,"Metabolism and regulation","Reactome"
"Ammut_EIv1.0_0490150",0,3,3,9,1239,"Secologanin and strictosidine biosynthesis","Reactome"
"Ammut_EIv1.0_0490150",0,3,3,9,1239,"Secondary metabolism","Reactome"
"Ammut_EIv1.0_0490200",0,4,0,2,820,"Spliceosome","KEGG"
"Ammut_EIv1.0_0490250",6,10,0,3,1386,"Growth and developmental processes","Reactome"
"Ammut_EIv1.0_0490250",6,10,0,3,1386,"Regulatory network of nutrient accumulation","Reactome"
"Ammut_EIv1.0_0490250",6,10,0,3,1386,"Reproductive structure development","Reactome"
"Ammut_EIv1.0_0490250",6,10,0,3,1386,"Seed development","Reactome"
"Ammut_EIv1.0_0490480",0,19,2,8,2928,"Nucleocytoplasmic transport","KEGG"
"Ammut_EIv1.0_0490780",0,11,0,8,1959,"Protein processing in endoplasmic reticulum","KEGG"
"Ammut_EIv1.0_0491780",2,1,8,12,1365,"Basal transcription factors","KEGG"
"Ammut_EIv1.0_0491950",0,1,0,7,2253,"Lysosome biogenesis","KEGG"
"Ammut_EIv1.0_0491950",0,1,0,7,2253,"Metabolic pathways","KEGG"
"Ammut_EIv1.0_0491950",0,1,0,7,2253,"Oxidative phosphorylation","KEGG"
"Ammut_EIv1.0_0491950",0,1,0,7,2253,"Phagosome","KEGG"
"Ammut_EIv1.0_0492490",3,13,2,13,4767,"Endocytosis","KEGG"
"Ammut_EIv1.0_0492710",0,1,1,13,759,"Amino acid biosynthesis","Reactome"
"Ammut_EIv1.0_0492710",0,1,1,13,759,"Amino acid metabolism","Reactome"
"Ammut_EIv1.0_0492710",0,1,1,13,759,"Biosynthesis of amino acids","KEGG"
"Ammut_EIv1.0_0492710",0,1,1,13,759,"Biosynthesis of secondary metabolites","KEGG"
"Ammut_EIv1.0_0492710",0,1,1,13,759,"Lysine biosynthesis","KEGG"
"Ammut_EIv1.0_0492710",0,1,1,13,759,"Lysine biosynthesis I","Reactome"
"Ammut_EIv1.0_0492710",0,1,1,13,759,"Lysine biosynthesis II","Reactome"
"Ammut_EIv1.0_0492710",0,1,1,13,759,"Lysine biosynthesis VI","Reactome"
"Ammut_EIv1.0_0492710",0,1,1,13,759,"Metabolic pathways","KEGG"
"Ammut_EIv1.0_0492710",0,1,1,13,759,"Metabolism and regulation","Reactome"
"Ammut_EIv1.0_0492710",0,1,1,13,759,"Monobactam biosynthesis","KEGG"
"Ammut_EIv1.0_0492960",0,2,1,15,1203,"Proteasome","KEGG"
"Ammut_EIv1.0_0494180",2,4,2,18,1663,"Lysosome biogenesis","KEGG"
"Ammut_EIv1.0_0494680",0,3,0,3,498,"Lysosome biogenesis","KEGG"
"Ammut_EIv1.0_0495040",1,21,0,8,1415,"Biosynthesis of secondary metabolites","KEGG"
"Ammut_EIv1.0_0495040",1,21,0,8,1415,"Metabolic pathways","KEGG"
"Ammut_EIv1.0_0495040",1,21,0,8,1415,"Sesquiterpenoid and triterpenoid biosynthesis","KEGG"
"Ammut_EIv1.0_0495040",1,21,0,8,1415,"Steroid biosynthesis","KEGG"
"Ammut_EIv1.0_0495750",3,53,2,23,2291,"Biosynthesis of secondary metabolites","KEGG"
"Ammut_EIv1.0_0495750",3,53,2,23,2291,"Carbohydrate metabolism","Reactome"
"Ammut_EIv1.0_0495750",3,53,2,23,2291,"Metabolic pathways","KEGG"
"Ammut_EIv1.0_0495750",3,53,2,23,2291,"Metabolism and regulation","Reactome"
"Ammut_EIv1.0_0495750",3,53,2,23,2291,"Starch and sucrose metabolism","KEGG"
"Ammut_EIv1.0_0495750",3,53,2,23,2291,"Trehalose biosynthesis I","Reactome"
"Ammut_EIv1.0_0495770",8,12,1,4,2043,"Plant hormone signal transduction","KEGG"
"Ammut_EIv1.0_0495860",3,24,1,9,966,"Alanine, aspartate and glutamate metabolism","KEGG"
"Ammut_EIv1.0_0495860",3,24,1,9,966,"Arginine biosynthesis","KEGG"
"Ammut_EIv1.0_0495860",3,24,1,9,966,"Biosynthesis of amino acids","KEGG"
"Ammut_EIv1.0_0495860",3,24,1,9,966,"Biosynthesis of secondary metabolites","KEGG"
"Ammut_EIv1.0_0495860",3,24,1,9,966,"Glyoxylate and dicarboxylate metabolism","KEGG"
"Ammut_EIv1.0_0495860",3,24,1,9,966,"Metabolic pathways","KEGG"
"Ammut_EIv1.0_0495860",3,24,1,9,966,"Nitrogen metabolism","KEGG"
"Ammut_EIv1.0_0495860",3,24,1,9,966,"Plant hormone signal transduction","KEGG"
"Ammut_EIv1.0_0496000",0,14,0,12,638,"Cutin, suberine and wax biosynthesis","KEGG"
"Ammut_EIv1.0_0496090",0,11,1,24,1322,"Metabolic pathways","KEGG"
"Ammut_EIv1.0_0496090",0,11,1,24,1322,"Starch and sucrose metabolism","KEGG"
"Ammut_EIv1.0_0496130",4,25,2,17,839,"Amino acid biosynthesis","Reactome"
"Ammut_EIv1.0_0496130",4,25,2,17,839,"Amino acid metabolism","Reactome"
"Ammut_EIv1.0_0496130",4,25,2,17,839,"Biosynthesis of secondary metabolites","KEGG"
"Ammut_EIv1.0_0496130",4,25,2,17,839,"Cysteine and methionine metabolism","KEGG"
"Ammut_EIv1.0_0496130",4,25,2,17,839,"Folate transport and metabolism","KEGG"
"Ammut_EIv1.0_0496130",4,25,2,17,839,"Metabolic pathways","KEGG"
"Ammut_EIv1.0_0496130",4,25,2,17,839,"Metabolism and regulation","Reactome"
"Ammut_EIv1.0_0496130",4,25,2,17,839,"Methionine biosynthesis II","Reactome"
"Ammut_EIv1.0_0496130",4,25,2,17,839,"One carbon pool by folate","KEGG"
"Ammut_EIv1.0_0496130",4,25,2,17,839,"S-methylmethionine cycle","Reactome"
"Ammut_EIv1.0_0496160",0,24,1,3,1336,"Biosynthesis of secondary metabolites","KEGG"
"Ammut_EIv1.0_0496160",0,24,1,3,1336,"Fatty acid elongation","KEGG"
"Ammut_EIv1.0_0496160",0,24,1,3,1336,"Metabolic pathways","KEGG"
"Ammut_EIv1.0_0496160",0,24,1,3,1336,"Plant-pathogen interaction","KEGG"
"Ammut_EIv1.0_0496230",4,9,1,1,492,"Peroxisome","KEGG"
"Ammut_EIv1.0_0496390",6,13,2,10,1005,"Metabolic pathways","KEGG"
"Ammut_EIv1.0_0496390",6,13,2,10,1005,"Pentose and glucuronate interconversions","KEGG"
"Ammut_EIv1.0_0496410",0,7,1,9,2430,"Metabolic pathways","KEGG"
"Ammut_EIv1.0_0496410",0,7,1,9,2430,"N-Glycan biosynthesis","KEGG"
"Ammut_EIv1.0_0496410",0,7,1,9,2430,"Protein processing in endoplasmic reticulum","KEGG"
"Ammut_EIv1.0_0496860",6,22,4,17,1866,"Activation of pre-replication complex","Reactome"
"Ammut_EIv1.0_0496860",6,22,4,17,1866,"Cell cycle","Reactome"
"Ammut_EIv1.0_0496860",6,22,4,17,1866,"Cellular processes","Reactome"
"Ammut_EIv1.0_0496860",6,22,4,17,1866,"DNA replication","KEGG"
"Ammut_EIv1.0_0496860",6,22,4,17,1866,"Fanconi anemia pathway","KEGG"
"Ammut_EIv1.0_0496860",6,22,4,17,1866,"G1/S transition","Reactome"
"Ammut_EIv1.0_0496860",6,22,4,17,1866,"Homologous recombination","KEGG"
"Ammut_EIv1.0_0496860",6,22,4,17,1866,"Mismatch repair","KEGG"
"Ammut_EIv1.0_0496860",6,22,4,17,1866,"Mitosis","Reactome"
"Ammut_EIv1.0_0496860",6,22,4,17,1866,"Nucleotide excision repair","KEGG"
"Ammut_EIv1.0_0497820",2,5,10,31,1423,"Glycosaminoglycan degradation","KEGG"
"Ammut_EIv1.0_0497820",2,5,10,31,1423,"Metabolic pathways","KEGG"
"Ammut_EIv1.0_0498580",0,4,0,2,921,"Circadian rhythm - plant","KEGG"
"Ammut_EIv1.0_0498580",0,4,0,2,921,"Ribosome biogenesis in eukaryotes","KEGG"
"Ammut_EIv1.0_0501340",0,24,0,15,1413,"Biosynthesis of secondary metabolites","KEGG"
"Ammut_EIv1.0_0501340",0,24,0,15,1413,"Inositol phosphate metabolism","KEGG"
"Ammut_EIv1.0_0501340",0,24,0,15,1413,"Metabolic pathways","KEGG"
"Ammut_EIv1.0_0501340",0,24,0,15,1413,"Metabolism and regulation","Reactome"
"Ammut_EIv1.0_0501340",0,24,0,15,1413,"Myo-inositol biosynthesis","Reactome"
"Ammut_EIv1.0_0501340",0,24,0,15,1413,"Phytic acid biosynthesis","Reactome"
"Ammut_EIv1.0_0501340",0,24,0,15,1413,"Phytic acid biosynthesis (lipid-independent)","Reactome"
"Ammut_EIv1.0_0501340",0,24,0,15,1413,"Secondary metabolism","Reactome"
"Ammut_EIv1.0_0501440",0,8,0,2,429,"Metabolic pathways","KEGG"
"Ammut_EIv1.0_0501440",0,8,0,2,429,"Oxidative phosphorylation","KEGG"
"Ammut_EIv1.0_0501560",1,6,0,13,2448,"Protein processing in endoplasmic reticulum","KEGG"
"Ammut_EIv1.0_0501620",1,24,2,10,2439,"Protein processing in endoplasmic reticulum","KEGG"
"Ammut_EIv1.0_0501650",0,9,0,1,594,"Efferocytosis","KEGG"
"Ammut_EIv1.0_0501650",0,9,0,1,594,"Endocytosis","KEGG"
"Ammut_EIv1.0_0501650",0,9,0,1,594,"Phagosome","KEGG"
"Ammut_EIv1.0_0502590",7,30,4,6,900,"Biosynthesis of amino acids","KEGG"
"Ammut_EIv1.0_0502590",7,30,4,6,900,"Biosynthesis of cofactors","KEGG"
"Ammut_EIv1.0_0502590",7,30,4,6,900,"Biosynthesis of secondary metabolites","KEGG"
"Ammut_EIv1.0_0502590",7,30,4,6,900,"Carbon metabolism","KEGG"
"Ammut_EIv1.0_0502590",7,30,4,6,900,"Cysteine and methionine metabolism","KEGG"
"Ammut_EIv1.0_0502590",7,30,4,6,900,"Glycine, serine and threonine metabolism","KEGG"
"Ammut_EIv1.0_0502590",7,30,4,6,900,"Metabolic pathways","KEGG"
"Ammut_EIv1.0_0502590",7,30,4,6,900,"Vitamin B6 metabolism","KEGG"
"Ammut_EIv1.0_0504520",9,15,3,4,2451,"Lysine degradation","KEGG"
"Ammut_EIv1.0_0504520",9,15,3,4,2451,"Metabolic pathways","KEGG"
"Ammut_EIv1.0_0505630",8,29,2,8,1587,"Cutin, suberine and wax biosynthesis","KEGG"
"Ammut_EIv1.0_0505630",8,29,2,8,1587,"Fatty acid degradation","KEGG"
"Ammut_EIv1.0_0505630",8,29,2,8,1587,"Metabolic pathways","KEGG"
"Ammut_EIv1.0_0506550",7,32,1,12,1302,"2-Oxocarboxylic acid metabolism","KEGG"
"Ammut_EIv1.0_0506550",7,32,1,12,1302,"Alanine, aspartate and glutamate metabolism","KEGG"
"Ammut_EIv1.0_0506550",7,32,1,12,1302,"Biosynthesis of secondary metabolites","KEGG"
"Ammut_EIv1.0_0506550",7,32,1,12,1302,"Carbon metabolism","KEGG"
"Ammut_EIv1.0_0506550",7,32,1,12,1302,"Cysteine and methionine metabolism","KEGG"
"Ammut_EIv1.0_0506550",7,32,1,12,1302,"Glycine, serine and threonine metabolism","KEGG"
"Ammut_EIv1.0_0506550",7,32,1,12,1302,"Glyoxylate and dicarboxylate metabolism","KEGG"
"Ammut_EIv1.0_0506550",7,32,1,12,1302,"Metabolic pathways","KEGG"
"Ammut_EIv1.0_0506550",7,32,1,12,1302,"Valine, leucine and isoleucine degradation","KEGG"
"Ammut_EIv1.0_0506560",7,39,8,19,2868,"Nucleocytoplasmic transport","KEGG"
"Ammut_EIv1.0_0507220",1,10,0,3,761,"Alanine, aspartate and glutamate metabolism","KEGG"
"Ammut_EIv1.0_0507220",1,10,0,3,761,"Metabolic pathways","KEGG"
"Ammut_EIv1.0_0507310",0,17,0,1,849,"Basal transcription factors","KEGG"
"Ammut_EIv1.0_0507520",24,57,2,9,2057,"MAPK signaling pathway - plant","KEGG"
"Ammut_EIv1.0_0508170",1,15,0,4,737,"Proteasome","KEGG"
"Ammut_EIv1.0_0508310",0,24,1,6,1350,"Biosynthesis of secondary metabolites","KEGG"
"Ammut_EIv1.0_0508310",0,24,1,6,1350,"Fatty acid elongation","KEGG"
"Ammut_EIv1.0_0508310",0,24,1,6,1350,"Metabolic pathways","KEGG"
"Ammut_EIv1.0_0508310",0,24,1,6,1350,"Plant-pathogen interaction","KEGG"
"Ammut_EIv1.0_0508550",4,15,3,3,2304,"Inositol phosphate metabolism","KEGG"
"Ammut_EIv1.0_0508550",4,15,3,3,2304,"Lysosome biogenesis","KEGG"
"Ammut_EIv1.0_0508550",4,15,3,3,2304,"Metabolic pathways","KEGG"
"Ammut_EIv1.0_0508950",0,29,1,10,747,"Biosynthesis of secondary metabolites","KEGG"
"Ammut_EIv1.0_0508950",0,29,1,10,747,"Sesquiterpenoid and triterpenoid biosynthesis","KEGG"
"Ammut_EIv1.0_0508950",0,29,1,10,747,"Terpenoid backbone biosynthesis","KEGG"
"Ammut_EIv1.0_0510590",4,56,0,17,3836,"Cadherin signaling","KEGG"
"Ammut_EIv1.0_0512350",5,49,0,6,2336,"Ribosome biogenesis in eukaryotes","KEGG"
"Ammut_EIv1.0_0513280",5,43,2,9,1188,"Base excision repair","KEGG"
"Ammut_EIv1.0_0513280",5,43,2,9,1188,"Cell cycle","Reactome"
"Ammut_EIv1.0_0513280",5,43,2,9,1188,"Cellular processes","Reactome"
"Ammut_EIv1.0_0513280",5,43,2,9,1188,"DNA replication","KEGG"
"Ammut_EIv1.0_0513280",5,43,2,9,1188,"DNA strand Elongation","Reactome"
"Ammut_EIv1.0_0513280",5,43,2,9,1188,"Homologous recombination","KEGG"
"Ammut_EIv1.0_0513280",5,43,2,9,1188,"Lagging strand synthesis","Reactome"
"Ammut_EIv1.0_0513280",5,43,2,9,1188,"Leading strand synthesis","Reactome"
"Ammut_EIv1.0_0513280",5,43,2,9,1188,"Maturation","Reactome"
"Ammut_EIv1.0_0513280",5,43,2,9,1188,"Mismatch repair","KEGG"
"Ammut_EIv1.0_0513280",5,43,2,9,1188,"Mitosis","Reactome"
"Ammut_EIv1.0_0513280",5,43,2,9,1188,"Nucleotide excision repair","KEGG"
"Ammut_EIv1.0_0513280",5,43,2,9,1188,"S phase","Reactome"
"Ammut_EIv1.0_0513280",5,43,2,9,1188,"Synthesis of DNA","Reactome"
"Ammut_EIv1.0_0513490",22,36,2,11,1777,"Metabolic pathways","KEGG"
"Ammut_EIv1.0_0513490",22,36,2,11,1777,"N-Glycan biosynthesis","KEGG"
"Ammut_EIv1.0_0513490",22,36,2,11,1777,"Protein processing in endoplasmic reticulum","KEGG"
"Ammut_EIv1.0_0513490",22,36,2,11,1777,"Various types of N-glycan biosynthesis","KEGG"
"Ammut_EIv1.0_0513590",0,18,0,6,1302,"Carbohydrate metabolism","Reactome"
"Ammut_EIv1.0_0513590",0,18,0,6,1302,"Carbon fixation by Calvin cycle","KEGG"
"Ammut_EIv1.0_0513590",0,18,0,6,1302,"Carbon metabolism","KEGG"
"Ammut_EIv1.0_0513590",0,18,0,6,1302,"Metabolic pathways","KEGG"
"Ammut_EIv1.0_0513590",0,18,0,6,1302,"Metabolism and regulation","Reactome"
"Ammut_EIv1.0_0513590",0,18,0,6,1302,"Plastid glycolysis","Reactome"
"Ammut_EIv1.0_0513960",0,1,0,0,311,"Metabolic pathways","KEGG"
"Ammut_EIv1.0_0513960",0,1,0,0,311,"Oxidative phosphorylation","KEGG"
"Ammut_EIv1.0_0514740",1,43,0,5,1141,"Plant hormone signal transduction","KEGG"
"Ammut_EIv1.0_0515500",0,43,1,28,977,"Amino acid biosynthesis","Reactome"
"Ammut_EIv1.0_0515500",0,43,1,28,977,"Amino acid metabolism","Reactome"
"Ammut_EIv1.0_0515500",0,43,1,28,977,"Biosynthesis of amino acids","KEGG"
"Ammut_EIv1.0_0515500",0,43,1,28,977,"Biosynthesis of secondary metabolites","KEGG"
"Ammut_EIv1.0_0515500",0,43,1,28,977,"Histidine biosynthesis I","Reactome"
"Ammut_EIv1.0_0515500",0,43,1,28,977,"Histidine metabolism","KEGG"
"Ammut_EIv1.0_0515500",0,43,1,28,977,"Metabolic pathways","KEGG"
"Ammut_EIv1.0_0515500",0,43,1,28,977,"Metabolism and regulation","Reactome"
"Ammut_EIv1.0_0515600",2,24,4,5,642,"Glutathione metabolism","KEGG"
"Ammut_EIv1.0_0515600",2,24,4,5,642,"Metabolic pathways","KEGG"
"Ammut_EIv1.0_0517270",2,12,0,0,420,"Ribosome","KEGG"
"Ammut_EIv1.0_0517470",1,23,0,3,1032,"Biosynthesis of secondary metabolites","KEGG"
"Ammut_EIv1.0_0517470",1,23,0,3,1032,"Metabolic pathways","KEGG"
"Ammut_EIv1.0_0517470",1,23,0,3,1032,"Metabolism and regulation","Reactome"
"Ammut_EIv1.0_0517470",1,23,0,3,1032,"Secondary metabolism","Reactome"
"Ammut_EIv1.0_0517470",1,23,0,3,1032,"Steroid biosynthesis","KEGG"
"Ammut_EIv1.0_0517470",1,23,0,3,1032,"Sterol biosynthesis","Reactome"
"Ammut_EIv1.0_0518190",0,5,0,4,456,"Ribosome","KEGG"
"Ammut_EIv1.0_0518370",2,22,0,4,462,"Ribosome","KEGG"
"Ammut_EIv1.0_0519460",4,27,1,10,996,"Efferocytosis","KEGG"
"Ammut_EIv1.0_0520430",1,44,2,17,1274,"Proteasome","KEGG"
"Ammut_EIv1.0_0523840",7,65,5,23,3057,"Spliceosome","KEGG"
"Ammut_EIv1.0_0524090",4,44,1,12,810,"Glyoxylate and dicarboxylate metabolism","KEGG"
"Ammut_EIv1.0_0524090",4,44,1,12,810,"Metabolic pathways","KEGG"
"Ammut_EIv1.0_0524090",4,44,1,12,810,"One carbon pool by folate","KEGG"
"Ammut_EIv1.0_0525150",1,36,0,7,540,"Circadian rhythm - plant","KEGG"
"Ammut_EIv1.0_0525150",1,36,0,7,540,"Polycomb repressive complex","KEGG"
"Ammut_EIv1.0_0525150",1,36,0,7,540,"Ribosome biogenesis in eukaryotes","KEGG"
"Ammut_EIv1.0_0530110",0,23,0,6,1249,"Biosynthesis of amino acids","KEGG"
"Ammut_EIv1.0_0530110",0,23,0,6,1249,"Biosynthesis of secondary metabolites","KEGG"
"Ammut_EIv1.0_0530110",0,23,0,6,1249,"Carbon metabolism","KEGG"
"Ammut_EIv1.0_0530110",0,23,0,6,1249,"Cytoskeleton in muscle cells","KEGG"
"Ammut_EIv1.0_0530110",0,23,0,6,1249,"Glycolysis / Gluconeogenesis","KEGG"
"Ammut_EIv1.0_0530110",0,23,0,6,1249,"Metabolic pathways","KEGG"
"Ammut_EIv1.0_0530110",0,23,0,6,1249,"RNA degradation","KEGG"
"Ammut_EIv1.0_0530110",0,23,0,6,1249,"Response to cold temperature","Reactome"
"Ammut_EIv1.0_0530110",0,23,0,6,1249,"Responses to stimuli: abiotic stimuli and stresses","Reactome"
"Ammut_EIv1.0_0533340",10,81,3,23,1486,"Lycopene catabolism","Reactome"
"Ammut_EIv1.0_0533340",10,81,3,23,1486,"Metabolism and regulation","Reactome"
"Ammut_EIv1.0_0533340",10,81,3,23,1486,"Secondary metabolism","Reactome"
"Ammut_EIv1.0_0534960",0,27,0,5,597,"Basal transcription factors","KEGG"
"Ammut_EIv1.0_0535950",0,28,0,14,2224,"Amino acid biosynthesis","Reactome"
"Ammut_EIv1.0_0535950",0,28,0,14,2224,"Amino acid metabolism","Reactome"
"Ammut_EIv1.0_0535950",0,28,0,14,2224,"Biosynthesis of amino acids","KEGG"
"Ammut_EIv1.0_0535950",0,28,0,14,2224,"Biosynthesis of secondary metabolites","KEGG"
"Ammut_EIv1.0_0535950",0,28,0,14,2224,"Cysteine and methionine metabolism","KEGG"
"Ammut_EIv1.0_0535950",0,28,0,14,2224,"Metabolic pathways","KEGG"
"Ammut_EIv1.0_0535950",0,28,0,14,2224,"Metabolism and regulation","Reactome"
"Ammut_EIv1.0_0535950",0,28,0,14,2224,"Methionine biosynthesis II","Reactome"
"Ammut_EIv1.0_0535950",0,28,0,14,2224,"S-adenosyl-L-methionine cycle","Reactome"
"Ammut_EIv1.0_0535950",0,28,0,14,2224,"Selenocompound metabolism","KEGG"
"Ammut_EIv1.0_0536340",4,34,2,3,2001,"Biosynthesis of nucleotide sugars","KEGG"
"Ammut_EIv1.0_0536340",4,34,2,3,2001,"Biosynthesis of various nucleotide sugars","KEGG"
"Ammut_EIv1.0_0536340",4,34,2,3,2001,"Metabolic pathways","KEGG"
"Ammut_EIv1.0_0538230",1,19,1,4,2610,"Brassinosteroid signaling","Reactome"
"Ammut_EIv1.0_0538230",1,19,1,4,2610,"Growth and developmental processes","Reactome"
"Ammut_EIv1.0_0538230",1,19,1,4,2610,"Hormone signaling, transport, and metabolism","Reactome"
"Ammut_EIv1.0_0538230",1,19,1,4,2610,"Metabolism and regulation","Reactome"
"Ammut_EIv1.0_0538230",1,19,1,4,2610,"Regulation of seed size","Reactome"
"Ammut_EIv1.0_0538230",1,19,1,4,2610,"Reproductive structure development","Reactome"
"Ammut_EIv1.0_0538230",1,19,1,4,2610,"Seed development","Reactome"
"Ammut_EIv1.0_0544150",32,26,18,17,1107,"Ascorbate and aldarate metabolism","KEGG"
"Ammut_EIv1.0_0544150",32,26,18,17,1107,"Biosynthesis of cofactors","KEGG"
"Ammut_EIv1.0_0544150",32,26,18,17,1107,"Biosynthesis of secondary metabolites","KEGG"
"Ammut_EIv1.0_0544150",32,26,18,17,1107,"Metabolic pathways","KEGG"
"Ammut_EIv1.0_0544320",2,22,2,7,1116,"Metabolic pathways","KEGG"
"Ammut_EIv1.0_0544320",2,22,2,7,1116,"N-Glycan biosynthesis","KEGG"
"Ammut_EIv1.0_0545400",15,15,12,10,2044,"Ribosome biogenesis in eukaryotes","KEGG"
"Ammut_EIv1.0_0546160",3,26,0,11,1657,"Non-homologous end-joining","KEGG"
"Ammut_EIv1.0_0546660",2,12,1,0,911,"Amino acid biosynthesis","Reactome"
"Ammut_EIv1.0_0546660",2,12,1,0,911,"Amino acid metabolism","Reactome"
"Ammut_EIv1.0_0546660",2,12,1,0,911,"Biosynthesis of secondary metabolites","KEGG"
"Ammut_EIv1.0_0546660",2,12,1,0,911,"Cysteine and methionine metabolism","KEGG"
"Ammut_EIv1.0_0546660",2,12,1,0,911,"Folate transport and metabolism","KEGG"
"Ammut_EIv1.0_0546660",2,12,1,0,911,"Metabolic pathways","KEGG"
"Ammut_EIv1.0_0546660",2,12,1,0,911,"Metabolism and regulation","Reactome"
"Ammut_EIv1.0_0546660",2,12,1,0,911,"Methionine biosynthesis II","Reactome"
"Ammut_EIv1.0_0546660",2,12,1,0,911,"One carbon pool by folate","KEGG"
"Ammut_EIv1.0_0546660",2,12,1,0,911,"S-methylmethionine cycle","Reactome"
"Ammut_EIv1.0_0547360",18,6,3,8,722,"Ascorbate and aldarate metabolism","KEGG"
"Ammut_EIv1.0_0547360",18,6,3,8,722,"Ascorbate biosynthesis","Reactome"
"Ammut_EIv1.0_0547360",18,6,3,8,722,"Biosynthesis of cofactors","KEGG"
"Ammut_EIv1.0_0547360",18,6,3,8,722,"Biosynthesis of secondary metabolites","KEGG"
"Ammut_EIv1.0_0547360",18,6,3,8,722,"Cofactor biosyntheses","Reactome"
"Ammut_EIv1.0_0547360",18,6,3,8,722,"Metabolic pathways","KEGG"
"Ammut_EIv1.0_0547360",18,6,3,8,722,"Metabolism and regulation","Reactome"
"Ammut_EIv1.0_0548190",2,8,1,5,980,"Biosynthesis of cofactors","KEGG"
"Ammut_EIv1.0_0548190",2,8,1,5,980,"Cofactor biosyntheses","Reactome"
"Ammut_EIv1.0_0548190",2,8,1,5,980,"Metabolic pathways","KEGG"
"Ammut_EIv1.0_0548190",2,8,1,5,980,"Metabolism and regulation","Reactome"
"Ammut_EIv1.0_0548190",2,8,1,5,980,"Pyridoxal 5'-phosphate salvage pathway","Reactome"
"Ammut_EIv1.0_0548190",2,8,1,5,980,"Pyridoxamine anabolism","Reactome"
"Ammut_EIv1.0_0548190",2,8,1,5,980,"Vitamin B6 metabolism","KEGG"
"Ammut_EIv1.0_0548350",18,45,11,16,1266,"2-Oxocarboxylic acid metabolism","KEGG"
"Ammut_EIv1.0_0548350",18,45,11,16,1266,"Alanine, aspartate and glutamate metabolism","KEGG"
"Ammut_EIv1.0_0548350",18,45,11,16,1266,"Arginine biosynthesis","KEGG"
"Ammut_EIv1.0_0548350",18,45,11,16,1266,"Biosynthesis of amino acids","KEGG"
"Ammut_EIv1.0_0548350",18,45,11,16,1266,"Carbon fixation by Calvin cycle","KEGG"
"Ammut_EIv1.0_0548350",18,45,11,16,1266,"Carbon metabolism","KEGG"
"Ammut_EIv1.0_0548350",18,45,11,16,1266,"Metabolic pathways","KEGG"
"Ammut_EIv1.0_0548690",0,6,0,2,567,"Peroxisome","KEGG"
"Ammut_EIv1.0_0548940",13,17,6,6,649,"Biosynthesis of cofactors","KEGG"
"Ammut_EIv1.0_0548940",13,17,6,6,649,"Lipoic acid metabolism","KEGG"
"Ammut_EIv1.0_0548940",13,17,6,6,649,"Metabolic pathways","KEGG"
"Ammut_EIv1.0_0549180",7,13,4,6,636,"Biosynthesis of cofactors","KEGG"
"Ammut_EIv1.0_0549180",7,13,4,6,636,"Biosynthesis of secondary metabolites","KEGG"
"Ammut_EIv1.0_0549180",7,13,4,6,636,"Metabolic pathways","KEGG"
"Ammut_EIv1.0_0549180",7,13,4,6,636,"Porphyrin metabolism","KEGG"
"Ammut_EIv1.0_0550750",2,7,1,4,1095,"Metabolic pathways","KEGG"
"Ammut_EIv1.0_0550750",2,7,1,4,1095,"N-Glycan biosynthesis","KEGG"
"Ammut_EIv1.0_0550750",2,7,1,4,1095,"Various types of N-glycan biosynthesis","KEGG"
"Ammut_EIv1.0_0551490",2,5,1,4,1611,"Glycosaminoglycan degradation","KEGG"
"Ammut_EIv1.0_0551490",2,5,1,4,1611,"Metabolic pathways","KEGG"
"Ammut_EIv1.0_0552200",10,10,3,6,3886,"Homologous recombination","KEGG"
"Ammut_EIv1.0_0552200",10,10,3,6,3886,"Non-homologous end-joining","KEGG"
"Ammut_EIv1.0_0552750",7,7,1,5,1768,"Plant hormone signal transduction","KEGG"
"Ammut_EIv1.0_0552750",7,7,1,5,1768,"Recognition of fungal and bacterial pathogens and immunity response","Reactome"
"Ammut_EIv1.0_0552750",7,7,1,5,1768,"Responses to stimuli: biotic stimuli and stresses","Reactome"
"Ammut_EIv1.0_0553070",0,12,0,12,2616,"Nucleocytoplasmic transport","KEGG"
"Ammut_EIv1.0_0554550",0,5,0,7,2049,"Activation of pre-replication complex","Reactome"
"Ammut_EIv1.0_0554550",0,5,0,7,2049,"Assembly of pre-replication complex","Reactome"
"Ammut_EIv1.0_0554550",0,5,0,7,2049,"Cell cycle","Reactome"
"Ammut_EIv1.0_0554550",0,5,0,7,2049,"Cellular processes","Reactome"
"Ammut_EIv1.0_0554550",0,5,0,7,2049,"DNA replication","KEGG"
"Ammut_EIv1.0_0554550",0,5,0,7,2049,"DNA replication Initiation","Reactome"
"Ammut_EIv1.0_0554550",0,5,0,7,2049,"G1/S transition","Reactome"
"Ammut_EIv1.0_0554550",0,5,0,7,2049,"Mitosis","Reactome"
"Ammut_EIv1.0_0554550",0,5,0,7,2049,"S phase","Reactome"
"Ammut_EIv1.0_0554550",0,5,0,7,2049,"Synthesis of DNA","Reactome"
"Ammut_EIv1.0_0555300",0,2,0,0,657,"Biosynthesis of cofactors","KEGG"
"Ammut_EIv1.0_0555300",0,2,0,0,657,"Biosynthesis of secondary metabolites","KEGG"
"Ammut_EIv1.0_0555300",0,2,0,0,657,"MAPK signaling pathway - plant","KEGG"
"Ammut_EIv1.0_0555300",0,2,0,0,657,"Metabolic pathways","KEGG"
"Ammut_EIv1.0_0555300",0,2,0,0,657,"Nucleotide metabolism","KEGG"
"Ammut_EIv1.0_0555300",0,2,0,0,657,"Purine metabolism","KEGG"
"Ammut_EIv1.0_0555300",0,2,0,0,657,"Pyrimidine metabolism","KEGG"
"Ammut_EIv1.0_0555360",5,18,3,8,1572,"Biosynthesis of amino acids","KEGG"
"Ammut_EIv1.0_0555360",5,18,3,8,1572,"Biosynthesis of secondary metabolites","KEGG"
"Ammut_EIv1.0_0555360",5,18,3,8,1572,"Carbon metabolism","KEGG"
"Ammut_EIv1.0_0555360",5,18,3,8,1572,"Fructose and mannose metabolism","KEGG"
"Ammut_EIv1.0_0555360",5,18,3,8,1572,"Galactose metabolism","KEGG"
"Ammut_EIv1.0_0555360",5,18,3,8,1572,"Glycolysis / Gluconeogenesis","KEGG"
"Ammut_EIv1.0_0555360",5,18,3,8,1572,"Metabolic pathways","KEGG"
"Ammut_EIv1.0_0555360",5,18,3,8,1572,"Pentose phosphate pathway","KEGG"
"Ammut_EIv1.0_0555360",5,18,3,8,1572,"RNA degradation","KEGG"
"Ammut_EIv1.0_0555580",21,29,8,8,2611,"Glycosylphosphatidylinositol","KEGG"
"Ammut_EIv1.0_0555580",21,29,8,8,2611,"Metabolic pathways","KEGG"
"Ammut_EIv1.0_0556790",3,3,3,7,2394,"Virion - Hepatitis viruses","KEGG"
"Ammut_EIv1.0_0556810",1,1,0,4,1201,"Biosynthesis of cofactors","KEGG"
"Ammut_EIv1.0_0556810",1,1,0,4,1201,"Cofactor biosyntheses","Reactome"
"Ammut_EIv1.0_0556810",1,1,0,4,1201,"Cysteine and methionine metabolism","KEGG"
"Ammut_EIv1.0_0556810",1,1,0,4,1201,"Gamma-glutamyl cycle","Reactome"
"Ammut_EIv1.0_0556810",1,1,0,4,1201,"Glutathione biosynthesis","Reactome"
"Ammut_EIv1.0_0556810",1,1,0,4,1201,"Glutathione metabolism","KEGG"
"Ammut_EIv1.0_0556810",1,1,0,4,1201,"Metabolic pathways","KEGG"
"Ammut_EIv1.0_0556810",1,1,0,4,1201,"Metabolism and regulation","Reactome"
"Ammut_EIv1.0_0558340",0,1,0,7,555,"Ribosome","KEGG"
"Ammut_EIv1.0_0560100",0,1,2,2,1290,"Ascorbate and aldarate metabolism","KEGG"
"Ammut_EIv1.0_0560100",0,1,2,2,1290,"Biosynthesis of cofactors","KEGG"
"Ammut_EIv1.0_0560100",0,1,2,2,1290,"Biosynthesis of secondary metabolites","KEGG"
"Ammut_EIv1.0_0560100",0,1,2,2,1290,"Metabolic pathways","KEGG"
"Ammut_EIv1.0_0560600",2,2,9,5,2795,"Protein processing in endoplasmic reticulum","KEGG"
"Ammut_EIv1.0_0562740",1,2,4,2,1911,"Inositol phosphate metabolism","KEGG"
"Ammut_EIv1.0_0562740",1,2,4,2,1911,"Metabolic pathways","KEGG"
"Ammut_EIv1.0_0562740",1,2,4,2,1911,"Phosphatidylinositol signaling system","KEGG"
"Ammut_EIv1.0_0564390",0,2,0,7,1167,"Ribosome","KEGG"
"Ammut_EIv1.0_0568470",0,3,8,9,1797,"Protein export","KEGG"
"Ammut_EIv1.0_0569070",0,20,1,17,1566,"Biosynthesis of amino acids","KEGG"
"Ammut_EIv1.0_0569070",0,20,1,17,1566,"Biosynthesis of secondary metabolites","KEGG"
"Ammut_EIv1.0_0569070",0,20,1,17,1566,"Carbon metabolism","KEGG"
"Ammut_EIv1.0_0569070",0,20,1,17,1566,"Glycolysis / Gluconeogenesis","KEGG"
"Ammut_EIv1.0_0569070",0,20,1,17,1566,"Metabolic pathways","KEGG"
"Ammut_EIv1.0_0569070",0,20,1,17,1566,"Pyruvate metabolism","KEGG"
"Ammut_EIv1.0_0569690",2,2,3,3,606,"Plant hormone signal transduction","KEGG"
"Ammut_EIv1.0_0571030",20,5,4,12,1974,"Amino sugar and nucleotide sugar metabolism","KEGG"
"Ammut_EIv1.0_0571030",20,5,4,12,1974,"Metabolic pathways","KEGG"
"Ammut_EIv1.0_0572200",2,5,2,6,648,"Endocytosis","KEGG"
"Ammut_EIv1.0_0572200",2,5,2,6,648,"Viral life cycle - HIV-1","KEGG"
"Ammut_EIv1.0_0572200",2,5,2,6,648,"Virion - Hepatitis viruses","KEGG"
"Ammut_EIv1.0_0572320",0,4,5,11,556,"Metabolic pathways","KEGG"
"Ammut_EIv1.0_0572320",0,4,5,11,556,"Purine metabolism","KEGG"
"Ammut_EIv1.0_0573210",5,10,1,8,3935,"Autophagy - other","KEGG"
"Ammut_EIv1.0_0573210",5,10,1,8,3935,"Lysosome biogenesis","KEGG"
"Ammut_EIv1.0_0573660",3,12,2,28,3153,"Ubiquitin mediated proteolysis","KEGG"
"Ammut_EIv1.0_0573740",1,12,2,9,804,"Biosynthesis of secondary metabolites","KEGG"
"Ammut_EIv1.0_0573740",1,12,2,9,804,"Terpenoid backbone biosynthesis","KEGG"
"Ammut_EIv1.0_0573840",0,35,0,11,3830,"Bacterial invasion of epithelial cells","KEGG"
"Ammut_EIv1.0_0573840",0,35,0,11,3830,"Endocytosis","KEGG"
"Ammut_EIv1.0_0573840",0,35,0,11,3830,"Lysosome biogenesis","KEGG"
"Ammut_EIv1.0_0574150",5,15,2,6,1317,"Metabolic pathways","KEGG"
"Ammut_EIv1.0_0574150",5,15,2,6,1317,"Starch and sucrose metabolism","KEGG"
"Ammut_EIv1.0_0574380",1,4,7,7,1323,"Alanine, aspartate and glutamate metabolism","KEGG"
"Ammut_EIv1.0_0574380",1,4,7,7,1323,"Amino acid biosynthesis","Reactome"
"Ammut_EIv1.0_0574380",1,4,7,7,1323,"Amino acid metabolism","Reactome"
"Ammut_EIv1.0_0574380",1,4,7,7,1323,"Arginine biosynthesis","KEGG"
"Ammut_EIv1.0_0574380",1,4,7,7,1323,"Biosynthesis of cofactors","KEGG"
"Ammut_EIv1.0_0574380",1,4,7,7,1323,"Biosynthesis of secondary metabolites","KEGG"
"Ammut_EIv1.0_0574380",1,4,7,7,1323,"Citrulline biosynthesis","Reactome"
"Ammut_EIv1.0_0574380",1,4,7,7,1323,"Metabolic pathways","KEGG"
"Ammut_EIv1.0_0574380",1,4,7,7,1323,"Metabolism and regulation","Reactome"
"Ammut_EIv1.0_0574380",1,4,7,7,1323,"Pyrimidine metabolism","KEGG"
"Ammut_EIv1.0_0574530",1,2,7,11,1000,"Fatty acid biosynthesis","KEGG"
"Ammut_EIv1.0_0574530",1,2,7,11,1000,"Fatty acid elongation","KEGG"
"Ammut_EIv1.0_0574530",1,2,7,11,1000,"Fatty acid metabolism","KEGG"
"Ammut_EIv1.0_0574530",1,2,7,11,1000,"Metabolic pathways","KEGG"
"Ammut_EIv1.0_0575030",4,13,4,10,1070,"Efferocytosis","KEGG"
"Ammut_EIv1.0_0575030",4,13,4,10,1070,"Lysosome biogenesis","KEGG"
"Ammut_EIv1.0_0575030",4,13,4,10,1070,"Steroid biosynthesis","KEGG"
"Ammut_EIv1.0_0575350",0,3,0,10,993,"Nucleotide excision repair","KEGG"
"Ammut_EIv1.0_0575350",0,3,0,10,993,"RNA polymerase","KEGG"
"Ammut_EIv1.0_0575650",1,17,0,13,1867,"RNA degradation","KEGG"
"Ammut_EIv1.0_0575650",1,17,0,13,1867,"mRNA surveillance pathway","KEGG"
"Ammut_EIv1.0_0575880",1,1,1,6,2350,"RNA degradation","KEGG"
"Ammut_EIv1.0_0577390",1,5,1,6,1170,"Biosynthesis of secondary metabolites","KEGG"
"Ammut_EIv1.0_0577390",1,5,1,6,1170,"Butanoate metabolism","KEGG"
"Ammut_EIv1.0_0577390",1,5,1,6,1170,"Carbon metabolism","KEGG"
"Ammut_EIv1.0_0577390",1,5,1,6,1170,"Fatty acid degradation","KEGG"
"Ammut_EIv1.0_0577390",1,5,1,6,1170,"Fatty acid metabolism","KEGG"
"Ammut_EIv1.0_0577390",1,5,1,6,1170,"Glyoxylate and dicarboxylate metabolism","KEGG"
"Ammut_EIv1.0_0577390",1,5,1,6,1170,"Lysine degradation","KEGG"
"Ammut_EIv1.0_0577390",1,5,1,6,1170,"Metabolic pathways","KEGG"
"Ammut_EIv1.0_0577390",1,5,1,6,1170,"Metabolism and regulation","Reactome"
"Ammut_EIv1.0_0577390",1,5,1,6,1170,"Mevalonate pathway","Reactome"
"Ammut_EIv1.0_0577390",1,5,1,6,1170,"Pyruvate metabolism","KEGG"
"Ammut_EIv1.0_0577390",1,5,1,6,1170,"Secondary metabolism","Reactome"
"Ammut_EIv1.0_0577390",1,5,1,6,1170,"Terpenoid backbone biosynthesis","KEGG"
"Ammut_EIv1.0_0577390",1,5,1,6,1170,"Tryptophan metabolism","KEGG"
"Ammut_EIv1.0_0577390",1,5,1,6,1170,"Valine, leucine and isoleucine degradation","KEGG"
"Ammut_EIv1.0_0578160",3,3,2,2,1152,"Arginine and proline metabolism","KEGG"
"Ammut_EIv1.0_0578160",3,3,2,2,1152,"Biosynthesis of secondary metabolites","KEGG"
"Ammut_EIv1.0_0578160",3,3,2,2,1152,"Cysteine and methionine metabolism","KEGG"
"Ammut_EIv1.0_0578160",3,3,2,2,1152,"Glutathione metabolism","KEGG"
"Ammut_EIv1.0_0578160",3,3,2,2,1152,"Metabolic pathways","KEGG"
"Ammut_EIv1.0_0579060",0,5,0,8,2668,"Amino acid biosynthesis","Reactome"
"Ammut_EIv1.0_0579060",0,5,0,8,2668,"Amino acid metabolism","Reactome"
"Ammut_EIv1.0_0579060",0,5,0,8,2668,"Biosynthesis of amino acids","KEGG"
"Ammut_EIv1.0_0579060",0,5,0,8,2668,"Biosynthesis of secondary metabolites","KEGG"
"Ammut_EIv1.0_0579060",0,5,0,8,2668,"Cysteine and methionine metabolism","KEGG"
"Ammut_EIv1.0_0579060",0,5,0,8,2668,"Glycine, serine and threonine metabolism","KEGG"
"Ammut_EIv1.0_0579060",0,5,0,8,2668,"Homoserine biosynthesis","Reactome"
"Ammut_EIv1.0_0579060",0,5,0,8,2668,"Lysine biosynthesis","KEGG"
"Ammut_EIv1.0_0579060",0,5,0,8,2668,"Lysine biosynthesis I","Reactome"
"Ammut_EIv1.0_0579060",0,5,0,8,2668,"Lysine biosynthesis II","Reactome"
"Ammut_EIv1.0_0579060",0,5,0,8,2668,"Lysine biosynthesis VI","Reactome"
"Ammut_EIv1.0_0579060",0,5,0,8,2668,"Metabolic pathways","KEGG"
"Ammut_EIv1.0_0579060",0,5,0,8,2668,"Metabolism and regulation","Reactome"
"Ammut_EIv1.0_0579060",0,5,0,8,2668,"Monobactam biosynthesis","KEGG"
"Ammut_EIv1.0_0579100",10,31,12,25,1452,"Biosynthesis of cofactors","KEGG"
"Ammut_EIv1.0_0579100",10,31,12,25,1452,"Biosynthesis of secondary metabolites","KEGG"
"Ammut_EIv1.0_0579100",10,31,12,25,1452,"Metabolic pathways","KEGG"
"Ammut_EIv1.0_0579100",10,31,12,25,1452,"Porphyrin metabolism","KEGG"
"Ammut_EIv1.0_0579260",6,10,2,5,1325,"Amino sugar and nucleotide sugar metabolism","KEGG"
"Ammut_EIv1.0_0579260",6,10,2,5,1325,"Biosynthesis of nucleotide sugars","KEGG"
"Ammut_EIv1.0_0579260",6,10,2,5,1325,"Biosynthesis of secondary metabolites","KEGG"
"Ammut_EIv1.0_0579260",6,10,2,5,1325,"Carbohydrate metabolism","Reactome"
"Ammut_EIv1.0_0579260",6,10,2,5,1325,"Gravitropism under normal or artificial gravity environments","Reactome"
"Ammut_EIv1.0_0579260",6,10,2,5,1325,"Growth and developmental processes","Reactome"
"Ammut_EIv1.0_0579260",6,10,2,5,1325,"Metabolic pathways","KEGG"
"Ammut_EIv1.0_0579260",6,10,2,5,1325,"Metabolism and regulation","Reactome"
"Ammut_EIv1.0_0579260",6,10,2,5,1325,"Regulatory network of nutrient accumulation","Reactome"
"Ammut_EIv1.0_0579260",6,10,2,5,1325,"Reproductive structure development","Reactome"
"Ammut_EIv1.0_0579260",6,10,2,5,1325,"Responses to stimuli: abiotic stimuli and stresses","Reactome"
"Ammut_EIv1.0_0579260",6,10,2,5,1325,"Root gravitropism","Reactome"
"Ammut_EIv1.0_0579260",6,10,2,5,1325,"Seed development","Reactome"
"Ammut_EIv1.0_0579260",6,10,2,5,1325,"Starch and sucrose metabolism","KEGG"
"Ammut_EIv1.0_0579260",6,10,2,5,1325,"Starch biosynthesis","Reactome"
"Ammut_EIv1.0_0580410",0,29,0,30,2899,"Carbon fixation by Calvin cycle","KEGG"
"Ammut_EIv1.0_0580410",0,29,0,30,2899,"Carbon metabolism","KEGG"
"Ammut_EIv1.0_0580410",0,29,0,30,2899,"Metabolic pathways","KEGG"
"Ammut_EIv1.0_0580410",0,29,0,30,2899,"Pyruvate metabolism","KEGG"
"Ammut_EIv1.0_0580600",0,9,0,5,549,"Ubiquitin mediated proteolysis","KEGG"
"Ammut_EIv1.0_0581540",0,5,3,11,1215,"Ubiquitin mediated proteolysis","KEGG"
"Ammut_EIv1.0_0582430",8,36,3,29,1136,"Amino acid catabolism","Reactome"
"Ammut_EIv1.0_0582430",8,36,3,29,1136,"Amino acid metabolism","Reactome"
"Ammut_EIv1.0_0582430",8,36,3,29,1136,"Biosynthesis of secondary metabolites","KEGG"
"Ammut_EIv1.0_0582430",8,36,3,29,1136,"Fatty acid degradation","KEGG"
"Ammut_EIv1.0_0582430",8,36,3,29,1136,"Glycolysis / Gluconeogenesis","KEGG"
"Ammut_EIv1.0_0582430",8,36,3,29,1136,"Metabolic pathways","KEGG"
"Ammut_EIv1.0_0582430",8,36,3,29,1136,"Metabolism and regulation","Reactome"
"Ammut_EIv1.0_0582430",8,36,3,29,1136,"Phenylalanine degradation III","Reactome"
"Ammut_EIv1.0_0582430",8,36,3,29,1136,"Pyruvate metabolism","KEGG"
"Ammut_EIv1.0_0582430",8,36,3,29,1136,"Tyrosine metabolism","KEGG"
"Ammut_EIv1.0_0582430",8,36,3,29,1136,"alpha-Linolenic acid metabolism","KEGG"
"Ammut_EIv1.0_0582610",6,4,9,10,2859,"Lysine degradation","KEGG"
"Ammut_EIv1.0_0582610",6,4,9,10,2859,"Metabolic pathways","KEGG"
"Ammut_EIv1.0_0585380",0,3,2,3,1105,"Biosynthesis of secondary metabolites","KEGG"
"Ammut_EIv1.0_0585380",0,3,2,3,1105,"Metabolic pathways","KEGG"
"Ammut_EIv1.0_0585380",0,3,2,3,1105,"Phenylpropanoid biosynthesis","KEGG"
"Ammut_EIv1.0_0585550",8,13,13,13,4307,"Inositol phosphate metabolism","KEGG"
"Ammut_EIv1.0_0585550",8,13,13,13,4307,"Lysosome biogenesis","KEGG"
"Ammut_EIv1.0_0585550",8,13,13,13,4307,"Metabolic pathways","KEGG"
"Ammut_EIv1.0_0585550",8,13,13,13,4307,"Phagosome","KEGG"
"Ammut_EIv1.0_0585550",8,13,13,13,4307,"Phosphatidylinositol signaling system","KEGG"
"Ammut_EIv1.0_0585950",7,21,5,11,3450,"Basal transcription factors","KEGG"
"Ammut_EIv1.0_0586070",5,23,3,9,1844,"Biosynthesis of secondary metabolites","KEGG"
"Ammut_EIv1.0_0586070",5,23,3,9,1844,"Glycerolipid metabolism","KEGG"
"Ammut_EIv1.0_0586070",5,23,3,9,1844,"Metabolic pathways","KEGG"
"Ammut_EIv1.0_0589510",4,60,4,25,3092,"Carbohydrate metabolism","Reactome"
"Ammut_EIv1.0_0589510",4,60,4,25,3092,"Cellulose biosynthesis","Reactome"
"Ammut_EIv1.0_0589510",4,60,4,25,3092,"Metabolism and regulation","Reactome"
"Ammut_EIv1.0_0590020",5,27,13,12,3411,"Motor proteins","KEGG"
"Ammut_EIv1.0_0590540",0,4,0,5,582,"SNARE interactions in vesicular transport","KEGG"
"Ammut_EIv1.0_0590690",0,8,3,10,1587,"Biosynthesis of amino acids","KEGG"
"Ammut_EIv1.0_0590690",0,8,3,10,1587,"Biosynthesis of secondary metabolites","KEGG"
"Ammut_EIv1.0_0590690",0,8,3,10,1587,"Carbon metabolism","KEGG"
"Ammut_EIv1.0_0590690",0,8,3,10,1587,"Fructose and mannose metabolism","KEGG"
"Ammut_EIv1.0_0590690",0,8,3,10,1587,"Galactose metabolism","KEGG"
"Ammut_EIv1.0_0590690",0,8,3,10,1587,"Glycolysis / Gluconeogenesis","KEGG"
"Ammut_EIv1.0_0590690",0,8,3,10,1587,"Metabolic pathways","KEGG"
"Ammut_EIv1.0_0590690",0,8,3,10,1587,"Pentose phosphate pathway","KEGG"
"Ammut_EIv1.0_0590690",0,8,3,10,1587,"RNA degradation","KEGG"
"Ammut_EIv1.0_0591230",2,8,1,1,664,"Metabolic pathways","KEGG"
"Ammut_EIv1.0_0591230",2,8,1,1,664,"Photosynthesis - antenna proteins","KEGG"
"Ammut_EIv1.0_0592360",9,44,1,16,1316,"Protein processing in endoplasmic reticulum","KEGG"
"Ammut_EIv1.0_0592720",2,47,3,17,1173,"Cysteine and methionine metabolism","KEGG"
"Ammut_EIv1.0_0592720",2,47,3,17,1173,"Metabolic pathways","KEGG"
"Ammut_EIv1.0_0593950",4,36,1,12,2283,"Protein processing in endoplasmic reticulum","KEGG"
"Ammut_EIv1.0_0595810",4,61,1,18,2181,"Plant-pathogen interaction","KEGG"
"Ammut_EIv1.0_0595810",4,61,1,18,2181,"Protein processing in endoplasmic reticulum","KEGG"
"Ammut_EIv1.0_0599150",20,31,4,10,1833,"Hormone signaling, transport, and metabolism","Reactome"
"Ammut_EIv1.0_0599150",20,31,4,10,1833,"Jasmonic acid signaling","Reactome"
"Ammut_EIv1.0_0599150",20,31,4,10,1833,"MAPK signaling pathway - plant","KEGG"
"Ammut_EIv1.0_0599150",20,31,4,10,1833,"Metabolism and regulation","Reactome"
"Ammut_EIv1.0_0599150",20,31,4,10,1833,"Plant hormone signal transduction","KEGG"
"Ammut_EIv1.0_0599500",2,45,1,8,934,"Spliceosome","KEGG"
"Ammut_EIv1.0_0601140",4,14,0,2,310,"Ribosome","KEGG"
"Ammut_EIv1.0_0601940",1,9,1,5,396,"Ribosome","KEGG"
"Ammut_EIv1.0_0602260",9,14,5,16,1698,"Auxin signalling","Reactome"
"Ammut_EIv1.0_0602260",9,14,5,16,1698,"Growth and developmental processes","Reactome"
"Ammut_EIv1.0_0602260",9,14,5,16,1698,"Hormone signaling, transport, and metabolism","Reactome"
"Ammut_EIv1.0_0602260",9,14,5,16,1698,"Metabolism and regulation","Reactome"
"Ammut_EIv1.0_0602260",9,14,5,16,1698,"Plant hormone signal transduction","KEGG"
"Ammut_EIv1.0_0602260",9,14,5,16,1698,"Regulation of seed size","Reactome"
"Ammut_EIv1.0_0602260",9,14,5,16,1698,"Reproductive structure development","Reactome"
"Ammut_EIv1.0_0602260",9,14,5,16,1698,"Seed development","Reactome"
"Ammut_EIv1.0_0603310",14,36,7,7,2821,"Polycomb repressive complex","KEGG"
"Ammut_EIv1.0_0604500",0,10,0,6,642,"Proteasome","KEGG"
"Ammut_EIv1.0_0604760",0,28,0,0,761,"Ribosome","KEGG"
"Ammut_EIv1.0_0605390",6,62,0,11,1255,"Amino sugar and nucleotide sugar metabolism","KEGG"
"Ammut_EIv1.0_0605390",6,62,0,11,1255,"Biosynthesis of nucleotide sugars","KEGG"
"Ammut_EIv1.0_0605390",6,62,0,11,1255,"Carbohydrate metabolism","Reactome"
"Ammut_EIv1.0_0605390",6,62,0,11,1255,"GDP-D-rhamnose biosynthesis","Reactome"
"Ammut_EIv1.0_0605390",6,62,0,11,1255,"GDP-L-fucose biosynthesis I (from GDP-D-mannose)","Reactome"
"Ammut_EIv1.0_0605390",6,62,0,11,1255,"Metabolic pathways","KEGG"
"Ammut_EIv1.0_0605390",6,62,0,11,1255,"Metabolism and regulation","Reactome"
"Ammut_EIv1.0_0605390",6,62,0,11,1255,"UDP-L-arabinose biosynthesis and transport","Reactome"
"Ammut_EIv1.0_0605430",0,7,0,4,1023,"2-Oxocarboxylic acid metabolism","KEGG"
"Ammut_EIv1.0_0605430",0,7,0,4,1023,"Biosynthesis of secondary metabolites","KEGG"
"Ammut_EIv1.0_0605430",0,7,0,4,1023,"Carbon metabolism","KEGG"
"Ammut_EIv1.0_0605430",0,7,0,4,1023,"Citrate cycle","KEGG"
"Ammut_EIv1.0_0605430",0,7,0,4,1023,"Glycolysis / Gluconeogenesis","KEGG"
"Ammut_EIv1.0_0605430",0,7,0,4,1023,"Lipoic acid metabolism","KEGG"
"Ammut_EIv1.0_0605430",0,7,0,4,1023,"Metabolic pathways","KEGG"
"Ammut_EIv1.0_0605430",0,7,0,4,1023,"Pyruvate metabolism","KEGG"
"Ammut_EIv1.0_0606390",3,16,13,51,1018,"Protein processing in endoplasmic reticulum","KEGG"
"Ammut_EIv1.0_0606640",5,35,1,15,1082,"Plant-pathogen interaction","KEGG"
"Ammut_EIv1.0_0606790",2,24,6,13,1344,"Protein export","KEGG"
"Ammut_EIv1.0_0606790",2,24,6,13,1344,"Protein processing in endoplasmic reticulum","KEGG"
"Ammut_EIv1.0_0608040",0,11,0,8,930,"Metabolic pathways","KEGG"
"Ammut_EIv1.0_0608040",0,11,0,8,930,"Pyruvate metabolism","KEGG"
"Ammut_EIv1.0_0609720",5,16,1,3,1065,"Protein export","KEGG"
"Ammut_EIv1.0_0611190",4,23,1,7,753,"Biosynthesis of secondary metabolites","KEGG"
"Ammut_EIv1.0_0611190",4,23,1,7,753,"Carbon metabolism","KEGG"
"Ammut_EIv1.0_0611190",4,23,1,7,753,"Metabolic pathways","KEGG"
"Ammut_EIv1.0_0611190",4,23,1,7,753,"Pentose phosphate pathway","KEGG"
"Ammut_EIv1.0_0611330",19,68,16,24,2428,"Motor proteins","KEGG"
"Ammut_EIv1.0_0613190",0,21,0,7,935,"Basal transcription factors","KEGG"
"Ammut_EIv1.0_0614590",1,41,0,10,1141,"Amino acid biosynthesis","Reactome"
"Ammut_EIv1.0_0614590",1,41,0,10,1141,"Amino acid metabolism","Reactome"
"Ammut_EIv1.0_0614590",1,41,0,10,1141,"Biosynthesis of amino acids","KEGG"
"Ammut_EIv1.0_0614590",1,41,0,10,1141,"Biosynthesis of secondary metabolites","KEGG"
"Ammut_EIv1.0_0614590",1,41,0,10,1141,"Chorismate biosynthesis","Reactome"
"Ammut_EIv1.0_0614590",1,41,0,10,1141,"Metabolic pathways","KEGG"
"Ammut_EIv1.0_0614590",1,41,0,10,1141,"Metabolism and regulation","Reactome"
"Ammut_EIv1.0_0614590",1,41,0,10,1141,"Phenylalanine, tyrosine and tryptophan biosynthesis","KEGG"
"Ammut_EIv1.0_0621090",0,27,2,10,767,"Metabolic pathways","KEGG"
"Ammut_EIv1.0_0621090",0,27,2,10,767,"Photosynthesis - antenna proteins","KEGG"
"Ammut_EIv1.0_0622820",5,15,4,5,1322,"ATP-dependent chromatin remodeling","KEGG"
"Ammut_EIv1.0_0623010",0,18,0,2,492,"Protein export","KEGG"
"Ammut_EIv1.0_0627090",0,42,0,9,1242,"Protein processing in endoplasmic reticulum","KEGG"
"Ammut_EIv1.0_0627190",19,32,10,11,1432,"Ribosome biogenesis in eukaryotes","KEGG"
"Ammut_EIv1.0_0627310",0,41,0,14,3661,"Nucleotide excision repair","KEGG"
"Ammut_EIv1.0_0627310",0,41,0,14,3661,"RNA polymerase","KEGG"
"Ammut_EIv1.0_0627410",12,40,0,4,1256,"Amino acid biosynthesis","Reactome"
"Ammut_EIv1.0_0627410",12,40,0,4,1256,"Amino acid metabolism","Reactome"
"Ammut_EIv1.0_0627410",12,40,0,4,1256,"Arginine and proline metabolism","KEGG"
"Ammut_EIv1.0_0627410",12,40,0,4,1256,"Arginine degradation","Reactome"
"Ammut_EIv1.0_0627410",12,40,0,4,1256,"Biosynthesis of secondary metabolites","KEGG"
"Ammut_EIv1.0_0627410",12,40,0,4,1256,"Biotin biosynthesis II","Reactome"
"Ammut_EIv1.0_0627410",12,40,0,4,1256,"Cofactor biosyntheses","Reactome"
"Ammut_EIv1.0_0627410",12,40,0,4,1256,"Metabolic pathways","KEGG"
"Ammut_EIv1.0_0627410",12,40,0,4,1256,"Metabolism and regulation","Reactome"
"Ammut_EIv1.0_0627410",12,40,0,4,1256,"Proline biosynthesis V (from arginine)","Reactome"
"Ammut_EIv1.0_0628320",11,76,3,21,2581,"Linoleic acid metabolism","KEGG"
"Ammut_EIv1.0_0628610",6,44,5,16,2852,"Efferocytosis","KEGG"
"Ammut_EIv1.0_0628610",6,44,5,16,2852,"Lysosome biogenesis","KEGG"
"Ammut_EIv1.0_0630050",1,41,0,16,2583,"RNA degradation","KEGG"
"Ammut_EIv1.0_0631390",0,11,0,0,477,"Ribosome","KEGG"
"Ammut_EIv1.0_0631890",0,32,1,16,1385,"Amino sugar and nucleotide sugar metabolism","KEGG"
"Ammut_EIv1.0_0631890",0,32,1,16,1385,"Ascorbate and aldarate metabolism","KEGG"
"Ammut_EIv1.0_0631890",0,32,1,16,1385,"Biosynthesis of cofactors","KEGG"
"Ammut_EIv1.0_0631890",0,32,1,16,1385,"Biosynthesis of nucleotide sugars","KEGG"
"Ammut_EIv1.0_0631890",0,32,1,16,1385,"Biosynthesis of various nucleotide sugars","KEGG"
"Ammut_EIv1.0_0631890",0,32,1,16,1385,"Carbohydrate metabolism","Reactome"
"Ammut_EIv1.0_0631890",0,32,1,16,1385,"Galactose degradation II","Reactome"
"Ammut_EIv1.0_0631890",0,32,1,16,1385,"Metabolic pathways","KEGG"
"Ammut_EIv1.0_0631890",0,32,1,16,1385,"Metabolism and regulation","Reactome"
"Ammut_EIv1.0_0631890",0,32,1,16,1385,"Pentose and glucuronate interconversions","KEGG"
"Ammut_EIv1.0_0631890",0,32,1,16,1385,"UDP-D-xylose biosynthesis","Reactome"
"Ammut_EIv1.0_0631890",0,32,1,16,1385,"UDP-L-arabinose biosynthesis and transport","Reactome"
"Ammut_EIv1.0_0631930",16,50,4,21,2502,"Biosynthesis of secondary metabolites","KEGG"
"Ammut_EIv1.0_0631930",16,50,4,21,2502,"Metabolic pathways","KEGG"
"Ammut_EIv1.0_0631930",16,50,4,21,2502,"Starch and sucrose metabolism","KEGG"
"Ammut_EIv1.0_0632020",10,17,1,5,1478,"Glycosylphosphatidylinositol","KEGG"
"Ammut_EIv1.0_0632020",10,17,1,5,1478,"Metabolic pathways","KEGG"
"Ammut_EIv1.0_0632740",0,14,0,8,1038,"Circadian rhythm - plant","KEGG"
"Ammut_EIv1.0_0632740",0,14,0,8,1038,"Ribosome biogenesis in eukaryotes","KEGG"
"Ammut_EIv1.0_0632870",11,35,9,4,2165,"Glycosaminoglycan degradation","KEGG"
"Ammut_EIv1.0_0632870",11,35,9,4,2165,"Lysosome biogenesis","KEGG"
"Ammut_EIv1.0_0632870",11,35,9,4,2165,"Metabolic pathways","KEGG"
"Ammut_EIv1.0_0633970",2,12,7,2,916,"mRNA surveillance pathway","KEGG"
"Ammut_EIv1.0_0634360",9,101,2,32,2106,"Motor proteins","KEGG"
"Ammut_EIv1.0_0634510",0,20,0,3,637,"Metabolic pathways","KEGG"
"Ammut_EIv1.0_0634510",0,20,0,3,637,"Oxidative phosphorylation","KEGG"
"Ammut_EIv1.0_0634900",0,31,0,13,1653,"Biosynthesis of secondary metabolites","KEGG"
"Ammut_EIv1.0_0634900",0,31,0,13,1653,"Carbon metabolism","KEGG"
"Ammut_EIv1.0_0634900",0,31,0,13,1653,"Citrate cycle","KEGG"
"Ammut_EIv1.0_0634900",0,31,0,13,1653,"Metabolic pathways","KEGG"
"Ammut_EIv1.0_0634900",0,31,0,13,1653,"Oxidative phosphorylation","KEGG"
"Ammut_EIv1.0_0634980",9,52,6,18,1906,"Fatty acid biosynthesis","KEGG"
"Ammut_EIv1.0_0634980",9,52,6,18,1906,"Fatty acid degradation","KEGG"
"Ammut_EIv1.0_0634980",9,52,6,18,1906,"Fatty acid metabolism","KEGG"
"Ammut_EIv1.0_0634980",9,52,6,18,1906,"Metabolic pathways","KEGG"
"Ammut_EIv1.0_0634980",9,52,6,18,1906,"Peroxisome","KEGG"
"Ammut_EIv1.0_0637800",0,36,0,10,1051,"Amino acid biosynthesis","Reactome"
"Ammut_EIv1.0_0637800",0,36,0,10,1051,"Amino acid metabolism","Reactome"
"Ammut_EIv1.0_0637800",0,36,0,10,1051,"Biosynthesis of secondary metabolites","KEGG"
"Ammut_EIv1.0_0637800",0,36,0,10,1051,"Carbon metabolism","KEGG"
"Ammut_EIv1.0_0637800",0,36,0,10,1051,"Glutamate biosynthesis I","Reactome"
"Ammut_EIv1.0_0637800",0,36,0,10,1051,"Glyoxylate and dicarboxylate metabolism","KEGG"
"Ammut_EIv1.0_0637800",0,36,0,10,1051,"Metabolic pathways","KEGG"
"Ammut_EIv1.0_0637800",0,36,0,10,1051,"Metabolism and regulation","Reactome"
"Ammut_EIv1.0_0637800",0,36,0,10,1051,"Peroxisome","KEGG"
"Ammut_EIv1.0_0637990",2,21,1,4,2212,"Nucleotide excision repair","KEGG"
"Ammut_EIv1.0_0637990",2,21,1,4,2212,"Ubiquitin mediated proteolysis","KEGG"
"Ammut_EIv1.0_0638660",0,26,1,10,1062,"Base excision repair","KEGG"
"Ammut_EIv1.0_0638660",0,26,1,10,1062,"Cell cycle","Reactome"
"Ammut_EIv1.0_0638660",0,26,1,10,1062,"Cellular processes","Reactome"
"Ammut_EIv1.0_0638660",0,26,1,10,1062,"DNA replication","KEGG"
"Ammut_EIv1.0_0638660",0,26,1,10,1062,"DNA strand Elongation","Reactome"
"Ammut_EIv1.0_0638660",0,26,1,10,1062,"Leading strand synthesis","Reactome"
"Ammut_EIv1.0_0638660",0,26,1,10,1062,"Mismatch repair","KEGG"
"Ammut_EIv1.0_0638660",0,26,1,10,1062,"Mitosis","Reactome"
"Ammut_EIv1.0_0638660",0,26,1,10,1062,"Nucleotide excision repair","KEGG"
"Ammut_EIv1.0_0638660",0,26,1,10,1062,"S phase","Reactome"
"Ammut_EIv1.0_0638660",0,26,1,10,1062,"Synthesis of DNA","Reactome"
"Ammut_EIv1.0_0639580",0,5,0,1,450,"Ribosome","KEGG"
"Ammut_EIv1.0_0641790",9,30,2,5,1259,"Biosynthesis of secondary metabolites","KEGG"
"Ammut_EIv1.0_0641790",9,30,2,5,1259,"Metabolic pathways","KEGG"
"Ammut_EIv1.0_0641790",9,30,2,5,1259,"Metabolism and regulation","Reactome"
"Ammut_EIv1.0_0641790",9,30,2,5,1259,"Mevalonate pathway","Reactome"
"Ammut_EIv1.0_0641790",9,30,2,5,1259,"Secondary metabolism","Reactome"
"Ammut_EIv1.0_0641790",9,30,2,5,1259,"Terpenoid backbone biosynthesis","KEGG"
"Ammut_EIv1.0_0642000",0,14,3,10,445,"Ribosome","KEGG"
"Ammut_EIv1.0_0642390",0,11,0,2,612,"MAPK signaling pathway - plant","KEGG"
"Ammut_EIv1.0_0643010",25,57,11,27,2720,"Ribosome biogenesis in eukaryotes","KEGG"
"Ammut_EIv1.0_0644890",5,23,4,17,2103,"mRNA surveillance pathway","KEGG"
"Ammut_EIv1.0_0645030",4,16,1,3,1184,"Biosynthesis of secondary metabolites","KEGG"
"Ammut_EIv1.0_0645030",4,16,1,3,1184,"Cholesterol biosynthesis I","Reactome"
"Ammut_EIv1.0_0645030",4,16,1,3,1184,"Cholesterol biosynthesis II (via 24,25-dihydrolanosterol)","Reactome"
"Ammut_EIv1.0_0645030",4,16,1,3,1184,"Cholesterol biosynthesis III (via desmosterol)","Reactome"
"Ammut_EIv1.0_0645030",4,16,1,3,1184,"Fatty acid and lipid metabolism","Reactome"
"Ammut_EIv1.0_0645030",4,16,1,3,1184,"Metabolic pathways","KEGG"
"Ammut_EIv1.0_0645030",4,16,1,3,1184,"Metabolism and regulation","Reactome"
"Ammut_EIv1.0_0645030",4,16,1,3,1184,"Secondary metabolism","Reactome"
"Ammut_EIv1.0_0645030",4,16,1,3,1184,"Sesquiterpenoid and triterpenoid biosynthesis","KEGG"
"Ammut_EIv1.0_0645030",4,16,1,3,1184,"Steroid biosynthesis","KEGG"
"Ammut_EIv1.0_0645030",4,16,1,3,1184,"Sterol biosynthesis","Reactome"
"Ammut_EIv1.0_0645260",1,10,1,4,537,"Protein export","KEGG"
"Ammut_EIv1.0_0647900",7,59,2,18,816,"ABA biosynthesis and mediated signaling","Reactome"
"Ammut_EIv1.0_0647900",7,59,2,18,816,"Abscisic acid biosynthesis","Reactome"
"Ammut_EIv1.0_0647900",7,59,2,18,816,"Abscisic acid homeostasis","Reactome"
"Ammut_EIv1.0_0647900",7,59,2,18,816,"Biosynthesis of secondary metabolites","KEGG"
"Ammut_EIv1.0_0647900",7,59,2,18,816,"Carotenoid biosynthesis","KEGG"
"Ammut_EIv1.0_0647900",7,59,2,18,816,"Hormone signaling, transport, and metabolism","Reactome"
"Ammut_EIv1.0_0647900",7,59,2,18,816,"Metabolic pathways","KEGG"
"Ammut_EIv1.0_0647900",7,59,2,18,816,"Metabolism and regulation","Reactome"
"Ammut_EIv1.0_0648110",2,65,0,18,2055,"Biosynthesis of secondary metabolites","KEGG"
"Ammut_EIv1.0_0648110",2,65,0,18,2055,"Metabolic pathways","KEGG"
"Ammut_EIv1.0_0648110",2,65,0,18,2055,"Porphyrin metabolism","KEGG"
"Ammut_EIv1.0_0648210",0,27,0,4,502,"Spliceosome","KEGG"
"Ammut_EIv1.0_0648220",1,3,1,3,384,"Spliceosome","KEGG"
"Ammut_EIv1.0_0648420",0,13,2,7,480,"Ribosome","KEGG"
"Ammut_EIv1.0_0648490",6,41,2,8,1680,"Carbon metabolism","KEGG"
"Ammut_EIv1.0_0648490",6,41,2,8,1680,"Metabolic pathways","KEGG"
"Ammut_EIv1.0_0648490",6,41,2,8,1680,"One carbon pool by folate","KEGG"
"Ammut_EIv1.0_0650340",0,11,0,2,579,"Endocytosis","KEGG"
"Ammut_EIv1.0_0650940",0,35,2,15,1862,"Endocytosis","KEGG"
"Ammut_EIv1.0_0650940",0,35,2,15,1862,"Protein processing in endoplasmic reticulum","KEGG"
"Ammut_EIv1.0_0650940",0,35,2,15,1862,"Spliceosome","KEGG"
"Ammut_EIv1.0_0651710",2,7,2,0,444,"Metabolic pathways","KEGG"
"Ammut_EIv1.0_0651710",2,7,2,0,444,"Photosynthesis","KEGG"
"Ammut_EIv1.0_0652870",15,43,1,4,2412,"Anther and pollen development","Reactome"
"Ammut_EIv1.0_0652870",15,43,1,4,2412,"Growth and developmental processes","Reactome"
"Ammut_EIv1.0_0652870",15,43,1,4,2412,"Reproductive structure development","Reactome"
"Ammut_EIv1.0_0653420",5,54,1,22,1504,"Biosynthesis of secondary metabolites","KEGG"
"Ammut_EIv1.0_0653420",5,54,1,22,1504,"Ether lipid metabolism","KEGG"
"Ammut_EIv1.0_0653420",5,54,1,22,1504,"Glycerophospholipid metabolism","KEGG"
"Ammut_EIv1.0_0653420",5,54,1,22,1504,"Inositol phosphate metabolism","KEGG"
"Ammut_EIv1.0_0653420",5,54,1,22,1504,"Metabolic pathways","KEGG"
"Ammut_EIv1.0_0654920",8,43,1,21,889,"Biosynthesis of secondary metabolites","KEGG"
"Ammut_EIv1.0_0654920",8,43,1,21,889,"Metabolic pathways","KEGG"
"Ammut_EIv1.0_0654920",8,43,1,21,889,"Purine metabolism","KEGG"
"Ammut_EIv1.0_0655620",15,57,3,12,1359,"Amino sugar and nucleotide sugar metabolism","KEGG"
"Ammut_EIv1.0_0655620",15,57,3,12,1359,"Biosynthesis of nucleotide sugars","KEGG"
"Ammut_EIv1.0_0655620",15,57,3,12,1359,"Carbohydrate metabolism","Reactome"
"Ammut_EIv1.0_0655620",15,57,3,12,1359,"Galactose degradation II","Reactome"
"Ammut_EIv1.0_0655620",15,57,3,12,1359,"Metabolic pathways","KEGG"
"Ammut_EIv1.0_0655620",15,57,3,12,1359,"Metabolism and regulation","Reactome"
"Ammut_EIv1.0_0656470",24,14,3,5,1084,"Base excision repair","KEGG"
"Ammut_EIv1.0_0656470",24,14,3,5,1084,"DNA replication","KEGG"
"Ammut_EIv1.0_0656470",24,14,3,5,1084,"Non-homologous end-joining","KEGG"
"Ammut_EIv1.0_0657110",21,45,3,4,1183,"Growth and developmental processes","Reactome"
"Ammut_EIv1.0_0657110",21,45,3,4,1183,"Regulatory network of nutrient accumulation","Reactome"
"Ammut_EIv1.0_0657110",21,45,3,4,1183,"Reproductive structure development","Reactome"
"Ammut_EIv1.0_0657110",21,45,3,4,1183,"Seed development","Reactome"
"Ammut_EIv1.0_0657650",27,72,6,9,1380,"Biosynthesis of cofactors","KEGG"
"Ammut_EIv1.0_0657650",27,72,6,9,1380,"Biosynthesis of secondary metabolites","KEGG"
"Ammut_EIv1.0_0657650",27,72,6,9,1380,"Metabolic pathways","KEGG"
"Ammut_EIv1.0_0657650",27,72,6,9,1380,"Ubiquinone and other terpenoid-quinone biosynthesis","KEGG"
"Ammut_EIv1.0_0657870",11,22,11,8,1040,"Glycosylphosphatidylinositol","KEGG"
"Ammut_EIv1.0_0657870",11,22,11,8,1040,"Metabolic pathways","KEGG"
"Ammut_EIv1.0_0661360",5,26,1,4,1100,"Plant-pathogen interaction","KEGG"
"Ammut_EIv1.0_0662820",20,31,2,3,693,"Plant-pathogen interaction","KEGG"
"Ammut_EIv1.0_0664550",2,55,2,13,1324,"Proteasome","KEGG"
"Ammut_EIv1.0_0664630",3,24,0,6,855,"Spliceosome","KEGG"
"Ammut_EIv1.0_0667300",5,37,2,9,1226,"Endocytosis","KEGG"
"Ammut_EIv1.0_0667630",13,92,1,26,1596,"mRNA surveillance pathway","KEGG"
"Ammut_EIv1.0_0684090",8,103,3,50,1462,"Biosynthesis of secondary metabolites","KEGG"
"Ammut_EIv1.0_0684090",8,103,3,50,1462,"Carbon metabolism","KEGG"
"Ammut_EIv1.0_0684090",8,103,3,50,1462,"Glyoxylate and dicarboxylate metabolism","KEGG"
"Ammut_EIv1.0_0684090",8,103,3,50,1462,"MAPK signaling pathway - plant","KEGG"
"Ammut_EIv1.0_0684090",8,103,3,50,1462,"Metabolic pathways","KEGG"
"Ammut_EIv1.0_0684090",8,103,3,50,1462,"Peroxisome","KEGG"
"Ammut_EIv1.0_0684090",8,103,3,50,1462,"Tryptophan metabolism","KEGG"
"Ammut_EIv1.0_0684330",0,67,0,15,1927,"Protein export","KEGG"
"Ammut_EIv1.0_0684330",0,67,0,15,1927,"Protein processing in endoplasmic reticulum","KEGG"
"Ammut_EIv1.0_0684340",3,11,0,1,410,"ATP-dependent chromatin remodeling","KEGG"
"Ammut_EIv1.0_0685220",2,54,1,11,1197,"Metabolic pathways","KEGG"
"Ammut_EIv1.0_0685220",2,54,1,11,1197,"Nucleotide metabolism","KEGG"
"Ammut_EIv1.0_0685220",2,54,1,11,1197,"Purine metabolism","KEGG"
"Ammut_EIv1.0_0685470",0,12,0,8,607,"Ribosome","KEGG"
"Ammut_EIv1.0_0695060",6,56,0,12,1448,"Aminoacyl-tRNA biosynthesis","KEGG"
"Ammut_EIv1.0_0695060",6,56,0,12,1448,"Biosynthesis of cofactors","KEGG"
"Ammut_EIv1.0_0695060",6,56,0,12,1448,"Biosynthesis of secondary metabolites","KEGG"
"Ammut_EIv1.0_0695060",6,56,0,12,1448,"Metabolic pathways","KEGG"
"Ammut_EIv1.0_0695060",6,56,0,12,1448,"Porphyrin metabolism","KEGG"
"Ammut_EIv1.0_0695080",0,4,0,0,588,"Auxin signalling","Reactome"
"Ammut_EIv1.0_0695080",0,4,0,0,588,"Bacterial invasion of epithelial cells","KEGG"
"Ammut_EIv1.0_0695080",0,4,0,0,588,"Cadherin signaling","KEGG"
"Ammut_EIv1.0_0695080",0,4,0,0,588,"Efferocytosis","KEGG"
"Ammut_EIv1.0_0695080",0,4,0,0,588,"Growth and developmental processes","Reactome"
"Ammut_EIv1.0_0695080",0,4,0,0,588,"Hormone signaling, transport, and metabolism","Reactome"
"Ammut_EIv1.0_0695080",0,4,0,0,588,"IgSF CAM signaling","KEGG"
"Ammut_EIv1.0_0695080",0,4,0,0,588,"Integrin signaling","KEGG"
"Ammut_EIv1.0_0695080",0,4,0,0,588,"Metabolism and regulation","Reactome"
"Ammut_EIv1.0_0695080",0,4,0,0,588,"Phagosome","KEGG"
"Ammut_EIv1.0_0695080",0,4,0,0,588,"Regulation of seed size","Reactome"
"Ammut_EIv1.0_0695080",0,4,0,0,588,"Reproductive structure development","Reactome"
"Ammut_EIv1.0_0695080",0,4,0,0,588,"Seed development","Reactome"
"Ammut_EIv1.0_0695080",0,4,0,0,588,"Toll-like receptor signaling pathway","KEGG"
"Ammut_EIv1.0_0695140",0,6,0,0,446,"Polycomb repressive complex","KEGG"
"Ammut_EIv1.0_0695140",0,6,0,0,446,"Protein processing in endoplasmic reticulum","KEGG"
"Ammut_EIv1.0_0695140",0,6,0,0,446,"Ubiquitin mediated proteolysis","KEGG"
"Ammut_EIv1.0_0695670",1,10,5,12,1023,"Biosynthesis of secondary metabolites","KEGG"
"Ammut_EIv1.0_0695670",1,10,5,12,1023,"Choline biosynthesis III","Reactome"
"Ammut_EIv1.0_0695670",1,10,5,12,1023,"Ether lipid metabolism","KEGG"
"Ammut_EIv1.0_0695670",1,10,5,12,1023,"Fatty acid and lipid metabolism","Reactome"
"Ammut_EIv1.0_0695670",1,10,5,12,1023,"Glycerophospholipid metabolism","KEGG"
"Ammut_EIv1.0_0695670",1,10,5,12,1023,"Metabolic pathways","KEGG"
"Ammut_EIv1.0_0695670",1,10,5,12,1023,"Metabolism and regulation","Reactome"
"Ammut_EIv1.0_0695670",1,10,5,12,1023,"Phosphonate and phosphinate metabolism","KEGG"
"Ammut_EIv1.0_0696430",2,12,0,10,696,"Ribosome","KEGG"
"Ammut_EIv1.0_0699940",10,25,3,14,1425,"Biosynthesis of cofactors","KEGG"
"Ammut_EIv1.0_0699940",10,25,3,14,1425,"Biosynthesis of secondary metabolites","KEGG"
"Ammut_EIv1.0_0699940",10,25,3,14,1425,"Metabolic pathways","KEGG"
"Ammut_EIv1.0_0699940",10,25,3,14,1425,"Nucleotide metabolism","KEGG"
"Ammut_EIv1.0_0699940",10,25,3,14,1425,"Purine metabolism","KEGG"
"Ammut_EIv1.0_0699940",10,25,3,14,1425,"Thiamine metabolism","KEGG"
"Ammut_EIv1.0_0699990",1,12,5,8,1701,"Galactose metabolism","KEGG"
"Ammut_EIv1.0_0699990",1,12,5,8,1701,"Starch and sucrose metabolism","KEGG"
"Ammut_EIv1.0_0700010",2,18,2,8,828,"Basal transcription factors","KEGG"
"Ammut_EIv1.0_0700010",2,18,2,8,828,"Nucleotide excision repair","KEGG"
"Ammut_EIv1.0_0700450",1,14,0,9,1020,"Biosynthesis of amino acids","KEGG"
"Ammut_EIv1.0_0700450",1,14,0,9,1020,"Biosynthesis of secondary metabolites","KEGG"
"Ammut_EIv1.0_0700450",1,14,0,9,1020,"Carbon metabolism","KEGG"
"Ammut_EIv1.0_0700450",1,14,0,9,1020,"Metabolic pathways","KEGG"
"Ammut_EIv1.0_0700450",1,14,0,9,1020,"Metabolism and regulation","Reactome"
"Ammut_EIv1.0_0700450",1,14,0,9,1020,"Nucleotide metabolism","Reactome"
"Ammut_EIv1.0_0700450",1,14,0,9,1020,"PRPP biosynthesis I","Reactome"
"Ammut_EIv1.0_0700450",1,14,0,9,1020,"Pentose phosphate pathway","KEGG"
"Ammut_EIv1.0_0700450",1,14,0,9,1020,"Purine metabolism","KEGG"
"Ammut_EIv1.0_0700650",1,4,0,2,933,"Ubiquitin mediated proteolysis","KEGG"
"Ammut_EIv1.0_0702420",7,26,0,14,1378,"Amino acid biosynthesis","Reactome"
"Ammut_EIv1.0_0702420",7,26,0,14,1378,"Amino acid metabolism","Reactome"
"Ammut_EIv1.0_0702420",7,26,0,14,1378,"Metabolism and regulation","Reactome"
"Ammut_EIv1.0_0702420",7,26,0,14,1378,"Tryptophan biosynthesis","Reactome"
"Ammut_EIv1.0_0703290",7,34,2,8,1092,"Biosynthesis of cofactors","KEGG"
"Ammut_EIv1.0_0703290",7,34,2,8,1092,"Biosynthesis of secondary metabolites","KEGG"
"Ammut_EIv1.0_0703290",7,34,2,8,1092,"Metabolic pathways","KEGG"
"Ammut_EIv1.0_0703290",7,34,2,8,1092,"Oxidative phosphorylation","KEGG"
"Ammut_EIv1.0_0703290",7,34,2,8,1092,"Porphyrin metabolism","KEGG"
"Ammut_EIv1.0_0706190",1,49,2,14,3296,"Spliceosome","KEGG"
"Ammut_EIv1.0_0707110",3,30,0,7,1322,"Metabolic pathways","KEGG"
"Ammut_EIv1.0_0707110",3,30,0,7,1322,"Starch and sucrose metabolism","KEGG"
"Ammut_EIv1.0_0707890",0,16,1,8,2728,"Amino sugar and nucleotide sugar metabolism","KEGG"
"Ammut_EIv1.0_0707890",0,16,1,8,2728,"Biosynthesis of nucleotide sugars","KEGG"
"Ammut_EIv1.0_0707890",0,16,1,8,2728,"Carbohydrate metabolism","Reactome"
"Ammut_EIv1.0_0707890",0,16,1,8,2728,"Metabolic pathways","KEGG"
"Ammut_EIv1.0_0707890",0,16,1,8,2728,"Metabolism and regulation","Reactome"
"Ammut_EIv1.0_0707890",0,16,1,8,2728,"UDP-L-arabinose biosynthesis and transport","Reactome"
"Ammut_EIv1.0_0708700",0,160,1,12,3402,"Spliceosome","KEGG"
"Ammut_EIv1.0_0708710",27,44,9,27,1493,"Metabolic pathways","KEGG"
"Ammut_EIv1.0_0708710",27,44,9,27,1493,"N-Glycan biosynthesis","KEGG"
"Ammut_EIv1.0_0708920",2,12,0,0,387,"Ribosome","KEGG"
"Ammut_EIv1.0_0709420",0,33,1,12,1107,"MAPK signaling pathway - plant","KEGG"
"Ammut_EIv1.0_0710340",3,23,2,21,1210,"Amino acid biosynthesis","Reactome"
"Ammut_EIv1.0_0710340",3,23,2,21,1210,"Amino acid metabolism","Reactome"
"Ammut_EIv1.0_0710340",3,23,2,21,1210,"Biosynthesis of amino acids","KEGG"
"Ammut_EIv1.0_0710340",3,23,2,21,1210,"Biosynthesis of secondary metabolites","KEGG"
"Ammut_EIv1.0_0710340",3,23,2,21,1210,"D-Amino acid metabolism","KEGG"
"Ammut_EIv1.0_0710340",3,23,2,21,1210,"Lysine biosynthesis","KEGG"
"Ammut_EIv1.0_0710340",3,23,2,21,1210,"Lysine biosynthesis I","Reactome"
"Ammut_EIv1.0_0710340",3,23,2,21,1210,"Lysine biosynthesis II","Reactome"
"Ammut_EIv1.0_0710340",3,23,2,21,1210,"Lysine biosynthesis VI","Reactome"
"Ammut_EIv1.0_0710340",3,23,2,21,1210,"Metabolic pathways","KEGG"
"Ammut_EIv1.0_0710340",3,23,2,21,1210,"Metabolism and regulation","Reactome"
"Ammut_EIv1.0_0710780",0,16,4,9,2250,"Growth and developmental processes","Reactome"
"Ammut_EIv1.0_0710780",0,16,4,9,2250,"Inflorescence development","Reactome"
"Ammut_EIv1.0_0710780",0,16,4,9,2250,"Reproductive structure development","Reactome"
"Ammut_EIv1.0_0710780",0,16,4,9,2250,"Short day regulated expression of florigens","Reactome"
"Ammut_EIv1.0_0711410",21,49,8,8,1934,"Amino acid biosynthesis","Reactome"
"Ammut_EIv1.0_0711410",21,49,8,8,1934,"Amino acid metabolism","Reactome"
"Ammut_EIv1.0_0711410",21,49,8,8,1934,"Beta-alanine biosynthesis II","Reactome"
"Ammut_EIv1.0_0711410",21,49,8,8,1934,"Biosynthesis of secondary metabolites","KEGG"
"Ammut_EIv1.0_0711410",21,49,8,8,1934,"Fatty acid degradation","KEGG"
"Ammut_EIv1.0_0711410",21,49,8,8,1934,"Fatty acid metabolism","KEGG"
"Ammut_EIv1.0_0711410",21,49,8,8,1934,"Metabolic pathways","KEGG"
"Ammut_EIv1.0_0711410",21,49,8,8,1934,"Metabolism and regulation","Reactome"
"Ammut_EIv1.0_0711410",21,49,8,8,1934,"alpha-Linolenic acid metabolism","KEGG"
"Ammut_EIv1.0_0713080",4,6,0,1,824,"Biosynthesis of secondary metabolites","KEGG"
"Ammut_EIv1.0_0713080",4,6,0,1,824,"Metabolic pathways","KEGG"
"Ammut_EIv1.0_0713080",4,6,0,1,824,"Nicotinate and nicotinamide metabolism","KEGG"
"Ammut_EIv1.0_0713080",4,6,0,1,824,"Nucleotide metabolism","KEGG"
"Ammut_EIv1.0_0713080",4,6,0,1,824,"Purine metabolism","KEGG"
"Ammut_EIv1.0_0713080",4,6,0,1,824,"Pyrimidine metabolism","KEGG"
"Ammut_EIv1.0_0713200",17,64,5,16,3732,"RNA degradation","KEGG"
"Ammut_EIv1.0_0713270",0,16,2,10,872,"Protein processing in endoplasmic reticulum","KEGG"
"Ammut_EIv1.0_0715030",0,11,0,11,1326,"IgSF CAM signaling","KEGG"
"Ammut_EIv1.0_0715030",0,11,0,11,1326,"Motor proteins","KEGG"
"Ammut_EIv1.0_0715030",0,11,0,11,1326,"Phagosome","KEGG"
"Ammut_EIv1.0_0715630",0,5,2,3,906,"Biosynthesis of cofactors","KEGG"
"Ammut_EIv1.0_0715630",0,5,2,3,906,"Biosynthesis of secondary metabolites","KEGG"
"Ammut_EIv1.0_0715630",0,5,2,3,906,"Cofactor biosyntheses","Reactome"
"Ammut_EIv1.0_0715630",0,5,2,3,906,"Metabolic pathways","KEGG"
"Ammut_EIv1.0_0715630",0,5,2,3,906,"Metabolism and regulation","Reactome"
"Ammut_EIv1.0_0715630",0,5,2,3,906,"Porphyrin metabolism","KEGG"
"Ammut_EIv1.0_0715630",0,5,2,3,906,"Tetrapyrrole biosynthesis I","Reactome"
"Ammut_EIv1.0_0716340",7,20,4,12,951,"Protein processing in endoplasmic reticulum","KEGG"
"Ammut_EIv1.0_0716660",2,4,0,3,984,"ATP-dependent chromatin remodeling","KEGG"
"Ammut_EIv1.0_0716980",4,9,0,2,1101,"Nucleotide excision repair","KEGG"
"Ammut_EIv1.0_0716980",4,9,0,2,1101,"Protein processing in endoplasmic reticulum","KEGG"
"Ammut_EIv1.0_0717200",0,9,1,8,3220,"RNA polymerase","KEGG"
"Ammut_EIv1.0_0717450",12,16,10,27,1662,"Carbohydrate metabolism","Reactome"
"Ammut_EIv1.0_0717450",12,16,10,27,1662,"Glycerol degradation I","Reactome"
"Ammut_EIv1.0_0717450",12,16,10,27,1662,"Metabolic pathways","KEGG"
"Ammut_EIv1.0_0717450",12,16,10,27,1662,"Metabolism and regulation","Reactome"
"Ammut_EIv1.0_0717450",12,16,10,27,1662,"Pentose and glucuronate interconversions","KEGG"
"Ammut_EIv1.0_0717550",8,39,2,12,1619,"Biosynthesis of secondary metabolites","KEGG"
"Ammut_EIv1.0_0717550",8,39,2,12,1619,"Metabolic pathways","KEGG"
"Ammut_EIv1.0_0717550",8,39,2,12,1619,"Phenylpropanoid biosynthesis","KEGG"
"Ammut_EIv1.0_0717550",8,39,2,12,1619,"Ubiquinone and other terpenoid-quinone biosynthesis","KEGG"
"Ammut_EIv1.0_0717880",2,5,2,2,756,"Ubiquitin mediated proteolysis","KEGG"
"Ammut_EIv1.0_0718500",1,10,0,6,922,"Efferocytosis","KEGG"
"Ammut_EIv1.0_0718800",7,21,2,8,1198,"Amino acid biosynthesis","Reactome"
"Ammut_EIv1.0_0718800",7,21,2,8,1198,"Amino acid metabolism","Reactome"
"Ammut_EIv1.0_0718800",7,21,2,8,1198,"Biosynthesis of amino acids","KEGG"
"Ammut_EIv1.0_0718800",7,21,2,8,1198,"Biosynthesis of secondary metabolites","KEGG"
"Ammut_EIv1.0_0718800",7,21,2,8,1198,"Carbon fixation by Calvin cycle","KEGG"
"Ammut_EIv1.0_0718800",7,21,2,8,1198,"Carbon metabolism","KEGG"
"Ammut_EIv1.0_0718800",7,21,2,8,1198,"Glycolysis / Gluconeogenesis","KEGG"
"Ammut_EIv1.0_0718800",7,21,2,8,1198,"Lysine biosynthesis I","Reactome"
"Ammut_EIv1.0_0718800",7,21,2,8,1198,"Lysine biosynthesis II","Reactome"
"Ammut_EIv1.0_0718800",7,21,2,8,1198,"Metabolic pathways","KEGG"
"Ammut_EIv1.0_0718800",7,21,2,8,1198,"Metabolism and regulation","Reactome"
"Ammut_EIv1.0_0719800",0,2,2,3,969,"Endocytosis","KEGG"
"Ammut_EIv1.0_0720480",12,23,1,11,2234,"MAPK signaling pathway - plant","KEGG"
"Ammut_EIv1.0_0721170",1,1,3,8,1017,"Biosynthesis of secondary metabolites","KEGG"
"Ammut_EIv1.0_0721170",1,1,3,8,1017,"Cysteine and methionine metabolism","KEGG"
"Ammut_EIv1.0_0721170",1,1,3,8,1017,"Isoquinoline alkaloid biosynthesis","KEGG"
"Ammut_EIv1.0_0721170",1,1,3,8,1017,"Metabolic pathways","KEGG"
"Ammut_EIv1.0_0721170",1,1,3,8,1017,"Phenylalanine metabolism","KEGG"
"Ammut_EIv1.0_0721170",1,1,3,8,1017,"Phenylalanine, tyrosine and tryptophan biosynthesis","KEGG"
"Ammut_EIv1.0_0721170",1,1,3,8,1017,"Tropane, piperidine and pyridine alkaloid biosynthesis","KEGG"
"Ammut_EIv1.0_0721170",1,1,3,8,1017,"Tyrosine metabolism","KEGG"
"Ammut_EIv1.0_0721170",1,1,3,8,1017,"Ubiquinone and other terpenoid-quinone biosynthesis","KEGG"
"Ammut_EIv1.0_0721340",0,2,0,4,1470,"Ribosome biogenesis in eukaryotes","KEGG"
"Ammut_EIv1.0_0722100",0,7,0,3,1200,"Cornified envelope formation","KEGG"
"Ammut_EIv1.0_0722100",0,7,0,3,1200,"mRNA surveillance pathway","KEGG"
"Ammut_EIv1.0_0722900",3,22,1,7,1071,"Biosynthesis of secondary metabolites","KEGG"
"Ammut_EIv1.0_0722900",3,22,1,7,1071,"Metabolic pathways","KEGG"
"Ammut_EIv1.0_0722900",3,22,1,7,1071,"Metabolism and regulation","Reactome"
"Ammut_EIv1.0_0722900",3,22,1,7,1071,"Phenylpropanoid biosynthesis","KEGG;Reactome"
"Ammut_EIv1.0_0722900",3,22,1,7,1071,"Secondary metabolism","Reactome"
"Ammut_EIv1.0_0724730",0,6,3,15,5283,"Nucleocytoplasmic transport","KEGG"
"Ammut_EIv1.0_0724760",0,1,0,2,1350,"ATP-dependent chromatin remodeling","KEGG"
"Ammut_EIv1.0_0724760",0,1,0,2,1350,"Hormone signaling, transport, and metabolism","Reactome"
"Ammut_EIv1.0_0724760",0,1,0,2,1350,"Jasmonic acid signaling","Reactome"
"Ammut_EIv1.0_0724760",0,1,0,2,1350,"Metabolism and regulation","Reactome"
"Ammut_EIv1.0_0724760",0,1,0,2,1350,"Polycomb repressive complex","KEGG"
"Ammut_EIv1.0_0725020",0,3,3,13,1451,"MAPK signaling pathway - plant","KEGG"
"Ammut_EIv1.0_0725020",0,3,3,13,1451,"Plant hormone signal transduction","KEGG"
"Ammut_EIv1.0_0728290",2,4,5,1,1352,"Cell cycle","Reactome"
"Ammut_EIv1.0_0728290",2,4,5,1,1352,"Cellular processes","Reactome"
"Ammut_EIv1.0_0728290",2,4,5,1,1352,"G1/S transition","Reactome"
"Ammut_EIv1.0_0728290",2,4,5,1,1352,"Mitosis","Reactome"
"Ammut_EIv1.0_0733130",0,1,1,4,1074,"Protein export","KEGG"
"Ammut_EIv1.0_0733130",0,1,1,4,1074,"Protein processing in endoplasmic reticulum","KEGG"
"Ammut_EIv1.0_0733880",12,12,11,20,10794,"Lysosome biogenesis","KEGG"
"Ammut_EIv1.0_0736050",0,1,1,1,1188,"Galactosylcyclitol biosynthesis","Reactome"
"Ammut_EIv1.0_0736050",0,1,1,1,1188,"Metabolism and regulation","Reactome"
"Ammut_EIv1.0_0736050",0,1,1,1,1188,"Secondary metabolism","Reactome"
"Ammut_EIv1.0_0736250",0,5,1,3,1345,"Carbohydrate metabolism","Reactome"
"Ammut_EIv1.0_0736250",0,5,1,3,1345,"Metabolism and regulation","Reactome"
"Ammut_EIv1.0_0736250",0,5,1,3,1345,"Xyloglucan biosynthesis","Reactome"
"Ammut_EIv1.0_0737850",2,2,2,9,687,"Endocytosis","KEGG"
"Ammut_EIv1.0_0737850",2,2,2,9,687,"Viral life cycle - HIV-1","KEGG"
"Ammut_EIv1.0_0738040",0,1,1,2,834,"Ribosome biogenesis in eukaryotes","KEGG"
"Ammut_EIv1.0_0738180",0,4,1,8,1185,"Proteasome","KEGG"
"Ammut_EIv1.0_0738250",0,2,0,5,1542,"Biosynthesis of secondary metabolites","KEGG"
"Ammut_EIv1.0_0738250",0,2,0,5,1542,"Carbon metabolism","KEGG"
"Ammut_EIv1.0_0738250",0,2,0,5,1542,"Glutathione metabolism","KEGG"
"Ammut_EIv1.0_0738250",0,2,0,5,1542,"Metabolic pathways","KEGG"
"Ammut_EIv1.0_0738250",0,2,0,5,1542,"Pentose phosphate pathway","KEGG"
"Ammut_EIv1.0_0738330",1,4,12,7,1205,"Hormone signaling, transport, and metabolism","Reactome"
"Ammut_EIv1.0_0738330",1,4,12,7,1205,"Metabolism and regulation","Reactome"
"Ammut_EIv1.0_0738330",1,4,12,7,1205,"Salicylic acid signaling","Reactome"
"Ammut_EIv1.0_0738410",0,3,0,1,957,"Amino acid biosynthesis","Reactome"
"Ammut_EIv1.0_0738410",0,3,0,1,957,"Amino acid metabolism","Reactome"
"Ammut_EIv1.0_0738410",0,3,0,1,957,"Biosynthesis of amino acids","KEGG"
"Ammut_EIv1.0_0738410",0,3,0,1,957,"Biosynthesis of secondary metabolites","KEGG"
"Ammut_EIv1.0_0738410",0,3,0,1,957,"Carbon fixation by Calvin cycle","KEGG"
"Ammut_EIv1.0_0738410",0,3,0,1,957,"Carbon metabolism","KEGG"
"Ammut_EIv1.0_0738410",0,3,0,1,957,"Glycolysis / Gluconeogenesis","KEGG"
"Ammut_EIv1.0_0738410",0,3,0,1,957,"Lysine biosynthesis I","Reactome"
"Ammut_EIv1.0_0738410",0,3,0,1,957,"Lysine biosynthesis II","Reactome"
"Ammut_EIv1.0_0738410",0,3,0,1,957,"Metabolic pathways","KEGG"
"Ammut_EIv1.0_0738410",0,3,0,1,957,"Metabolism and regulation","Reactome"
"Ammut_EIv1.0_0739310",1,3,3,8,672,"Nicotinate and nicotinamide metabolism","KEGG"
"Ammut_EIv1.0_0740190",6,2,5,10,1164,"Amine and polyamine biosynthesis","Reactome"
"Ammut_EIv1.0_0740190",6,2,5,10,1164,"Arginine and proline metabolism","KEGG"
"Ammut_EIv1.0_0740190",6,2,5,10,1164,"Biosynthesis of secondary metabolites","KEGG"
"Ammut_EIv1.0_0740190",6,2,5,10,1164,"Cysteine and methionine metabolism","KEGG"
"Ammut_EIv1.0_0740190",6,2,5,10,1164,"Metabolic pathways","KEGG"
"Ammut_EIv1.0_0740190",6,2,5,10,1164,"Metabolism and regulation","Reactome"
"Ammut_EIv1.0_0740190",6,2,5,10,1164,"Spermidine biosynthesis","Reactome"
"Ammut_EIv1.0_0740190",6,2,5,10,1164,"Spermine biosynthesis","Reactome"
"Ammut_EIv1.0_0741810",5,5,6,15,1857,"Biosynthesis of secondary metabolites","KEGG"
"Ammut_EIv1.0_0741810",5,5,6,15,1857,"Cutin, suberine and wax biosynthesis","KEGG"
"Ammut_EIv1.0_0742010",0,3,0,6,1260,"Biosynthesis of secondary metabolites","KEGG"
"Ammut_EIv1.0_0742010",0,3,0,6,1260,"Carbon metabolism","KEGG"
"Ammut_EIv1.0_0742010",0,3,0,6,1260,"Citrate cycle","KEGG"
"Ammut_EIv1.0_0742010",0,3,0,6,1260,"Generation of precursor metabolites and energy","Reactome"
"Ammut_EIv1.0_0742010",0,3,0,6,1260,"Metabolic pathways","KEGG"
"Ammut_EIv1.0_0742010",0,3,0,6,1260,"Metabolism and regulation","Reactome"
"Ammut_EIv1.0_0742010",0,3,0,6,1260,"Propanoate metabolism","KEGG"
"Ammut_EIv1.0_0742010",0,3,0,6,1260,"TCA cycle (plant)","Reactome"
"Ammut_EIv1.0_0742060",2,7,0,6,903,"Glycosylphosphatidylinositol","KEGG"
"Ammut_EIv1.0_0742060",2,7,0,6,903,"Metabolic pathways","KEGG"
"Ammut_EIv1.0_0742130",0,10,0,3,1547,"Aminoacyl-tRNA biosynthesis","KEGG"
"Ammut_EIv1.0_0743080",0,18,1,26,3564,"Nucleocytoplasmic transport","KEGG"
"Ammut_EIv1.0_0743080",0,18,1,26,3564,"mRNA surveillance pathway","KEGG"
"Ammut_EIv1.0_0743340",2,3,3,2,1251,"Protein processing in endoplasmic reticulum","KEGG"
"Ammut_EIv1.0_0743410",2,9,2,6,1020,"Biosynthesis of secondary metabolites","KEGG"
"Ammut_EIv1.0_0743410",2,9,2,6,1020,"Cyanoamino acid metabolism","KEGG"
"Ammut_EIv1.0_0743410",2,9,2,6,1020,"Hormone signaling, transport, and metabolism","Reactome"
"Ammut_EIv1.0_0743410",2,9,2,6,1020,"IAA biosynthesis I","Reactome"
"Ammut_EIv1.0_0743410",2,9,2,6,1020,"Metabolic pathways","KEGG"
"Ammut_EIv1.0_0743410",2,9,2,6,1020,"Metabolism and regulation","Reactome"
"Ammut_EIv1.0_0744450",6,2,0,2,981,"Biosynthesis of cofactors","KEGG"
"Ammut_EIv1.0_0744450",6,2,0,2,981,"Biosynthesis of secondary metabolites","KEGG"
"Ammut_EIv1.0_0744450",6,2,0,2,981,"Cofactor biosyntheses","Reactome"
"Ammut_EIv1.0_0744450",6,2,0,2,981,"Metabolic pathways","KEGG"
"Ammut_EIv1.0_0744450",6,2,0,2,981,"Metabolism and regulation","Reactome"
"Ammut_EIv1.0_0744450",6,2,0,2,981,"Ubiquinone and other terpenoid-quinone biosynthesis","KEGG"
"Ammut_EIv1.0_0744450",6,2,0,2,981,"Vitamin E biosynthesis","Reactome"
"Ammut_EIv1.0_0744700",3,4,5,3,1286,"Lysosome biogenesis","KEGG"
"Ammut_EIv1.0_0745000",9,44,9,18,1450,"Arginine and proline metabolism","KEGG"
"Ammut_EIv1.0_0745000",9,44,9,18,1450,"Ascorbate and aldarate metabolism","KEGG"
"Ammut_EIv1.0_0745000",9,44,9,18,1450,"Biosynthesis of cofactors","KEGG"
"Ammut_EIv1.0_0745000",9,44,9,18,1450,"Biosynthesis of secondary metabolites","KEGG"
"Ammut_EIv1.0_0745000",9,44,9,18,1450,"Fatty acid degradation","KEGG"
"Ammut_EIv1.0_0745000",9,44,9,18,1450,"Glycerolipid metabolism","KEGG"
"Ammut_EIv1.0_0745000",9,44,9,18,1450,"Glycolysis / Gluconeogenesis","KEGG"
"Ammut_EIv1.0_0745000",9,44,9,18,1450,"Histidine metabolism","KEGG"
"Ammut_EIv1.0_0745000",9,44,9,18,1450,"Lysine degradation","KEGG"
"Ammut_EIv1.0_0745000",9,44,9,18,1450,"Metabolic pathways","KEGG"
"Ammut_EIv1.0_0745000",9,44,9,18,1450,"Pantothenate and CoA biosynthesis","KEGG"
"Ammut_EIv1.0_0745000",9,44,9,18,1450,"Pyruvate metabolism","KEGG"
"Ammut_EIv1.0_0745000",9,44,9,18,1450,"Tryptophan metabolism","KEGG"
"Ammut_EIv1.0_0745000",9,44,9,18,1450,"Valine, leucine and isoleucine degradation","KEGG"
"Ammut_EIv1.0_0745000",9,44,9,18,1450,"beta-Alanine metabolism","KEGG"
"Ammut_EIv1.0_0745820",2,5,4,10,2292,"Basal transcription factors","KEGG"
"Ammut_EIv1.0_0745980",9,9,11,8,1824,"Fatty acid and lipid metabolism","Reactome"
"Ammut_EIv1.0_0745980",9,9,11,8,1824,"Metabolic pathways","KEGG"
"Ammut_EIv1.0_0745980",9,9,11,8,1824,"Metabolism and regulation","Reactome"
"Ammut_EIv1.0_0745980",9,9,11,8,1824,"Sphingolipid metabolism","KEGG;Reactome"
"Ammut_EIv1.0_0747280",1,25,0,12,1268,"Protein processing in endoplasmic reticulum","KEGG"
"Ammut_EIv1.0_0748310",0,2,0,7,846,"Basal transcription factors","KEGG"
"Ammut_EIv1.0_0748800",0,14,2,10,1275,"Biosynthesis of secondary metabolites","KEGG"
"Ammut_EIv1.0_0748800",0,14,2,10,1275,"Terpenoid backbone biosynthesis","KEGG"
"Ammut_EIv1.0_0749450",1,1,8,17,1430,"Metabolic pathways","KEGG"
"Ammut_EIv1.0_0749450",1,1,8,17,1430,"N-Glycan biosynthesis","KEGG"
"Ammut_EIv1.0_0750430",4,7,3,5,1197,"Calvin cycle","Reactome"
"Ammut_EIv1.0_0750430",4,7,3,5,1197,"Carbohydrate metabolism","Reactome"
"Ammut_EIv1.0_0750430",4,7,3,5,1197,"Carbon fixation by Calvin cycle","KEGG"
"Ammut_EIv1.0_0750430",4,7,3,5,1197,"Carbon metabolism","KEGG"
"Ammut_EIv1.0_0750430",4,7,3,5,1197,"Metabolic pathways","KEGG"
"Ammut_EIv1.0_0750430",4,7,3,5,1197,"Metabolism and regulation","Reactome"
"Ammut_EIv1.0_0751020",0,7,0,8,824,"Biosynthesis of cofactors","KEGG"
"Ammut_EIv1.0_0751020",0,7,0,8,824,"Biosynthesis of secondary metabolites","KEGG"
"Ammut_EIv1.0_0751020",0,7,0,8,824,"Cofactor biosyntheses","Reactome"
"Ammut_EIv1.0_0751020",0,7,0,8,824,"Metabolic pathways","KEGG"
"Ammut_EIv1.0_0751020",0,7,0,8,824,"Metabolism and regulation","Reactome"
"Ammut_EIv1.0_0751020",0,7,0,8,824,"Ubiquinone and other terpenoid-quinone biosynthesis","KEGG"
"Ammut_EIv1.0_0751020",0,7,0,8,824,"Vitamin E biosynthesis","Reactome"
"Ammut_EIv1.0_0751500",5,22,1,8,1032,"Amino acid biosynthesis","Reactome"
"Ammut_EIv1.0_0751500",5,22,1,8,1032,"Amino acid metabolism","Reactome"
"Ammut_EIv1.0_0751500",5,22,1,8,1032,"Arginine biosynthesis","Reactome"
"Ammut_EIv1.0_0751500",5,22,1,8,1032,"Canavanine biosynthesis","Reactome"
"Ammut_EIv1.0_0751500",5,22,1,8,1032,"Metabolism and regulation","Reactome"
"Ammut_EIv1.0_0751500",5,22,1,8,1032,"Proline biosynthesis V (from arginine)","Reactome"
"Ammut_EIv1.0_0751510",0,19,0,5,639,"Oxidative phosphorylation","KEGG"
"Ammut_EIv1.0_0751570",2,23,0,11,1019,"Gravitropism under normal or artificial gravity environments","Reactome"
"Ammut_EIv1.0_0751570",2,23,0,11,1019,"Responses to stimuli: abiotic stimuli and stresses","Reactome"
"Ammut_EIv1.0_0751570",2,23,0,11,1019,"Root angle formation: elongation and curvature response","Reactome"
"Ammut_EIv1.0_0751570",2,23,0,11,1019,"Root gravitropism","Reactome"
"Ammut_EIv1.0_0751880",4,6,1,3,1862,"Metabolic pathways","KEGG"
"Ammut_EIv1.0_0751880",4,6,1,3,1862,"Nucleotide metabolism","KEGG"
"Ammut_EIv1.0_0751880",4,6,1,3,1862,"Pyrimidine metabolism","KEGG"
"Ammut_EIv1.0_0752030",1,7,2,3,690,"Metabolic pathways","KEGG"
"Ammut_EIv1.0_0752030",1,7,2,3,690,"Oxidative phosphorylation","KEGG"
"Ammut_EIv1.0_0752650",18,50,6,12,2707,"Homologous recombination","KEGG"
"Ammut_EIv1.0_0754210",6,3,2,2,719,"Efferocytosis","KEGG"
"Ammut_EIv1.0_0755740",0,11,0,3,338,"Ribosome biogenesis in eukaryotes","KEGG"
"Ammut_EIv1.0_0756410",3,15,0,9,1098,"mRNA surveillance pathway","KEGG"
"Ammut_EIv1.0_0756610",0,5,0,1,549,"Lysosome biogenesis","KEGG"
"Ammut_EIv1.0_0757250",0,21,1,4,1046,"Alanine, aspartate and glutamate metabolism","KEGG"
"Ammut_EIv1.0_0757250",0,21,1,4,1046,"Arginine biosynthesis","KEGG"
"Ammut_EIv1.0_0757250",0,21,1,4,1046,"Biosynthesis of amino acids","KEGG"
"Ammut_EIv1.0_0757250",0,21,1,4,1046,"Biosynthesis of secondary metabolites","KEGG"
"Ammut_EIv1.0_0757250",0,21,1,4,1046,"Glyoxylate and dicarboxylate metabolism","KEGG"
"Ammut_EIv1.0_0757250",0,21,1,4,1046,"Metabolic pathways","KEGG"
"Ammut_EIv1.0_0757250",0,21,1,4,1046,"Nitrogen metabolism","KEGG"
"Ammut_EIv1.0_0757250",0,21,1,4,1046,"Plant hormone signal transduction","KEGG"
"Ammut_EIv1.0_0757430",2,25,1,8,1125,"Amino acid biosynthesis","Reactome"
"Ammut_EIv1.0_0757430",2,25,1,8,1125,"Amino acid metabolism","Reactome"
"Ammut_EIv1.0_0757430",2,25,1,8,1125,"Beta-alanine biosynthesis III","Reactome"
"Ammut_EIv1.0_0757430",2,25,1,8,1125,"Metabolic pathways","KEGG"
"Ammut_EIv1.0_0757430",2,25,1,8,1125,"Metabolism and regulation","Reactome"
"Ammut_EIv1.0_0757430",2,25,1,8,1125,"Pantothenate and CoA biosynthesis","KEGG"
"Ammut_EIv1.0_0757430",2,25,1,8,1125,"Pyrimidine metabolism","KEGG"
"Ammut_EIv1.0_0757430",2,25,1,8,1125,"beta-Alanine metabolism","KEGG"
"Ammut_EIv1.0_0758810",2,18,1,8,765,"Amino acid biosynthesis","Reactome"
"Ammut_EIv1.0_0758810",2,18,1,8,765,"Amino acid metabolism","Reactome"
"Ammut_EIv1.0_0758810",2,18,1,8,765,"Biosynthesis of amino acids","KEGG"
"Ammut_EIv1.0_0758810",2,18,1,8,765,"Biosynthesis of secondary metabolites","KEGG"
"Ammut_EIv1.0_0758810",2,18,1,8,765,"Chorismate biosynthesis","Reactome"
"Ammut_EIv1.0_0758810",2,18,1,8,765,"Metabolic pathways","KEGG"
"Ammut_EIv1.0_0758810",2,18,1,8,765,"Metabolism and regulation","Reactome"
"Ammut_EIv1.0_0758810",2,18,1,8,765,"Phenylalanine, tyrosine and tryptophan biosynthesis","KEGG"
"Ammut_EIv1.0_0759300",0,9,0,4,902,"Protein export","KEGG"
"Ammut_EIv1.0_0759480",0,21,0,5,1193,"Biosynthesis of secondary metabolites","KEGG"
"Ammut_EIv1.0_0759480",0,21,0,5,1193,"Chlorophyll a biosynthesis II","Reactome"
"Ammut_EIv1.0_0759480",0,21,0,5,1193,"Cofactor biosyntheses","Reactome"
"Ammut_EIv1.0_0759480",0,21,0,5,1193,"Metabolic pathways","KEGG"
"Ammut_EIv1.0_0759480",0,21,0,5,1193,"Metabolism and regulation","Reactome"
"Ammut_EIv1.0_0759480",0,21,0,5,1193,"Phytyl-PP biosynthesis","Reactome"
"Ammut_EIv1.0_0759480",0,21,0,5,1193,"Porphyrin metabolism","KEGG"
"Ammut_EIv1.0_0759480",0,21,0,5,1193,"Secondary metabolism","Reactome"
"Ammut_EIv1.0_0759480",0,21,0,5,1193,"Terpenoid backbone biosynthesis","KEGG"
"Ammut_EIv1.0_0759770",14,82,7,37,3181,"Cofactor biosyntheses","Reactome"
"Ammut_EIv1.0_0759770",14,82,7,37,3181,"Gamma-glutamyl cycle","Reactome"
"Ammut_EIv1.0_0759770",14,82,7,37,3181,"Glutathione metabolism","KEGG"
"Ammut_EIv1.0_0759770",14,82,7,37,3181,"Metabolic pathways","KEGG"
"Ammut_EIv1.0_0759770",14,82,7,37,3181,"Metabolism and regulation","Reactome"
"Ammut_EIv1.0_0760060",18,30,2,11,1586,"Protein processing in endoplasmic reticulum","KEGG"
"Ammut_EIv1.0_0760490",0,18,0,7,1093,"2-Oxocarboxylic acid metabolism","KEGG"
"Ammut_EIv1.0_0760490",0,18,0,7,1093,"Biosynthesis of secondary metabolites","KEGG"
"Ammut_EIv1.0_0760490",0,18,0,7,1093,"Carbon metabolism","KEGG"
"Ammut_EIv1.0_0760490",0,18,0,7,1093,"Citrate cycle","KEGG"
"Ammut_EIv1.0_0760490",0,18,0,7,1093,"Glycolysis / Gluconeogenesis","KEGG"
"Ammut_EIv1.0_0760490",0,18,0,7,1093,"Lipoic acid metabolism","KEGG"
"Ammut_EIv1.0_0760490",0,18,0,7,1093,"Metabolic pathways","KEGG"
"Ammut_EIv1.0_0760490",0,18,0,7,1093,"Pyruvate metabolism","KEGG"
"Ammut_EIv1.0_0760590",2,9,0,4,468,"Biosynthesis of secondary metabolites","KEGG"
"Ammut_EIv1.0_0760590",2,9,0,4,468,"Carbon metabolism","KEGG"
"Ammut_EIv1.0_0760590",2,9,0,4,468,"Glycine, serine and threonine metabolism","KEGG"
"Ammut_EIv1.0_0760590",2,9,0,4,468,"Glyoxylate and dicarboxylate metabolism","KEGG"
"Ammut_EIv1.0_0760590",2,9,0,4,468,"Lipoic acid metabolism","KEGG"
"Ammut_EIv1.0_0760590",2,9,0,4,468,"Metabolic pathways","KEGG"
"Ammut_EIv1.0_0760590",2,9,0,4,468,"Metabolism and regulation","Reactome"
"Ammut_EIv1.0_0760590",2,9,0,4,468,"One carbon pool by folate","KEGG"
"Ammut_EIv1.0_0760590",2,9,0,4,468,"Photorespiration","Reactome"
"Ammut_EIv1.0_0761390",0,7,0,2,528,"mRNA surveillance pathway","KEGG"
"Ammut_EIv1.0_0763350",3,16,3,7,965,"Biosynthesis of secondary metabolites","KEGG"
"Ammut_EIv1.0_0763350",3,16,3,7,965,"Metabolic pathways","KEGG"
"Ammut_EIv1.0_0763350",3,16,3,7,965,"Phenylpropanoid biosynthesis","KEGG"
"Ammut_EIv1.0_0763970",0,30,0,10,1877,"Circadian rhythm","Reactome"
"Ammut_EIv1.0_0763970",0,30,0,10,1877,"Circadian rhythm - plant","KEGG"
"Ammut_EIv1.0_0763970",0,30,0,10,1877,"Ubiquitin mediated proteolysis","KEGG"
"Ammut_EIv1.0_0765180",2,27,0,4,707,"Oxidative phosphorylation","KEGG"
"Ammut_EIv1.0_0766840",3,9,0,3,630,"Biosynthesis of secondary metabolites","KEGG"
"Ammut_EIv1.0_0766840",3,9,0,3,630,"Hormone signaling, transport, and metabolism","Reactome"
"Ammut_EIv1.0_0766840",3,9,0,3,630,"Jasmonic acid biosynthesis","Reactome"
"Ammut_EIv1.0_0766840",3,9,0,3,630,"Metabolic pathways","KEGG"
"Ammut_EIv1.0_0766840",3,9,0,3,630,"Metabolism and regulation","Reactome"
"Ammut_EIv1.0_0766840",3,9,0,3,630,"alpha-Linolenic acid metabolism","KEGG"
"Ammut_EIv1.0_0767780",18,64,5,13,4391,"Motor proteins","KEGG"
"Ammut_EIv1.0_0767880",0,74,0,26,1803,"Endocytosis","KEGG"
"Ammut_EIv1.0_0767880",0,74,0,26,1803,"Protein processing in endoplasmic reticulum","KEGG"
"Ammut_EIv1.0_0767880",0,74,0,26,1803,"Spliceosome","KEGG"
"Ammut_EIv1.0_0768850",25,28,12,21,2004,"Fanconi anemia pathway","KEGG"
"Ammut_EIv1.0_0768850",25,28,12,21,2004,"Homologous recombination","KEGG"
"Ammut_EIv1.0_0769750",22,22,4,5,2338,"Inositol phosphate metabolism","KEGG"
"Ammut_EIv1.0_0769750",22,22,4,5,2338,"Lysosome biogenesis","KEGG"
"Ammut_EIv1.0_0769750",22,22,4,5,2338,"Metabolic pathways","KEGG"
"Ammut_EIv1.0_0770860",0,24,1,5,1186,"Biosynthesis of secondary metabolites","KEGG"
"Ammut_EIv1.0_0770860",0,24,1,5,1186,"Glycerolipid metabolism","KEGG"
"Ammut_EIv1.0_0770860",0,24,1,5,1186,"Glycerophospholipid metabolism","KEGG"
"Ammut_EIv1.0_0770860",0,24,1,5,1186,"Metabolic pathways","KEGG"
"Ammut_EIv1.0_0770860",0,24,1,5,1186,"Phosphatidylinositol signaling system","KEGG"
"Ammut_EIv1.0_0771020",9,38,2,7,1019,"Lysosome biogenesis","KEGG"
"Ammut_EIv1.0_0771490",2,81,2,28,1991,"Biosynthesis of secondary metabolites","KEGG"
"Ammut_EIv1.0_0771490",2,81,2,28,1991,"Carbohydrate metabolism","Reactome"
"Ammut_EIv1.0_0771490",2,81,2,28,1991,"Metabolic pathways","KEGG"
"Ammut_EIv1.0_0771490",2,81,2,28,1991,"Metabolism and regulation","Reactome"
"Ammut_EIv1.0_0771490",2,81,2,28,1991,"Starch and sucrose metabolism","KEGG"
"Ammut_EIv1.0_0771490",2,81,2,28,1991,"Trehalose biosynthesis I","Reactome"
"Ammut_EIv1.0_0771950",0,27,2,12,1180,"Amino sugar and nucleotide sugar metabolism","KEGG"
"Ammut_EIv1.0_0771950",0,27,2,12,1180,"Ascorbate and aldarate metabolism","KEGG"
"Ammut_EIv1.0_0771950",0,27,2,12,1180,"Biosynthesis of cofactors","KEGG"
"Ammut_EIv1.0_0771950",0,27,2,12,1180,"Biosynthesis of nucleotide sugars","KEGG"
"Ammut_EIv1.0_0771950",0,27,2,12,1180,"Carbohydrate metabolism","Reactome"
"Ammut_EIv1.0_0771950",0,27,2,12,1180,"GDP-D-rhamnose biosynthesis","Reactome"
"Ammut_EIv1.0_0771950",0,27,2,12,1180,"GDP-L-fucose biosynthesis I (from GDP-D-mannose)","Reactome"
"Ammut_EIv1.0_0771950",0,27,2,12,1180,"Metabolic pathways","KEGG"
"Ammut_EIv1.0_0771950",0,27,2,12,1180,"Metabolism and regulation","Reactome"
"Ammut_EIv1.0_0773600",0,4,0,7,718,"RNA degradation","KEGG"
"Ammut_EIv1.0_0774130",1,66,1,11,1925,"Activation of pre-replication complex","Reactome"
"Ammut_EIv1.0_0774130",1,66,1,11,1925,"Assembly of pre-replication complex","Reactome"
"Ammut_EIv1.0_0774130",1,66,1,11,1925,"Cell cycle","Reactome"
"Ammut_EIv1.0_0774130",1,66,1,11,1925,"Cellular processes","Reactome"
"Ammut_EIv1.0_0774130",1,66,1,11,1925,"DNA replication","KEGG"
"Ammut_EIv1.0_0774130",1,66,1,11,1925,"DNA replication Initiation","Reactome"
"Ammut_EIv1.0_0774130",1,66,1,11,1925,"G1/S transition","Reactome"
"Ammut_EIv1.0_0774130",1,66,1,11,1925,"Mitosis","Reactome"
"Ammut_EIv1.0_0774130",1,66,1,11,1925,"S phase","Reactome"
"Ammut_EIv1.0_0774130",1,66,1,11,1925,"Synthesis of DNA","Reactome"
"Ammut_EIv1.0_0778220",7,60,0,13,1280,"Amino acid biosynthesis","Reactome"
"Ammut_EIv1.0_0778220",7,60,0,13,1280,"Amino acid metabolism","Reactome"
"Ammut_EIv1.0_0778220",7,60,0,13,1280,"Glycine betaine biosynthesis III","Reactome"
"Ammut_EIv1.0_0778220",7,60,0,13,1280,"Glycine, serine and threonine metabolism","KEGG"
"Ammut_EIv1.0_0778220",7,60,0,13,1280,"Metabolic pathways","KEGG"
"Ammut_EIv1.0_0778220",7,60,0,13,1280,"Metabolism and regulation","Reactome"
"Ammut_EIv1.0_0778220",7,60,0,13,1280,"One carbon pool by folate","KEGG"
"Ammut_EIv1.0_0780070",11,35,0,14,869,"RNA degradation","KEGG"
"Ammut_EIv1.0_0783640",2,8,2,3,1071,"Bacterial invasion of epithelial cells","KEGG"
"Ammut_EIv1.0_0783640",2,8,2,3,1071,"Cadherin signaling","KEGG"
"Ammut_EIv1.0_0783640",2,8,2,3,1071,"Endocytosis","KEGG"
"Ammut_EIv1.0_0783640",2,8,2,3,1071,"IgSF CAM signaling","KEGG"
"Ammut_EIv1.0_0783760",7,38,3,10,1137,"Biosynthesis of secondary metabolites","KEGG"
"Ammut_EIv1.0_0783760",7,38,3,10,1137,"Biosynthesis of unsaturated fatty acids","KEGG"
"Ammut_EIv1.0_0783760",7,38,3,10,1137,"Fatty acid degradation","KEGG"
"Ammut_EIv1.0_0783760",7,38,3,10,1137,"Fatty acid metabolism","KEGG"
"Ammut_EIv1.0_0783760",7,38,3,10,1137,"Metabolic pathways","KEGG"
"Ammut_EIv1.0_0783760",7,38,3,10,1137,"Peroxisome","KEGG"
"Ammut_EIv1.0_0783760",7,38,3,10,1137,"Valine, leucine and isoleucine degradation","KEGG"
"Ammut_EIv1.0_0783760",7,38,3,10,1137,"alpha-Linolenic acid metabolism","KEGG"
"Ammut_EIv1.0_0784050",13,55,7,12,1863,"Metabolism and regulation","Reactome"
"Ammut_EIv1.0_0784050",13,55,7,12,1863,"Phytic acid biosynthesis","Reactome"
"Ammut_EIv1.0_0784050",13,55,7,12,1863,"Phytic acid biosynthesis (lipid-independent)","Reactome"
"Ammut_EIv1.0_0784050",13,55,7,12,1863,"Secondary metabolism","Reactome"
"Ammut_EIv1.0_0785510",4,29,2,11,990,"ATP-dependent chromatin remodeling","KEGG"
"Ammut_EIv1.0_0786480",3,70,4,12,2408,"Endocytosis","KEGG"
"Ammut_EIv1.0_0786480",3,70,4,12,2408,"Inositol phosphate metabolism","KEGG"
"Ammut_EIv1.0_0786480",3,70,4,12,2408,"Metabolic pathways","KEGG"
"Ammut_EIv1.0_0786480",3,70,4,12,2408,"Phosphatidylinositol signaling system","KEGG"
"Ammut_EIv1.0_0788330",7,56,7,11,1104,"Ascorbate and aldarate metabolism","KEGG"
"Ammut_EIv1.0_0788330",7,56,7,11,1104,"Glutathione metabolism","KEGG"
"Ammut_EIv1.0_0788330",7,56,7,11,1104,"Metabolic pathways","KEGG"
"Ammut_EIv1.0_0788980",0,28,6,21,1075,"Biosynthesis of secondary metabolites","KEGG"
"Ammut_EIv1.0_0788980",0,28,6,21,1075,"Fatty acid elongation","KEGG"
"Ammut_EIv1.0_0788980",0,28,6,21,1075,"Metabolic pathways","KEGG"
"Ammut_EIv1.0_0788980",0,28,6,21,1075,"Plant-pathogen interaction","KEGG"
"Ammut_EIv1.0_0795160",3,13,0,4,519,"Ribosome","KEGG"
"Ammut_EIv1.0_0795240",11,40,3,6,1510,"2-Oxocarboxylic acid metabolism","KEGG"
"Ammut_EIv1.0_0795240",11,40,3,6,1510,"Biosynthesis of secondary metabolites","KEGG"
"Ammut_EIv1.0_0795240",11,40,3,6,1510,"Carbon metabolism","KEGG"
"Ammut_EIv1.0_0795240",11,40,3,6,1510,"Citrate cycle","KEGG"
"Ammut_EIv1.0_0795240",11,40,3,6,1510,"Glycolysis / Gluconeogenesis","KEGG"
"Ammut_EIv1.0_0795240",11,40,3,6,1510,"Lipoic acid metabolism","KEGG"
"Ammut_EIv1.0_0795240",11,40,3,6,1510,"Metabolic pathways","KEGG"
"Ammut_EIv1.0_0795240",11,40,3,6,1510,"Pyruvate metabolism","KEGG"
"Ammut_EIv1.0_0799000",2,25,0,5,697,"Amino acid metabolism","Reactome"
"Ammut_EIv1.0_0799000",2,25,0,5,697,"Cysteine and methionine metabolism","KEGG"
"Ammut_EIv1.0_0799000",2,25,0,5,697,"Metabolic pathways","KEGG"
"Ammut_EIv1.0_0799000",2,25,0,5,697,"Metabolism and regulation","Reactome"
"Ammut_EIv1.0_0799000",2,25,0,5,697,"Methionine salvage pathway","Reactome"
"Ammut_EIv1.0_0799200",3,114,1,22,2788,"Carbohydrate metabolism","Reactome"
"Ammut_EIv1.0_0799200",3,114,1,22,2788,"Cellulose biosynthesis","Reactome"
"Ammut_EIv1.0_0799200",3,114,1,22,2788,"Metabolism and regulation","Reactome"
"Ammut_EIv1.0_0804650",2,16,0,5,734,"SNARE interactions in vesicular transport","KEGG"
"Ammut_EIv1.0_0810250",3,11,1,0,792,"Proteasome","KEGG"
"Ammut_EIv1.0_0811600",0,31,1,6,1334,"Biosynthesis of secondary metabolites","KEGG"
"Ammut_EIv1.0_0811600",0,31,1,6,1334,"Carbohydrate metabolism","Reactome"
"Ammut_EIv1.0_0811600",0,31,1,6,1334,"Gravitropism under normal or artificial gravity environments","Reactome"
"Ammut_EIv1.0_0811600",0,31,1,6,1334,"Growth and developmental processes","Reactome"
"Ammut_EIv1.0_0811600",0,31,1,6,1334,"Metabolic pathways","KEGG"
"Ammut_EIv1.0_0811600",0,31,1,6,1334,"Metabolism and regulation","Reactome"
"Ammut_EIv1.0_0811600",0,31,1,6,1334,"Regulatory network of nutrient accumulation","Reactome"
"Ammut_EIv1.0_0811600",0,31,1,6,1334,"Reproductive structure development","Reactome"
"Ammut_EIv1.0_0811600",0,31,1,6,1334,"Responses to stimuli: abiotic stimuli and stresses","Reactome"
"Ammut_EIv1.0_0811600",0,31,1,6,1334,"Root gravitropism","Reactome"
"Ammut_EIv1.0_0811600",0,31,1,6,1334,"Seed development","Reactome"
"Ammut_EIv1.0_0811600",0,31,1,6,1334,"Starch and sucrose metabolism","KEGG"
"Ammut_EIv1.0_0811600",0,31,1,6,1334,"Starch biosynthesis","Reactome"
"Ammut_EIv1.0_0811960",2,56,2,14,1924,"Biosynthesis of amino acids","KEGG"
"Ammut_EIv1.0_0811960",2,56,2,14,1924,"Biosynthesis of secondary metabolites","KEGG"
"Ammut_EIv1.0_0811960",2,56,2,14,1924,"Calvin cycle","Reactome"
"Ammut_EIv1.0_0811960",2,56,2,14,1924,"Carbohydrate metabolism","Reactome"
"Ammut_EIv1.0_0811960",2,56,2,14,1924,"Carbon fixation by Calvin cycle","KEGG"
"Ammut_EIv1.0_0811960",2,56,2,14,1924,"Carbon metabolism","KEGG"
"Ammut_EIv1.0_0811960",2,56,2,14,1924,"Metabolic pathways","KEGG"
"Ammut_EIv1.0_0811960",2,56,2,14,1924,"Metabolism and regulation","Reactome"
"Ammut_EIv1.0_0811960",2,56,2,14,1924,"Pentose phosphate pathway","KEGG"
"Ammut_EIv1.0_0812250",0,9,0,3,378,"Ribosome","KEGG"
"Ammut_EIv1.0_0814490",3,61,0,23,1273,"Biosynthesis of amino acids","KEGG"
"Ammut_EIv1.0_0814490",3,61,0,23,1273,"Biosynthesis of secondary metabolites","KEGG"
"Ammut_EIv1.0_0814490",3,61,0,23,1273,"Carbon metabolism","KEGG"
"Ammut_EIv1.0_0814490",3,61,0,23,1273,"Cytoskeleton in muscle cells","KEGG"
"Ammut_EIv1.0_0814490",3,61,0,23,1273,"Glycolysis / Gluconeogenesis","KEGG"
"Ammut_EIv1.0_0814490",3,61,0,23,1273,"Metabolic pathways","KEGG"
"Ammut_EIv1.0_0814490",3,61,0,23,1273,"RNA degradation","KEGG"
"Ammut_EIv1.0_0814710",0,29,2,23,717,"ATP-dependent chromatin remodeling","KEGG"
"Ammut_EIv1.0_0818280",3,61,1,18,1177,"Spliceosome","KEGG"
"Ammut_EIv1.0_0818330",5,42,1,11,1267,"Fatty acid biosynthesis","KEGG"
"Ammut_EIv1.0_0818330",5,42,1,11,1267,"Fatty acid metabolism","KEGG"
"Ammut_EIv1.0_0818330",5,42,1,11,1267,"Metabolic pathways","KEGG"
"Ammut_EIv1.0_0820720",6,64,1,15,1433,"Metabolic pathways","KEGG"
"Ammut_EIv1.0_0820720",6,64,1,15,1433,"Valine, leucine and isoleucine degradation","KEGG"
"Ammut_EIv1.0_0821980",25,30,11,13,1090,"Biosynthesis of secondary metabolites","KEGG"
"Ammut_EIv1.0_0821980",25,30,11,13,1090,"Fatty acid elongation","KEGG"
"Ammut_EIv1.0_0821980",25,30,11,13,1090,"Metabolic pathways","KEGG"
"Ammut_EIv1.0_0821980",25,30,11,13,1090,"Plant-pathogen interaction","KEGG"
"Ammut_EIv1.0_0822910",2,23,1,4,782,"Proteasome","KEGG"
"Ammut_EIv1.0_0825660",8,32,5,10,1044,"Anther and pollen development","Reactome"
"Ammut_EIv1.0_0825660",8,32,5,10,1044,"Growth and developmental processes","Reactome"
"Ammut_EIv1.0_0825660",8,32,5,10,1044,"Reproductive structure development","Reactome"
"Ammut_EIv1.0_0825770",2,18,0,2,539,"Ribosome biogenesis in eukaryotes","KEGG"
"Ammut_EIv1.0_0826460",3,29,1,11,1644,"Biosynthesis of secondary metabolites","KEGG"
"Ammut_EIv1.0_0826460",3,29,1,11,1644,"Carbohydrate metabolism","Reactome"
"Ammut_EIv1.0_0826460",3,29,1,11,1644,"Gravitropism under normal or artificial gravity environments","Reactome"
"Ammut_EIv1.0_0826460",3,29,1,11,1644,"Growth and developmental processes","Reactome"
"Ammut_EIv1.0_0826460",3,29,1,11,1644,"Metabolic pathways","KEGG"
"Ammut_EIv1.0_0826460",3,29,1,11,1644,"Metabolism and regulation","Reactome"
"Ammut_EIv1.0_0826460",3,29,1,11,1644,"Regulatory network of nutrient accumulation","Reactome"
"Ammut_EIv1.0_0826460",3,29,1,11,1644,"Reproductive structure development","Reactome"
"Ammut_EIv1.0_0826460",3,29,1,11,1644,"Responses to stimuli: abiotic stimuli and stresses","Reactome"
"Ammut_EIv1.0_0826460",3,29,1,11,1644,"Root gravitropism","Reactome"
"Ammut_EIv1.0_0826460",3,29,1,11,1644,"Seed development","Reactome"
"Ammut_EIv1.0_0826460",3,29,1,11,1644,"Starch and sucrose metabolism","KEGG"
"Ammut_EIv1.0_0826460",3,29,1,11,1644,"Starch biosynthesis","Reactome"
"Ammut_EIv1.0_0827880",12,77,6,33,1327,"Biosynthesis of cofactors","KEGG"
"Ammut_EIv1.0_0827880",12,77,6,33,1327,"Biosynthesis of secondary metabolites","KEGG"
"Ammut_EIv1.0_0827880",12,77,6,33,1327,"Metabolic pathways","KEGG"
"Ammut_EIv1.0_0827880",12,77,6,33,1327,"Porphyrin metabolism","KEGG"
"Ammut_EIv1.0_0828890",13,30,3,10,2610,"Lysine degradation","KEGG"
"Ammut_EIv1.0_0828890",13,30,3,10,2610,"Metabolic pathways","KEGG"
"Ammut_EIv1.0_0828890",13,30,3,10,2610,"Polycomb repressive complex","KEGG"
"Ammut_EIv1.0_0829520",1,12,1,3,744,"Proteasome","KEGG"
"Ammut_EIv1.0_0834560",8,31,1,18,3840,"ATP-dependent chromatin remodeling","KEGG"
"Ammut_EIv1.0_0835860",12,27,6,9,1813,"Activation of pre-replication complex","Reactome"
"Ammut_EIv1.0_0835860",12,27,6,9,1813,"Assembly of pre-replication complex","Reactome"
"Ammut_EIv1.0_0835860",12,27,6,9,1813,"Cell cycle","Reactome"
"Ammut_EIv1.0_0835860",12,27,6,9,1813,"Cellular processes","Reactome"
"Ammut_EIv1.0_0835860",12,27,6,9,1813,"G1/S transition","Reactome"
"Ammut_EIv1.0_0835860",12,27,6,9,1813,"Mitosis","Reactome"
"Ammut_EIv1.0_0836060",9,74,3,20,2087,"Plant hormone signal transduction","KEGG"
"Ammut_EIv1.0_0836060",9,74,3,20,2087,"Plant-pathogen interaction","KEGG"
"Ammut_EIv1.0_0837320",2,15,0,3,723,"Protein processing in endoplasmic reticulum","KEGG"
"Ammut_EIv1.0_0837320",2,15,0,3,723,"Ubiquitin mediated proteolysis","KEGG"
"Ammut_EIv1.0_0838450",3,22,7,33,2373,"Biosynthesis of secondary metabolites","KEGG"
"Ammut_EIv1.0_0838450",3,22,7,33,2373,"Carbohydrate metabolism","Reactome"
"Ammut_EIv1.0_0838450",3,22,7,33,2373,"Galactose degradation II","Reactome"
"Ammut_EIv1.0_0838450",3,22,7,33,2373,"Metabolic pathways","KEGG"
"Ammut_EIv1.0_0838450",3,22,7,33,2373,"Metabolism and regulation","Reactome"
"Ammut_EIv1.0_0838450",3,22,7,33,2373,"Starch and sucrose metabolism","KEGG"
"Ammut_EIv1.0_0838450",3,22,7,33,2373,"Sucrose biosynthesis","Reactome"
"Ammut_EIv1.0_0838500",5,10,3,4,2358,"Inositol phosphate metabolism","KEGG"
"Ammut_EIv1.0_0838500",5,10,3,4,2358,"Lysosome biogenesis","KEGG"
"Ammut_EIv1.0_0838500",5,10,3,4,2358,"Metabolic pathways","KEGG"
"Ammut_EIv1.0_0839060",0,15,1,2,1161,"Biosynthesis of cofactors","KEGG"
"Ammut_EIv1.0_0839060",0,15,1,2,1161,"Biotin metabolism","KEGG"
"Ammut_EIv1.0_0839060",0,15,1,2,1161,"Fatty acid biosynthesis","KEGG"
"Ammut_EIv1.0_0839060",0,15,1,2,1161,"Fatty acid metabolism","KEGG"
"Ammut_EIv1.0_0839060",0,15,1,2,1161,"Metabolic pathways","KEGG"
"Ammut_EIv1.0_0839310",2,9,0,1,471,"Protein export","KEGG"
"Ammut_EIv1.0_0840760",13,25,8,12,1835,"Biosynthesis of cofactors","KEGG"
"Ammut_EIv1.0_0840760",13,25,8,12,1835,"Metabolic pathways","KEGG"
"Ammut_EIv1.0_0840760",13,25,8,12,1835,"Pantothenate and CoA biosynthesis","KEGG"
"Ammut_EIv1.0_0841470",0,8,0,2,825,"Lysosome biogenesis","KEGG"
"Ammut_EIv1.0_0843080",0,3,0,1,627,"mRNA surveillance pathway","KEGG"
"Ammut_EIv1.0_0845930",2,7,2,5,1062,"Amino sugar and nucleotide sugar metabolism","KEGG"
"Ammut_EIv1.0_0845930",2,7,2,5,1062,"Biosynthesis of nucleotide sugars","KEGG"
"Ammut_EIv1.0_0845930",2,7,2,5,1062,"Biosynthesis of secondary metabolites","KEGG"
"Ammut_EIv1.0_0845930",2,7,2,5,1062,"Fructose and mannose metabolism","KEGG"
"Ammut_EIv1.0_0845930",2,7,2,5,1062,"Metabolic pathways","KEGG"
"Ammut_EIv1.0_0845930",2,7,2,5,1062,"Starch and sucrose metabolism","KEGG"
"Ammut_EIv1.0_0845960",1,2,0,1,549,"Ascorbate and aldarate metabolism","KEGG"
"Ammut_EIv1.0_0845960",1,2,0,1,549,"Glutathione metabolism","KEGG"
"Ammut_EIv1.0_0845960",1,2,0,1,549,"Metabolic pathways","KEGG"
"Ammut_EIv1.0_0846190",3,9,0,6,609,"Bacterial invasion of epithelial cells","KEGG"
"Ammut_EIv1.0_0846190",3,9,0,6,609,"Cadherin signaling","KEGG"
"Ammut_EIv1.0_0846190",3,9,0,6,609,"Efferocytosis","KEGG"
"Ammut_EIv1.0_0846190",3,9,0,6,609,"IgSF CAM signaling","KEGG"
"Ammut_EIv1.0_0846190",3,9,0,6,609,"Integrin signaling","KEGG"
"Ammut_EIv1.0_0846190",3,9,0,6,609,"Phagosome","KEGG"
"Ammut_EIv1.0_0846190",3,9,0,6,609,"Toll-like receptor signaling pathway","KEGG"
"Ammut_EIv1.0_0847710",6,39,3,21,3108,"Metabolic pathways","KEGG"
"Ammut_EIv1.0_0847710",6,39,3,21,3108,"N-Glycan biosynthesis","KEGG"
"Ammut_EIv1.0_0847710",6,39,3,21,3108,"Various types of N-glycan biosynthesis","KEGG"
"Ammut_EIv1.0_0847920",6,36,1,12,2230,"Bacterial invasion of epithelial cells","KEGG"
"Ammut_EIv1.0_0847920",6,36,1,12,2230,"Endocytosis","KEGG"
"Ammut_EIv1.0_0849420",7,10,5,13,3872,"Calvin cycle","Reactome"
"Ammut_EIv1.0_0849420",7,10,5,13,3872,"Carbohydrate metabolism","Reactome"
"Ammut_EIv1.0_0849420",7,10,5,13,3872,"Metabolism and regulation","Reactome"
"Ammut_EIv1.0_0849430",38,44,5,18,4800,"Inositol phosphate metabolism","KEGG"
"Ammut_EIv1.0_0849430",38,44,5,18,4800,"Lysosome biogenesis","KEGG"
"Ammut_EIv1.0_0849430",38,44,5,18,4800,"Metabolic pathways","KEGG"
"Ammut_EIv1.0_0849430",38,44,5,18,4800,"Phagosome","KEGG"
"Ammut_EIv1.0_0849430",38,44,5,18,4800,"Phosphatidylinositol signaling system","KEGG"
"Ammut_EIv1.0_0849570",33,33,9,13,1362,"Biosynthesis of secondary metabolites","KEGG"
"Ammut_EIv1.0_0849570",33,33,9,13,1362,"Fatty acid elongation","KEGG"
"Ammut_EIv1.0_0849570",33,33,9,13,1362,"Metabolic pathways","KEGG"
"Ammut_EIv1.0_0849570",33,33,9,13,1362,"Plant-pathogen interaction","KEGG"
"Ammut_EIv1.0_0850420",0,6,1,13,1620,"Arginine and proline metabolism","KEGG"
"Ammut_EIv1.0_0850420",0,6,1,13,1620,"Ascorbate and aldarate metabolism","KEGG"
"Ammut_EIv1.0_0850420",0,6,1,13,1620,"Biosynthesis of cofactors","KEGG"
"Ammut_EIv1.0_0850420",0,6,1,13,1620,"Biosynthesis of secondary metabolites","KEGG"
"Ammut_EIv1.0_0850420",0,6,1,13,1620,"Fatty acid degradation","KEGG"
"Ammut_EIv1.0_0850420",0,6,1,13,1620,"Glycerolipid metabolism","KEGG"
"Ammut_EIv1.0_0850420",0,6,1,13,1620,"Glycolysis / Gluconeogenesis","KEGG"
"Ammut_EIv1.0_0850420",0,6,1,13,1620,"Histidine metabolism","KEGG"
"Ammut_EIv1.0_0850420",0,6,1,13,1620,"Lysine degradation","KEGG"
"Ammut_EIv1.0_0850420",0,6,1,13,1620,"Metabolic pathways","KEGG"
"Ammut_EIv1.0_0850420",0,6,1,13,1620,"Pantothenate and CoA biosynthesis","KEGG"
"Ammut_EIv1.0_0850420",0,6,1,13,1620,"Pyruvate metabolism","KEGG"
"Ammut_EIv1.0_0850420",0,6,1,13,1620,"Tryptophan metabolism","KEGG"
"Ammut_EIv1.0_0850420",0,6,1,13,1620,"Valine, leucine and isoleucine degradation","KEGG"
"Ammut_EIv1.0_0850420",0,6,1,13,1620,"beta-Alanine metabolism","KEGG"
"Ammut_EIv1.0_0853490",4,6,4,3,1452,"Protein processing in endoplasmic reticulum","KEGG"
"Ammut_EIv1.0_0853490",4,6,4,3,1452,"Ubiquitin mediated proteolysis","KEGG"
"Ammut_EIv1.0_0854870",0,21,1,11,1095,"Cofactor biosyntheses","Reactome"
"Ammut_EIv1.0_0854870",0,21,1,11,1095,"Metabolism and regulation","Reactome"
"Ammut_EIv1.0_0854870",0,21,1,11,1095,"Pantothenate and coenzyme A biosynthesis III","Reactome"
"Ammut_EIv1.0_0855030",2,7,2,8,1761,"Biosynthesis of secondary metabolites","KEGG"
"Ammut_EIv1.0_0855030",2,7,2,8,1761,"Fructose and mannose metabolism","KEGG"
"Ammut_EIv1.0_0855030",2,7,2,8,1761,"Glycolysis / Gluconeogenesis","KEGG"
"Ammut_EIv1.0_0855030",2,7,2,8,1761,"Metabolic pathways","KEGG"
"Ammut_EIv1.0_0855030",2,7,2,8,1761,"Pentose phosphate pathway","KEGG"
"Ammut_EIv1.0_0856250",44,72,52,48,2025,"Sesquiterpenoid and triterpenoid biosynthesis","KEGG"
"Ammut_EIv1.0_0857090",0,29,12,18,2455,"MAPK signaling pathway - plant","KEGG"
"Ammut_EIv1.0_0857900",3,12,2,7,1203,"2-Oxocarboxylic acid metabolism","KEGG"
"Ammut_EIv1.0_0857900",3,12,2,7,1203,"Alanine, aspartate and glutamate metabolism","KEGG"
"Ammut_EIv1.0_0857900",3,12,2,7,1203,"Biosynthesis of secondary metabolites","KEGG"
"Ammut_EIv1.0_0857900",3,12,2,7,1203,"Carbon metabolism","KEGG"
"Ammut_EIv1.0_0857900",3,12,2,7,1203,"Glycine, serine and threonine metabolism","KEGG"
"Ammut_EIv1.0_0857900",3,12,2,7,1203,"Glyoxylate and dicarboxylate metabolism","KEGG"
"Ammut_EIv1.0_0857900",3,12,2,7,1203,"Metabolic pathways","KEGG"
"Ammut_EIv1.0_0857900",3,12,2,7,1203,"Metabolism and regulation","Reactome"
"Ammut_EIv1.0_0857900",3,12,2,7,1203,"Peroxisome","KEGG"
"Ammut_EIv1.0_0857900",3,12,2,7,1203,"Photorespiration","Reactome"
"Ammut_EIv1.0_0858310",0,5,0,6,366,"Ribosome","KEGG"
"Ammut_EIv1.0_0862170",0,5,0,0,513,"Ribosome","KEGG"
"Ammut_EIv1.0_0862220",6,15,2,5,1191,"Metabolic pathways","KEGG"
"Ammut_EIv1.0_0862220",6,15,2,5,1191,"Sulfur metabolism","KEGG"
"Ammut_EIv1.0_0862410",0,2,0,6,1413,"Biosynthesis of cofactors","KEGG"
"Ammut_EIv1.0_0862410",0,2,0,6,1413,"Biosynthesis of secondary metabolites","KEGG"
"Ammut_EIv1.0_0862410",0,2,0,6,1413,"Cofactor biosyntheses","Reactome"
"Ammut_EIv1.0_0862410",0,2,0,6,1413,"Metabolic pathways","KEGG"
"Ammut_EIv1.0_0862410",0,2,0,6,1413,"Metabolism and regulation","Reactome"
"Ammut_EIv1.0_0862410",0,2,0,6,1413,"Porphyrin metabolism","KEGG"
"Ammut_EIv1.0_0862410",0,2,0,6,1413,"Tetrapyrrole biosynthesis I","Reactome"
"Ammut_EIv1.0_0862910",0,2,0,4,1089,"2-Oxocarboxylic acid metabolism","KEGG"
"Ammut_EIv1.0_0862910",0,2,0,4,1089,"Biosynthesis of secondary metabolites","KEGG"
"Ammut_EIv1.0_0862910",0,2,0,4,1089,"Carbon metabolism","KEGG"
"Ammut_EIv1.0_0862910",0,2,0,4,1089,"Citrate cycle","KEGG"
"Ammut_EIv1.0_0862910",0,2,0,4,1089,"Glycolysis / Gluconeogenesis","KEGG"
"Ammut_EIv1.0_0862910",0,2,0,4,1089,"Lipoic acid metabolism","KEGG"
"Ammut_EIv1.0_0862910",0,2,0,4,1089,"Metabolic pathways","KEGG"
"Ammut_EIv1.0_0862910",0,2,0,4,1089,"Pyruvate metabolism","KEGG"
"Ammut_EIv1.0_0863060",0,6,5,19,2469,"Endocytosis","KEGG"
"Ammut_EIv1.0_0863630",3,9,5,5,1082,"Plant-pathogen interaction","KEGG"
"Ammut_EIv1.0_0865160",2,2,1,6,873,"Ascorbate and aldarate metabolism","KEGG"
"Ammut_EIv1.0_0865160",2,2,1,6,873,"Detoxification","Reactome"
"Ammut_EIv1.0_0865160",2,2,1,6,873,"Glutathione metabolism","KEGG"
"Ammut_EIv1.0_0865160",2,2,1,6,873,"Gravitropism under normal or artificial gravity environments","Reactome"
"Ammut_EIv1.0_0865160",2,2,1,6,873,"Metabolic pathways","KEGG"
"Ammut_EIv1.0_0865160",2,2,1,6,873,"Metabolism and regulation","Reactome"
"Ammut_EIv1.0_0865160",2,2,1,6,873,"Reactive oxygen species (ROS) homeostasis","Reactome"
"Ammut_EIv1.0_0865160",2,2,1,6,873,"Removal of superoxide radicals","Reactome"
"Ammut_EIv1.0_0865160",2,2,1,6,873,"Responses to stimuli: abiotic stimuli and stresses","Reactome"
"Ammut_EIv1.0_0865160",2,2,1,6,873,"Root angle formation: elongation and curvature response","Reactome"
"Ammut_EIv1.0_0865160",2,2,1,6,873,"Root gravitropism","Reactome"
"Ammut_EIv1.0_0866940",3,3,5,19,2921,"Motor proteins","KEGG"
"Ammut_EIv1.0_0867060",0,2,3,4,1497,"Biosynthesis of secondary metabolites","KEGG"
"Ammut_EIv1.0_0867060",0,2,3,4,1497,"Cutin, suberine and wax biosynthesis","KEGG"
"Ammut_EIv1.0_0867060",0,2,3,4,1497,"Peroxisome","KEGG"
"Ammut_EIv1.0_0870610",0,2,0,2,1263,"Amino sugar and nucleotide sugar metabolism","KEGG"
"Ammut_EIv1.0_0870610",0,2,0,2,1263,"Biosynthesis of nucleotide sugars","KEGG"
"Ammut_EIv1.0_0870610",0,2,0,2,1263,"Biosynthesis of secondary metabolites","KEGG"
"Ammut_EIv1.0_0870610",0,2,0,2,1263,"Carbohydrate metabolism","Reactome"
"Ammut_EIv1.0_0870610",0,2,0,2,1263,"Gravitropism under normal or artificial gravity environments","Reactome"
"Ammut_EIv1.0_0870610",0,2,0,2,1263,"Growth and developmental processes","Reactome"
"Ammut_EIv1.0_0870610",0,2,0,2,1263,"Metabolic pathways","KEGG"
"Ammut_EIv1.0_0870610",0,2,0,2,1263,"Metabolism and regulation","Reactome"
"Ammut_EIv1.0_0870610",0,2,0,2,1263,"Regulatory network of nutrient accumulation","Reactome"
"Ammut_EIv1.0_0870610",0,2,0,2,1263,"Reproductive structure development","Reactome"
"Ammut_EIv1.0_0870610",0,2,0,2,1263,"Responses to stimuli: abiotic stimuli and stresses","Reactome"
"Ammut_EIv1.0_0870610",0,2,0,2,1263,"Root gravitropism","Reactome"
"Ammut_EIv1.0_0870610",0,2,0,2,1263,"Seed development","Reactome"
"Ammut_EIv1.0_0870610",0,2,0,2,1263,"Starch and sucrose metabolism","KEGG"
"Ammut_EIv1.0_0870610",0,2,0,2,1263,"Starch biosynthesis","Reactome"
"Ammut_EIv1.0_0872390",0,5,9,12,4921,"Inositol phosphate metabolism","KEGG"
"Ammut_EIv1.0_0872390",0,5,9,12,4921,"Lysosome biogenesis","KEGG"
"Ammut_EIv1.0_0872390",0,5,9,12,4921,"Metabolic pathways","KEGG"
"Ammut_EIv1.0_0872390",0,5,9,12,4921,"Phagosome","KEGG"
"Ammut_EIv1.0_0872390",0,5,9,12,4921,"Phosphatidylinositol signaling system","KEGG"
"Ammut_EIv1.0_0874150",1,1,0,7,3414,"Brassinosteroid signaling","Reactome"
"Ammut_EIv1.0_0874150",1,1,0,7,3414,"Gravitropism under normal or artificial gravity environments","Reactome"
"Ammut_EIv1.0_0874150",1,1,0,7,3414,"Growth and developmental processes","Reactome"
"Ammut_EIv1.0_0874150",1,1,0,7,3414,"Hormone signaling, transport, and metabolism","Reactome"
"Ammut_EIv1.0_0874150",1,1,0,7,3414,"Jasmonic acid signaling","Reactome"
"Ammut_EIv1.0_0874150",1,1,0,7,3414,"Metabolism and regulation","Reactome"
"Ammut_EIv1.0_0874150",1,1,0,7,3414,"Regulation of seed size","Reactome"
"Ammut_EIv1.0_0874150",1,1,0,7,3414,"Reproductive meristem phase change","Reactome"
"Ammut_EIv1.0_0874150",1,1,0,7,3414,"Reproductive structure development","Reactome"
"Ammut_EIv1.0_0874150",1,1,0,7,3414,"Responses to stimuli: abiotic stimuli and stresses","Reactome"
"Ammut_EIv1.0_0874150",1,1,0,7,3414,"Seed development","Reactome"
"Ammut_EIv1.0_0874150",1,1,0,7,3414,"Shoot gravitropism: development, growth, and architecture of shoot in response to gravity","Reactome"
"Ammut_EIv1.0_0874150",1,1,0,7,3414,"Strigolactone signaling","Reactome"
"Ammut_EIv1.0_0874290",1,1,0,4,624,"Ribosome","KEGG"
"Ammut_EIv1.0_0875600",0,3,0,1,1017,"MAPK signaling pathway - plant","KEGG"
"Ammut_EIv1.0_0875600",0,3,0,1,1017,"Plant-pathogen interaction","KEGG"
"Ammut_EIv1.0_0876040",2,1,5,6,1044,"Biosynthesis of amino acids","KEGG"
"Ammut_EIv1.0_0876040",2,1,5,6,1044,"Biosynthesis of secondary metabolites","KEGG"
"Ammut_EIv1.0_0876040",2,1,5,6,1044,"Carbon fixation by Calvin cycle","KEGG"
"Ammut_EIv1.0_0876040",2,1,5,6,1044,"Carbon metabolism","KEGG"
"Ammut_EIv1.0_0876040",2,1,5,6,1044,"Metabolic pathways","KEGG"
"Ammut_EIv1.0_0876040",2,1,5,6,1044,"Pentose phosphate pathway","KEGG"
"Ammut_EIv1.0_0876070",6,8,3,12,1709,"Auxin signalling","Reactome"
"Ammut_EIv1.0_0876070",6,8,3,12,1709,"Growth and developmental processes","Reactome"
"Ammut_EIv1.0_0876070",6,8,3,12,1709,"Hormone signaling, transport, and metabolism","Reactome"
"Ammut_EIv1.0_0876070",6,8,3,12,1709,"Metabolism and regulation","Reactome"
"Ammut_EIv1.0_0876070",6,8,3,12,1709,"Regulation of seed size","Reactome"
"Ammut_EIv1.0_0876070",6,8,3,12,1709,"Reproductive structure development","Reactome"
"Ammut_EIv1.0_0876070",6,8,3,12,1709,"Seed development","Reactome"
"Ammut_EIv1.0_0876670",0,2,4,5,1164,"Aminoacyl-tRNA biosynthesis","KEGG"
"Ammut_EIv1.0_0877000",1,3,2,6,729,"RNA degradation","KEGG"
"Ammut_EIv1.0_0877910",0,13,0,12,855,"Ribosome","KEGG"
"Ammut_EIv1.0_0877970",21,25,17,12,1283,"Biosynthesis of cofactors","KEGG"
"Ammut_EIv1.0_0877970",21,25,17,12,1283,"Biosynthesis of secondary metabolites","KEGG"
"Ammut_EIv1.0_0877970",21,25,17,12,1283,"Metabolic pathways","KEGG"
"Ammut_EIv1.0_0877970",21,25,17,12,1283,"Ubiquinone and other terpenoid-quinone biosynthesis","KEGG"
"Ammut_EIv1.0_0877980",1,9,1,5,804,"Amino sugar and nucleotide sugar metabolism","KEGG"
"Ammut_EIv1.0_0877980",1,9,1,5,804,"Biosynthesis of nucleotide sugars","KEGG"
"Ammut_EIv1.0_0877980",1,9,1,5,804,"Metabolic pathways","KEGG"
"Ammut_EIv1.0_0878230",0,2,0,3,1152,"Amino sugar and nucleotide sugar metabolism","KEGG"
"Ammut_EIv1.0_0878230",0,2,0,3,1152,"Biosynthesis of nucleotide sugars","KEGG"
"Ammut_EIv1.0_0878230",0,2,0,3,1152,"Carbohydrate metabolism","Reactome"
"Ammut_EIv1.0_0878230",0,2,0,3,1152,"GDP-D-rhamnose biosynthesis","Reactome"
"Ammut_EIv1.0_0878230",0,2,0,3,1152,"GDP-L-fucose biosynthesis I (from GDP-D-mannose)","Reactome"
"Ammut_EIv1.0_0878230",0,2,0,3,1152,"Metabolic pathways","KEGG"
"Ammut_EIv1.0_0878230",0,2,0,3,1152,"Metabolism and regulation","Reactome"
"Ammut_EIv1.0_0878230",0,2,0,3,1152,"UDP-L-arabinose biosynthesis and transport","Reactome"
"Ammut_EIv1.0_0878500",0,10,1,10,1605,"Spliceosome","KEGG"
"Ammut_EIv1.0_0878720",0,3,1,1,1551,"Cornified envelope formation","KEGG"
"Ammut_EIv1.0_0878720",0,3,1,1,1551,"mRNA surveillance pathway","KEGG"
"Ammut_EIv1.0_0878910",0,2,1,2,455,"Metabolic pathways","KEGG"
"Ammut_EIv1.0_0878910",0,2,1,2,455,"Photosynthesis","KEGG"
"Ammut_EIv1.0_0879130",0,3,0,1,489,"Nucleocytoplasmic transport","KEGG"
"Ammut_EIv1.0_0879130",0,3,0,1,489,"Spliceosome","KEGG"
"Ammut_EIv1.0_0879130",0,3,0,1,489,"mRNA surveillance pathway","KEGG"
"Ammut_EIv1.0_0879360",8,20,1,3,756,"Biosynthesis of cofactors","KEGG"
"Ammut_EIv1.0_0879360",8,20,1,3,756,"Biosynthesis of secondary metabolites","KEGG"
"Ammut_EIv1.0_0879360",8,20,1,3,756,"Metabolic pathways","KEGG"
"Ammut_EIv1.0_0879360",8,20,1,3,756,"Nucleotide metabolism","KEGG"
"Ammut_EIv1.0_0879360",8,20,1,3,756,"Purine metabolism","KEGG"
"Ammut_EIv1.0_0879360",8,20,1,3,756,"Thiamine metabolism","KEGG"
"Ammut_EIv1.0_0879470",0,1,0,3,897,"Spliceosome","KEGG"
"Ammut_EIv1.0_0879520",2,5,3,7,2659,"RNA polymerase","KEGG"
"Ammut_EIv1.0_0881070",0,4,0,1,341,"Metabolic pathways","KEGG"
"Ammut_EIv1.0_0881070",0,4,0,1,341,"Photosynthesis","KEGG"
"Ammut_EIv1.0_0881580",1,13,3,7,979,"ATP-dependent chromatin remodeling","KEGG"
"Ammut_EIv1.0_0882420",9,30,6,14,1058,"Biosynthesis of secondary metabolites","KEGG"
"Ammut_EIv1.0_0882420",9,30,6,14,1058,"Metabolic pathways","KEGG"
"Ammut_EIv1.0_0882420",9,30,6,14,1058,"Phenylpropanoid biosynthesis","KEGG"
"Ammut_EIv1.0_0883470",8,20,2,11,931,"Biosynthesis of amino acids","KEGG"
"Ammut_EIv1.0_0883470",8,20,2,11,931,"Biosynthesis of secondary metabolites","KEGG"
"Ammut_EIv1.0_0883470",8,20,2,11,931,"Metabolic pathways","KEGG"
"Ammut_EIv1.0_0883470",8,20,2,11,931,"Phenylalanine, tyrosine and tryptophan biosynthesis","KEGG"
"Ammut_EIv1.0_0884840",2,5,0,0,393,"Ribosome","KEGG"
"Ammut_EIv1.0_0884900",26,17,1,1,1437,"RNA polymerase","KEGG"
"Ammut_EIv1.0_0885310",32,31,2,1,3594,"Lysosome biogenesis","KEGG"
"Ammut_EIv1.0_0885900",3,11,0,0,668,"Auxin signalling","Reactome"
"Ammut_EIv1.0_0885900",3,11,0,0,668,"Growth and developmental processes","Reactome"
"Ammut_EIv1.0_0885900",3,11,0,0,668,"Hormone signaling, transport, and metabolism","Reactome"
"Ammut_EIv1.0_0885900",3,11,0,0,668,"Metabolism and regulation","Reactome"
"Ammut_EIv1.0_0885900",3,11,0,0,668,"Plant hormone signal transduction","KEGG"
"Ammut_EIv1.0_0885900",3,11,0,0,668,"Regulation of seed size","Reactome"
"Ammut_EIv1.0_0885900",3,11,0,0,668,"Reproductive structure development","Reactome"
"Ammut_EIv1.0_0885900",3,11,0,0,668,"Seed development","Reactome"
"Ammut_EIv1.0_0886450",7,19,6,6,2408,"Spliceosome","KEGG"
"Ammut_EIv1.0_0887430",6,14,0,2,1666,"Biosynthesis of secondary metabolites","KEGG"
"Ammut_EIv1.0_0887430",6,14,0,2,1666,"Biosynthesis of unsaturated fatty acids","KEGG"
"Ammut_EIv1.0_0887430",6,14,0,2,1666,"Carbon metabolism","KEGG"
"Ammut_EIv1.0_0887430",6,14,0,2,1666,"Fatty acid degradation","KEGG"
"Ammut_EIv1.0_0887430",6,14,0,2,1666,"Fatty acid metabolism","KEGG"
"Ammut_EIv1.0_0887430",6,14,0,2,1666,"Metabolic pathways","KEGG"
"Ammut_EIv1.0_0887430",6,14,0,2,1666,"Peroxisome","KEGG"
"Ammut_EIv1.0_0887430",6,14,0,2,1666,"Propanoate metabolism","KEGG"
"Ammut_EIv1.0_0887430",6,14,0,2,1666,"alpha-Linolenic acid metabolism","KEGG"
"Ammut_EIv1.0_0887430",6,14,0,2,1666,"beta-Alanine metabolism","KEGG"
"Ammut_EIv1.0_0888100",0,41,0,13,1179,"Proteasome","KEGG"
"Ammut_EIv1.0_0888140",3,15,0,9,1204,"Biosynthesis of secondary metabolites","KEGG"
"Ammut_EIv1.0_0888140",3,15,0,9,1204,"Fatty acid elongation","KEGG"
"Ammut_EIv1.0_0888140",3,15,0,9,1204,"Metabolic pathways","KEGG"
"Ammut_EIv1.0_0888140",3,15,0,9,1204,"Plant-pathogen interaction","KEGG"
"Ammut_EIv1.0_0889080",13,33,6,21,1236,"Biosynthesis of secondary metabolites","KEGG"
"Ammut_EIv1.0_0889080",13,33,6,21,1236,"Phenylpropanoid biosynthesis","KEGG"
"Ammut_EIv1.0_0890560",1,9,0,0,918,"Autophagy - other","KEGG"
"Ammut_EIv1.0_0890560",1,9,0,0,918,"Brassinosteroid signaling","Reactome"
"Ammut_EIv1.0_0890560",1,9,0,0,918,"Cornified envelope formation","KEGG"
"Ammut_EIv1.0_0890560",1,9,0,0,918,"Growth and developmental processes","Reactome"
"Ammut_EIv1.0_0890560",1,9,0,0,918,"Hormone signaling, transport, and metabolism","Reactome"
"Ammut_EIv1.0_0890560",1,9,0,0,918,"Metabolism and regulation","Reactome"
"Ammut_EIv1.0_0890560",1,9,0,0,918,"Regulation of seed size","Reactome"
"Ammut_EIv1.0_0890560",1,9,0,0,918,"Reproductive structure development","Reactome"
"Ammut_EIv1.0_0890560",1,9,0,0,918,"Seed development","Reactome"
"Ammut_EIv1.0_0890560",1,9,0,0,918,"mRNA surveillance pathway","KEGG"
"Ammut_EIv1.0_0893330",5,57,0,4,1974,"Spliceosome","KEGG"
"Ammut_EIv1.0_0894200",2,46,2,10,1972,"ABC transporters","KEGG"
"Ammut_EIv1.0_0894200",2,46,2,10,1972,"Folate transport and metabolism","KEGG"
"Ammut_EIv1.0_0894700",9,9,6,7,956,"Biosynthesis of secondary metabolites","KEGG"
"Ammut_EIv1.0_0894700",9,9,6,7,956,"Metabolic pathways","KEGG"
"Ammut_EIv1.0_0894700",9,9,6,7,956,"Phenylpropanoid biosynthesis","KEGG"
"Ammut_EIv1.0_0894730",2,15,0,9,2552,"Spliceosome","KEGG"
"Ammut_EIv1.0_0894790",5,17,2,12,1768,"ABC transporters","KEGG"
"Ammut_EIv1.0_0894940",8,15,2,7,671,"Plant-pathogen interaction","KEGG"
"Ammut_EIv1.0_0895010",6,5,7,9,864,"Metabolic pathways","KEGG"
"Ammut_EIv1.0_0895010",6,5,7,9,864,"Nitrogen metabolism","KEGG"
"Ammut_EIv1.0_0895510",0,8,0,1,333,"Metabolic pathways","KEGG"
"Ammut_EIv1.0_0895510",0,8,0,1,333,"Oxidative phosphorylation","KEGG"
"Ammut_EIv1.0_0895620",0,4,1,17,1026,"Fanconi anemia pathway","KEGG"
"Ammut_EIv1.0_0895620",0,4,1,17,1026,"Homologous recombination","KEGG"
"Ammut_EIv1.0_0895620",0,4,1,17,1026,"Hormone signaling, transport, and metabolism","Reactome"
"Ammut_EIv1.0_0895620",0,4,1,17,1026,"Metabolism and regulation","Reactome"
"Ammut_EIv1.0_0895620",0,4,1,17,1026,"Salicylic acid signaling","Reactome"
"Ammut_EIv1.0_0896420",18,40,13,17,1494,"Biosynthesis of secondary metabolites","KEGG"
"Ammut_EIv1.0_0896420",18,40,13,17,1494,"Cutin, suberine and wax biosynthesis","KEGG"
"Ammut_EIv1.0_0896420",18,40,13,17,1494,"Peroxisome","KEGG"
"Ammut_EIv1.0_0896590",8,19,0,1,883,"Nicotinate and nicotinamide metabolism","KEGG"
"Ammut_EIv1.0_0896590",8,19,0,1,883,"Purine metabolism","KEGG"
"Ammut_EIv1.0_0898010",9,24,2,14,4314,"Endocytosis","KEGG"
"Ammut_EIv1.0_0898050",0,16,3,14,2026,"Ubiquitin mediated proteolysis","KEGG"
"Ammut_EIv1.0_0901580",22,29,4,20,993,"Biosynthesis of secondary metabolites","KEGG"
"Ammut_EIv1.0_0901580",22,29,4,20,993,"Hormone signaling, transport, and metabolism","Reactome"
"Ammut_EIv1.0_0901580",22,29,4,20,993,"Jasmonic acid biosynthesis","Reactome"
"Ammut_EIv1.0_0901580",22,29,4,20,993,"Jasmonic acid signaling","Reactome"
"Ammut_EIv1.0_0901580",22,29,4,20,993,"Metabolic pathways","KEGG"
"Ammut_EIv1.0_0901580",22,29,4,20,993,"Metabolism and regulation","Reactome"
"Ammut_EIv1.0_0901580",22,29,4,20,993,"alpha-Linolenic acid metabolism","KEGG"
"Ammut_EIv1.0_0902240",2,16,16,26,1954,"Base excision repair","KEGG"
"Ammut_EIv1.0_0902310",6,38,5,11,1272,"Biosynthesis of cofactors","KEGG"
"Ammut_EIv1.0_0902310",6,38,5,11,1272,"Biosynthesis of secondary metabolites","KEGG"
"Ammut_EIv1.0_0902310",6,38,5,11,1272,"Cofactor biosyntheses","Reactome"
"Ammut_EIv1.0_0902310",6,38,5,11,1272,"Metabolic pathways","KEGG"
"Ammut_EIv1.0_0902310",6,38,5,11,1272,"Metabolism and regulation","Reactome"
"Ammut_EIv1.0_0902310",6,38,5,11,1272,"Porphyrin metabolism","KEGG"
"Ammut_EIv1.0_0902310",6,38,5,11,1272,"Tetrapyrrole biosynthesis I","Reactome"
"Ammut_EIv1.0_0902660",1,6,1,5,1184,"Growth and developmental processes","Reactome"
"Ammut_EIv1.0_0902660",1,6,1,5,1184,"Metabolic pathways","KEGG"
"Ammut_EIv1.0_0902660",1,6,1,5,1184,"N-Glycan biosynthesis","KEGG"
"Ammut_EIv1.0_0902660",1,6,1,5,1184,"Primary root development","Reactome"
"Ammut_EIv1.0_0902660",1,6,1,5,1184,"Protein processing in endoplasmic reticulum","KEGG"
"Ammut_EIv1.0_0902660",1,6,1,5,1184,"Root structure development","Reactome"
"Ammut_EIv1.0_0902660",1,6,1,5,1184,"Various types of N-glycan biosynthesis","KEGG"
"Ammut_EIv1.0_0902660",1,6,1,5,1184,"Vegetative structure development","Reactome"
"Ammut_EIv1.0_0903740",24,66,2,17,1737,"Amino sugar and nucleotide sugar metabolism","KEGG"
"Ammut_EIv1.0_0903740",24,66,2,17,1737,"Ascorbate and aldarate metabolism","KEGG"
"Ammut_EIv1.0_0903740",24,66,2,17,1737,"Biosynthesis of nucleotide sugars","KEGG"
"Ammut_EIv1.0_0903740",24,66,2,17,1737,"Biosynthesis of secondary metabolites","KEGG"
"Ammut_EIv1.0_0903740",24,66,2,17,1737,"Biosynthesis of various nucleotide sugars","KEGG"
"Ammut_EIv1.0_0903740",24,66,2,17,1737,"Carbohydrate metabolism","Reactome"
"Ammut_EIv1.0_0903740",24,66,2,17,1737,"Galactose metabolism","KEGG"
"Ammut_EIv1.0_0903740",24,66,2,17,1737,"Metabolic pathways","KEGG"
"Ammut_EIv1.0_0903740",24,66,2,17,1737,"Metabolism and regulation","Reactome"
"Ammut_EIv1.0_0903740",24,66,2,17,1737,"Pentose and glucuronate interconversions","KEGG"
"Ammut_EIv1.0_0903740",24,66,2,17,1737,"UDP-D-glucuronate biosynthesis (from myo-inositol)","Reactome"
"Ammut_EIv1.0_0903740",24,66,2,17,1737,"UDP-L-arabinose biosynthesis and transport","Reactome"
"Ammut_EIv1.0_0904400",17,6,17,5,2496,"Proteasome","KEGG"
"Ammut_EIv1.0_0905160",4,37,3,25,911,"Biosynthesis of secondary metabolites","KEGG"
"Ammut_EIv1.0_0905160",4,37,3,25,911,"Metabolic pathways","KEGG"
"Ammut_EIv1.0_0905160",4,37,3,25,911,"Phenylpropanoid biosynthesis","KEGG"
"Ammut_EIv1.0_0906940",0,12,4,4,1716,"Circadian rhythm","Reactome"
"Ammut_EIv1.0_0910000",4,45,4,5,1634,"Endocytosis","KEGG"
"Ammut_EIv1.0_0912830",7,53,5,19,1561,"Metabolic pathways","KEGG"
"Ammut_EIv1.0_0912830",7,53,5,19,1561,"Oxidative phosphorylation","KEGG"
"Ammut_EIv1.0_0913240",10,52,6,31,1497,"Biosynthesis of secondary metabolites","KEGG"
"Ammut_EIv1.0_0913240",10,52,6,31,1497,"Biosynthesis of various plant secondary metabolites; Including: Crocin biosynthesis, Ginsenoside biosynthesis, Saponin adjuvant biosynthesis, Cannabidiol biosynthesis, Mugineic acid biosynthesis, Pentagalloylglucose biosynthesis, Benzoxazinoid biosynthesis, Gramine biosynthesis, Coumarin biosynthesis, Furanocoumarin biosynthesis, Hordatine biosynthesis, Podophyllotoxin biosynthesis","KEGG"
"Ammut_EIv1.0_0913240",10,52,6,31,1497,"Cyanoamino acid metabolism","KEGG"
"Ammut_EIv1.0_0913240",10,52,6,31,1497,"Metabolic pathways","KEGG"
"Ammut_EIv1.0_0913240",10,52,6,31,1497,"Starch and sucrose metabolism","KEGG"
"Ammut_EIv1.0_0913250",3,22,1,3,567,"Ribosome","KEGG"
"Ammut_EIv1.0_0917630",3,49,0,9,1632,"Lysosome biogenesis","KEGG"
"Ammut_EIv1.0_0918250",0,50,0,12,1223,"IgSF CAM signaling","KEGG"
"Ammut_EIv1.0_0918250",0,50,0,12,1223,"Motor proteins","KEGG"
"Ammut_EIv1.0_0918250",0,50,0,12,1223,"Phagosome","KEGG"
"Ammut_EIv1.0_0922370",3,57,1,9,1093,"Biosynthesis of secondary metabolites","KEGG"
"Ammut_EIv1.0_0922370",3,57,1,9,1093,"Metabolic pathways","KEGG"
"Ammut_EIv1.0_0922370",3,57,1,9,1093,"Porphyrin metabolism","KEGG"
"Ammut_EIv1.0_0922800",2,21,1,9,1056,"Efferocytosis","KEGG"
"Ammut_EIv1.0_0928040",8,36,7,9,1032,"Biosynthesis of cofactors","KEGG"
"Ammut_EIv1.0_0928040",8,36,7,9,1032,"Biosynthesis of secondary metabolites","KEGG"
"Ammut_EIv1.0_0928040",8,36,7,9,1032,"Metabolic pathways","KEGG"
"Ammut_EIv1.0_0928040",8,36,7,9,1032,"Ubiquinone and other terpenoid-quinone biosynthesis","KEGG"
"Ammut_EIv1.0_0928170",0,6,0,5,261,"Spliceosome","KEGG"
"Ammut_EIv1.0_0936820",7,66,2,13,2715,"Biosynthesis of secondary metabolites","KEGG"
"Ammut_EIv1.0_0936820",7,66,2,13,2715,"Metabolic pathways","KEGG"
"Ammut_EIv1.0_0936820",7,66,2,13,2715,"Starch and sucrose metabolism","KEGG"
"Ammut_EIv1.0_0936890",7,17,7,5,994,"Base excision repair","KEGG"
"Ammut_EIv1.0_0937110",6,22,1,2,1217,"Ribosome","KEGG"
"Ammut_EIv1.0_0939730",0,2,0,4,411,"Ribosome","KEGG"
"Ammut_EIv1.0_0943380",7,38,0,7,820,"Spliceosome","KEGG"
"Ammut_EIv1.0_0944010",40,86,7,22,6423,"ATP-dependent chromatin remodeling","KEGG"
"Ammut_EIv1.0_0945160",2,32,1,9,1531,"Amino sugar and nucleotide sugar metabolism","KEGG"
"Ammut_EIv1.0_0945160",2,32,1,9,1531,"Metabolic pathways","KEGG"
"Ammut_EIv1.0_0945200",1,71,0,18,1443,"Biosynthesis of secondary metabolites","KEGG"
"Ammut_EIv1.0_0945200",1,71,0,18,1443,"Carbon metabolism","KEGG"
"Ammut_EIv1.0_0945200",1,71,0,18,1443,"Glyoxylate and dicarboxylate metabolism","KEGG"
"Ammut_EIv1.0_0945200",1,71,0,18,1443,"MAPK signaling pathway - plant","KEGG"
"Ammut_EIv1.0_0945200",1,71,0,18,1443,"Metabolic pathways","KEGG"
"Ammut_EIv1.0_0945200",1,71,0,18,1443,"Peroxisome","KEGG"
"Ammut_EIv1.0_0945200",1,71,0,18,1443,"Tryptophan metabolism","KEGG"
"Ammut_EIv1.0_0950070",3,62,5,26,1664,"Biosynthesis of secondary metabolites","KEGG"
"Ammut_EIv1.0_0950070",3,62,5,26,1664,"Metabolic pathways","KEGG"
"Ammut_EIv1.0_0950070",3,62,5,26,1664,"Steroid biosynthesis","KEGG"
"Ammut_EIv1.0_0955400",0,18,0,9,545,"Ribosome","KEGG"
"Ammut_EIv1.0_0956140",4,37,0,9,910,"Biosynthesis of secondary metabolites","KEGG"
"Ammut_EIv1.0_0956140",4,37,0,9,910,"Biosynthesis of unsaturated fatty acids","KEGG"
"Ammut_EIv1.0_0956140",4,37,0,9,910,"Brassinosteroid biosynthesis II","Reactome"
"Ammut_EIv1.0_0956140",4,37,0,9,910,"Fatty acid elongation","KEGG"
"Ammut_EIv1.0_0956140",4,37,0,9,910,"Fatty acid metabolism","KEGG"
"Ammut_EIv1.0_0956140",4,37,0,9,910,"Hormone signaling, transport, and metabolism","Reactome"
"Ammut_EIv1.0_0956140",4,37,0,9,910,"Metabolic pathways","KEGG"
"Ammut_EIv1.0_0956140",4,37,0,9,910,"Metabolism and regulation","Reactome"
