"gene_id","PN","PS","DN","DS","length","pathway_name","source"
"EVM0000024",11,22,1,12,2055,"Biosynthesis of secondary metabolites","KEGG"
"EVM0000024",11,22,1,12,2055,"Fatty acid degradation","KEGG"
"EVM0000024",11,22,1,12,2055,"Fatty acid metabolism","KEGG"
"EVM0000024",11,22,1,12,2055,"Metabolic pathways","KEGG"
"EVM0000024",11,22,1,12,2055,"alpha-Linolenic acid metabolism","KEGG"
"EVM0000032",8,47,1,14,1330,"2-Oxocarboxylic acid metabolism","KEGG"
"EVM0000032",8,47,1,14,1330,"Amino acid catabolism","Reactome"
"EVM0000032",8,47,1,14,1330,"Amino acid metabolism","Reactome"
"EVM0000032",8,47,1,14,1330,"Biosynthesis of secondary metabolites","KEGG"
"EVM0000032",8,47,1,14,1330,"Carbon metabolism","KEGG"
"EVM0000032",8,47,1,14,1330,"Citrate cycle","KEGG"
"EVM0000032",8,47,1,14,1330,"Generation of precursor metabolites and energy","Reactome"
"EVM0000032",8,47,1,14,1330,"Lipoic acid metabolism","KEGG"
"EVM0000032",8,47,1,14,1330,"Lysine degradation","KEGG"
"EVM0000032",8,47,1,14,1330,"Lysine degradation II","Reactome"
"EVM0000032",8,47,1,14,1330,"Metabolic pathways","KEGG"
"EVM0000032",8,47,1,14,1330,"Metabolism and regulation","Reactome"
"EVM0000032",8,47,1,14,1330,"TCA cycle (plant)","Reactome"
"EVM0000032",8,47,1,14,1330,"Tryptophan metabolism","KEGG"
"EVM0000034",2,15,1,2,1905,"Circadian rhythm - plant","KEGG"
"EVM0000044",4,25,0,12,1163,"Biosynthesis of secondary metabolites","KEGG"
"EVM0000044",4,25,0,12,1163,"Chlorophyll a biosynthesis II","Reactome"
"EVM0000044",4,25,0,12,1163,"Cofactor biosyntheses","Reactome"
"EVM0000044",4,25,0,12,1163,"Metabolic pathways","KEGG"
"EVM0000044",4,25,0,12,1163,"Metabolism and regulation","Reactome"
"EVM0000044",4,25,0,12,1163,"Phytyl-PP biosynthesis","Reactome"
"EVM0000044",4,25,0,12,1163,"Porphyrin metabolism","KEGG"
"EVM0000044",4,25,0,12,1163,"Secondary metabolism","Reactome"
"EVM0000044",4,25,0,12,1163,"Terpenoid backbone biosynthesis","KEGG"
"EVM0000117",8,32,25,46,2506,"Biosynthesis of secondary metabolites","KEGG"
"EVM0000117",8,32,25,46,2506,"Carbohydrate metabolism","Reactome"
"EVM0000117",8,32,25,46,2506,"Gravitropism under normal or artificial gravity environments","Reactome"
"EVM0000117",8,32,25,46,2506,"Growth and developmental processes","Reactome"
"EVM0000117",8,32,25,46,2506,"Metabolic pathways","KEGG"
"EVM0000117",8,32,25,46,2506,"Metabolism and regulation","Reactome"
"EVM0000117",8,32,25,46,2506,"Regulatory network of nutrient accumulation","Reactome"
"EVM0000117",8,32,25,46,2506,"Reproductive structure development","Reactome"
"EVM0000117",8,32,25,46,2506,"Responses to stimuli: abiotic stimuli and stresses","Reactome"
"EVM0000117",8,32,25,46,2506,"Root gravitropism","Reactome"
"EVM0000117",8,32,25,46,2506,"Seed development","Reactome"
"EVM0000117",8,32,25,46,2506,"Starch and sucrose metabolism","KEGG"
"EVM0000117",8,32,25,46,2506,"Starch biosynthesis","Reactome"
"EVM0000127",0,9,0,3,933,"RNA degradation","KEGG"
"EVM0000197",3,25,5,21,1492,"Carbon fixation by Calvin cycle","KEGG"
"EVM0000197",3,25,5,21,1492,"Carbon metabolism","KEGG"
"EVM0000197",3,25,5,21,1492,"Metabolic pathways","KEGG"
"EVM0000197",3,25,5,21,1492,"Pyruvate metabolism","KEGG"
"EVM0000237",3,58,1,12,750,"Metabolic pathways","KEGG"
"EVM0000237",3,58,1,12,750,"Photosynthesis - antenna proteins","KEGG"
"EVM0000250",0,26,0,13,1910,"Endocytosis","KEGG"
"EVM0000250",0,26,0,13,1910,"Protein processing in endoplasmic reticulum","KEGG"
"EVM0000250",0,26,0,13,1910,"Spliceosome","KEGG"
"EVM0000307",7,23,0,3,1287,"Gravitropism under normal or artificial gravity environments","Reactome"
"EVM0000307",7,23,0,3,1287,"Regulation of seed germination and coleoptile growth under submergence and normal gravity environment","Reactome"
"EVM0000307",7,23,0,3,1287,"Responses to stimuli: abiotic stimuli and stresses","Reactome"
"EVM0000400",0,5,0,0,975,"Biosynthesis of secondary metabolites","KEGG"
"EVM0000400",0,5,0,0,975,"Carbon fixation by Calvin cycle","KEGG"
"EVM0000400",0,5,0,0,975,"Carbon metabolism","KEGG"
"EVM0000400",0,5,0,0,975,"Citrate cycle","KEGG"
"EVM0000400",0,5,0,0,975,"Cysteine and methionine metabolism","KEGG"
"EVM0000400",0,5,0,0,975,"Glyoxylate and dicarboxylate metabolism","KEGG"
"EVM0000400",0,5,0,0,975,"Metabolic pathways","KEGG"
"EVM0000400",0,5,0,0,975,"Pyruvate metabolism","KEGG"
"EVM0000400",0,5,0,0,975,"Sulfoquinovose metabolism","KEGG"
"EVM0000473",9,29,1,7,881,"Fatty acid and lipid metabolism","Reactome"
"EVM0000473",9,29,1,7,881,"Metabolic pathways","KEGG"
"EVM0000473",9,29,1,7,881,"Metabolism and regulation","Reactome"
"EVM0000473",9,29,1,7,881,"Sphingolipid metabolism","KEGG;Reactome"
"EVM0000582",0,3,0,5,425,"Metabolic pathways","KEGG"
"EVM0000582",0,3,0,5,425,"Photosynthesis","KEGG"
"EVM0000606",0,11,0,3,1321,"Cornified envelope formation","KEGG"
"EVM0000606",0,11,0,3,1321,"mRNA surveillance pathway","KEGG"
"EVM0000615",0,4,0,2,549,"Proteasome","KEGG"
"EVM0000824",0,5,0,3,909,"Amino acid biosynthesis","Reactome"
"EVM0000824",0,5,0,3,909,"Amino acid metabolism","Reactome"
"EVM0000824",0,5,0,3,909,"Biosynthesis of amino acids","KEGG"
"EVM0000824",0,5,0,3,909,"Biosynthesis of secondary metabolites","KEGG"
"EVM0000824",0,5,0,3,909,"Carbon fixation by Calvin cycle","KEGG"
"EVM0000824",0,5,0,3,909,"Carbon metabolism","KEGG"
"EVM0000824",0,5,0,3,909,"Glycolysis / Gluconeogenesis","KEGG"
"EVM0000824",0,5,0,3,909,"Lysine biosynthesis I","Reactome"
"EVM0000824",0,5,0,3,909,"Lysine biosynthesis II","Reactome"
"EVM0000824",0,5,0,3,909,"Metabolic pathways","KEGG"
"EVM0000824",0,5,0,3,909,"Metabolism and regulation","Reactome"
"EVM0000852",0,6,1,11,560,"Metabolic pathways","KEGG"
"EVM0000852",0,6,1,11,560,"Nucleotide metabolism","KEGG"
"EVM0000852",0,6,1,11,560,"Purine metabolism","KEGG"
"EVM0000853",2,5,8,7,2160,"Spliceosome","KEGG"
"EVM0000858",0,8,2,26,1172,"Amino acid biosynthesis","Reactome"
"EVM0000858",0,8,2,26,1172,"Amino acid metabolism","Reactome"
"EVM0000858",0,8,2,26,1172,"Biosynthesis of amino acids","KEGG"
"EVM0000858",0,8,2,26,1172,"Biosynthesis of secondary metabolites","KEGG"
"EVM0000858",0,8,2,26,1172,"Carbon fixation by Calvin cycle","KEGG"
"EVM0000858",0,8,2,26,1172,"Carbon metabolism","KEGG"
"EVM0000858",0,8,2,26,1172,"Glycolysis / Gluconeogenesis","KEGG"
"EVM0000858",0,8,2,26,1172,"Lysine biosynthesis I","Reactome"
"EVM0000858",0,8,2,26,1172,"Lysine biosynthesis II","Reactome"
"EVM0000858",0,8,2,26,1172,"Metabolic pathways","KEGG"
"EVM0000858",0,8,2,26,1172,"Metabolism and regulation","Reactome"
"EVM0000864",0,9,1,10,1556,"Protein processing in endoplasmic reticulum","KEGG"
"EVM0000879",6,14,8,11,1503,"Glycosylphosphatidylinositol","KEGG"
"EVM0000879",6,14,8,11,1503,"Metabolic pathways","KEGG"
"EVM0000881",4,21,3,13,679,"Basal transcription factors","KEGG"
"EVM0000881",4,21,3,13,679,"Nucleotide excision repair","KEGG"
"EVM0000937",9,63,0,25,1259,"Cornified envelope formation","KEGG"
"EVM0000937",9,63,0,25,1259,"mRNA surveillance pathway","KEGG"
"EVM0000977",0,25,0,8,909,"Biosynthesis of secondary metabolites","KEGG"
"EVM0000977",0,25,0,8,909,"Glycerolipid metabolism","KEGG"
"EVM0000977",0,25,0,8,909,"Metabolic pathways","KEGG"
"EVM0000982",0,5,0,2,384,"RNA degradation","KEGG"
"EVM0001055",14,46,19,21,1459,"Glycosylphosphatidylinositol","KEGG"
"EVM0001055",14,46,19,21,1459,"Metabolic pathways","KEGG"
"EVM0001185",0,20,0,9,932,"Ubiquitin mediated proteolysis","KEGG"
"EVM0001253",4,15,5,6,1474,"Alanine, aspartate and glutamate metabolism","KEGG"
"EVM0001253",4,15,5,6,1474,"Biosynthesis of cofactors","KEGG"
"EVM0001253",4,15,5,6,1474,"Biosynthesis of secondary metabolites","KEGG"
"EVM0001253",4,15,5,6,1474,"Metabolic pathways","KEGG"
"EVM0001253",4,15,5,6,1474,"Nucleotide metabolism","KEGG"
"EVM0001253",4,15,5,6,1474,"Purine metabolism","KEGG"
"EVM0001414",4,34,1,12,932,"Metabolic pathways","KEGG"
"EVM0001414",4,34,1,12,932,"Pyruvate metabolism","KEGG"
"EVM0001461",1,18,2,12,622,"Amino acid biosynthesis","Reactome"
"EVM0001461",1,18,2,12,622,"Amino acid metabolism","Reactome"
"EVM0001461",1,18,2,12,622,"Arginine and proline metabolism","KEGG"
"EVM0001461",1,18,2,12,622,"Arginine degradation","Reactome"
"EVM0001461",1,18,2,12,622,"Biosynthesis of amino acids","KEGG"
"EVM0001461",1,18,2,12,622,"Biosynthesis of secondary metabolites","KEGG"
"EVM0001461",1,18,2,12,622,"Metabolic pathways","KEGG"
"EVM0001461",1,18,2,12,622,"Metabolism and regulation","Reactome"
"EVM0001461",1,18,2,12,622,"Proline biosynthesis I","Reactome"
"EVM0001461",1,18,2,12,622,"Proline biosynthesis V (from arginine)","Reactome"
"EVM0001491",12,25,2,4,584,"Ubiquitin mediated proteolysis","KEGG"
"EVM0001522",3,10,1,7,1354,"Biosynthesis of cofactors","KEGG"
"EVM0001522",3,10,1,7,1354,"Biosynthesis of secondary metabolites","KEGG"
"EVM0001522",3,10,1,7,1354,"Cofactor biosyntheses","Reactome"
"EVM0001522",3,10,1,7,1354,"Metabolic pathways","KEGG"
"EVM0001522",3,10,1,7,1354,"Metabolism and regulation","Reactome"
"EVM0001522",3,10,1,7,1354,"Porphyrin metabolism","KEGG"
"EVM0001522",3,10,1,7,1354,"Tetrapyrrole biosynthesis I","Reactome"
"EVM0001604",9,11,2,6,1137,"Metabolic pathways","KEGG"
"EVM0001604",9,11,2,6,1137,"Various types of N-glycan biosynthesis","KEGG"
"EVM0001665",6,25,55,65,763,"Biosynthesis of secondary metabolites","KEGG"
"EVM0001665",6,25,55,65,763,"Biosynthesis of various plant secondary metabolites; Including: Crocin biosynthesis, Ginsenoside biosynthesis, Saponin adjuvant biosynthesis, Cannabidiol biosynthesis, Mugineic acid biosynthesis, Pentagalloylglucose biosynthesis, Benzoxazinoid biosynthesis, Gramine biosynthesis, Coumarin biosynthesis, Furanocoumarin biosynthesis, Hordatine biosynthesis, Podophyllotoxin biosynthesis","KEGG"
"EVM0001665",6,25,55,65,763,"Metabolic pathways","KEGG"
"EVM0001716",4,4,4,5,2223,"Virion - Hepatitis viruses","KEGG"
"EVM0001842",6,35,3,4,1463,"Lysosome biogenesis","KEGG"
"EVM0001896",2,22,7,17,1485,"Endocytosis","KEGG"
"EVM0001953",19,41,7,14,3476,"Nucleocytoplasmic transport","KEGG"
"EVM0001953",19,41,7,14,3476,"mRNA surveillance pathway","KEGG"
"EVM0002131",0,2,2,13,1959,"Auxin signalling","Reactome"
"EVM0002131",0,2,2,13,1959,"Growth and developmental processes","Reactome"
"EVM0002131",0,2,2,13,1959,"Hormone signaling, transport, and metabolism","Reactome"
"EVM0002131",0,2,2,13,1959,"Metabolism and regulation","Reactome"
"EVM0002131",0,2,2,13,1959,"Plant hormone signal transduction","KEGG"
"EVM0002131",0,2,2,13,1959,"Regulation of seed size","Reactome"
"EVM0002131",0,2,2,13,1959,"Reproductive structure development","Reactome"
"EVM0002131",0,2,2,13,1959,"Seed development","Reactome"
"EVM0002144",0,16,1,2,1253,"Biosynthesis of secondary metabolites","KEGG"
"EVM0002144",0,16,1,2,1253,"Metabolic pathways","KEGG"
"EVM0002144",0,16,1,2,1253,"Porphyrin metabolism","KEGG"
"EVM0002425",11,64,6,17,1632,"Plant hormone signal transduction","KEGG"
"EVM0002425",11,64,6,17,1632,"Plant-pathogen interaction","KEGG"
"EVM0002598",2,20,0,14,716,"Arachidonic acid metabolism","KEGG"
"EVM0002598",2,20,0,14,716,"Metabolic pathways","KEGG"
"EVM0002630",14,28,3,9,548,"Cysteine and methionine metabolism","KEGG"
"EVM0002630",14,28,3,9,548,"Metabolic pathways","KEGG"
"EVM0002633",0,13,0,3,599,"Amino acid biosynthesis","Reactome"
"EVM0002633",0,13,0,3,599,"Amino acid metabolism","Reactome"
"EVM0002633",0,13,0,3,599,"Isoleucine biosynthesis from threonine","Reactome"
"EVM0002633",0,13,0,3,599,"Metabolism and regulation","Reactome"
"EVM0002633",0,13,0,3,599,"Valine biosynthesis","Reactome"
"EVM0002646",6,62,3,30,1262,"Metabolic pathways","KEGG"
"EVM0002646",6,62,3,30,1262,"N-Glycan biosynthesis","KEGG"
"EVM0002646",6,62,3,30,1262,"Various types of N-glycan biosynthesis","KEGG"
"EVM0002811",9,66,19,36,3567,"RNA polymerase","KEGG"
"EVM0002826",28,31,4,2,3619,"Lysosome biogenesis","KEGG"
"EVM0002873",11,58,4,39,2319,"Ribosome biogenesis in eukaryotes","KEGG"
"EVM0003018",9,32,6,13,2412,"Anther and pollen development","Reactome"
"EVM0003018",9,32,6,13,2412,"Growth and developmental processes","Reactome"
"EVM0003018",9,32,6,13,2412,"Reproductive structure development","Reactome"
"EVM0003022",18,54,11,11,2099,"Amino acid biosynthesis","Reactome"
"EVM0003022",18,54,11,11,2099,"Amino acid metabolism","Reactome"
"EVM0003022",18,54,11,11,2099,"Beta-alanine biosynthesis II","Reactome"
"EVM0003022",18,54,11,11,2099,"Biosynthesis of secondary metabolites","KEGG"
"EVM0003022",18,54,11,11,2099,"Fatty acid degradation","KEGG"
"EVM0003022",18,54,11,11,2099,"Fatty acid metabolism","KEGG"
"EVM0003022",18,54,11,11,2099,"Metabolic pathways","KEGG"
"EVM0003022",18,54,11,11,2099,"Metabolism and regulation","Reactome"
"EVM0003022",18,54,11,11,2099,"alpha-Linolenic acid metabolism","KEGG"
"EVM0003157",1,5,2,2,970,"Biosynthesis of amino acids","KEGG"
"EVM0003157",1,5,2,2,970,"Biosynthesis of secondary metabolites","KEGG"
"EVM0003157",1,5,2,2,970,"Carbon fixation by Calvin cycle","KEGG"
"EVM0003157",1,5,2,2,970,"Carbon metabolism","KEGG"
"EVM0003157",1,5,2,2,970,"Metabolic pathways","KEGG"
"EVM0003157",1,5,2,2,970,"Pentose phosphate pathway","KEGG"
"EVM0003403",15,15,1,3,472,"MAPK signaling pathway - plant","KEGG"
"EVM0003431",0,8,1,7,1092,"Biosynthesis of secondary metabolites","KEGG"
"EVM0003431",0,8,1,7,1092,"Fatty acid and lipid metabolism","Reactome"
"EVM0003431",0,8,1,7,1092,"Glycerolipid metabolism","KEGG"
"EVM0003431",0,8,1,7,1092,"Glycerophospholipid metabolism","KEGG"
"EVM0003431",0,8,1,7,1092,"Metabolic pathways","KEGG"
"EVM0003431",0,8,1,7,1092,"Metabolism and regulation","Reactome"
"EVM0003431",0,8,1,7,1092,"Phospholipid biosynthesis I","Reactome"
"EVM0003457",1,14,1,6,1590,"Biosynthesis of amino acids","KEGG"
"EVM0003457",1,14,1,6,1590,"Biosynthesis of secondary metabolites","KEGG"
"EVM0003457",1,14,1,6,1590,"Carbon metabolism","KEGG"
"EVM0003457",1,14,1,6,1590,"Glycolysis / Gluconeogenesis","KEGG"
"EVM0003457",1,14,1,6,1590,"Metabolic pathways","KEGG"
"EVM0003457",1,14,1,6,1590,"Pyruvate metabolism","KEGG"
"EVM0003511",0,31,6,14,1713,"RNA degradation","KEGG"
"EVM0003548",0,2,3,11,1191,"Galactosylcyclitol biosynthesis","Reactome"
"EVM0003548",0,2,3,11,1191,"Metabolism and regulation","Reactome"
"EVM0003548",0,2,3,11,1191,"Secondary metabolism","Reactome"
"EVM0003614",0,1,1,5,1024,"mRNA surveillance pathway","KEGG"
"EVM0003867",3,13,3,11,1222,"Efferocytosis","KEGG"
"EVM0003867",3,13,3,11,1222,"Metabolic pathways","KEGG"
"EVM0003867",3,13,3,11,1222,"Sphingolipid metabolism","KEGG"
"EVM0003881",10,85,8,33,2475,"Ubiquitin mediated proteolysis","KEGG"
"EVM0003961",4,18,0,5,1287,"Nucleocytoplasmic transport","KEGG"
"EVM0003961",4,18,0,5,1287,"Spliceosome","KEGG"
"EVM0003961",4,18,0,5,1287,"mRNA surveillance pathway","KEGG"
"EVM0003991",2,51,1,22,1751,"Metabolic pathways","KEGG"
"EVM0003991",2,51,1,22,1751,"Starch and sucrose metabolism","KEGG"
"EVM0004041",0,6,0,3,567,"Protein processing in endoplasmic reticulum","KEGG"
"EVM0004063",9,35,3,17,1354,"Amino sugar and nucleotide sugar metabolism","KEGG"
"EVM0004063",9,35,3,17,1354,"Glycosaminoglycan degradation","KEGG"
"EVM0004063",9,35,3,17,1354,"Glycosphingolipid biosynthesis - ganglio series","KEGG"
"EVM0004063",9,35,3,17,1354,"Glycosphingolipid biosynthesis - globo and isoglobo series","KEGG"
"EVM0004063",9,35,3,17,1354,"Lysosome biogenesis","KEGG"
"EVM0004063",9,35,3,17,1354,"Metabolic pathways","KEGG"
"EVM0004063",9,35,3,17,1354,"Other glycan degradation","KEGG"
"EVM0004063",9,35,3,17,1354,"Sphingolipid metabolism","KEGG"
"EVM0004063",9,35,3,17,1354,"Various types of N-glycan biosynthesis","KEGG"
"EVM0004068",26,45,4,9,2155,"Glycosaminoglycan degradation","KEGG"
"EVM0004068",26,45,4,9,2155,"Lysosome biogenesis","KEGG"
"EVM0004068",26,45,4,9,2155,"Metabolic pathways","KEGG"
"EVM0004085",3,8,2,4,306,"Metabolic pathways","KEGG"
"EVM0004085",3,8,2,4,306,"Oxidative phosphorylation","KEGG"
"EVM0004138",0,17,1,11,1476,"Hormone signaling, transport, and metabolism","Reactome"
"EVM0004138",0,17,1,11,1476,"Jasmonic acid signaling","Reactome"
"EVM0004138",0,17,1,11,1476,"Metabolism and regulation","Reactome"
"EVM0004138",0,17,1,11,1476,"Plant hormone signal transduction","KEGG"
"EVM0004359",2,86,2,25,2174,"Biosynthesis of secondary metabolites","KEGG"
"EVM0004359",2,86,2,25,2174,"Cytoskeleton in muscle cells","KEGG"
"EVM0004359",2,86,2,25,2174,"Metabolic pathways","KEGG"
"EVM0004359",2,86,2,25,2174,"Nucleotide metabolism","KEGG"
"EVM0004359",2,86,2,25,2174,"Purine metabolism","KEGG"
"EVM0004485",1,1,2,7,1100,"Viral life cycle - HIV-1","KEGG"
"EVM0004497",25,66,12,9,1657,"Biosynthesis of secondary metabolites","KEGG"
"EVM0004497",25,66,12,9,1657,"Biosynthesis of various plant secondary metabolites; Including: Crocin biosynthesis, Ginsenoside biosynthesis, Saponin adjuvant biosynthesis, Cannabidiol biosynthesis, Mugineic acid biosynthesis, Pentagalloylglucose biosynthesis, Benzoxazinoid biosynthesis, Gramine biosynthesis, Coumarin biosynthesis, Furanocoumarin biosynthesis, Hordatine biosynthesis, Podophyllotoxin biosynthesis","KEGG"
"EVM0004497",25,66,12,9,1657,"Cyanoamino acid metabolism","KEGG"
"EVM0004497",25,66,12,9,1657,"Metabolic pathways","KEGG"
"EVM0004497",25,66,12,9,1657,"Starch and sucrose metabolism","KEGG"
"EVM0004546",0,30,3,16,735,"SNARE interactions in vesicular transport","KEGG"
"EVM0004710",0,4,0,13,1102,"ATP-dependent chromatin remodeling","KEGG"
"EVM0004721",5,37,0,15,1955,"ABC transporters","KEGG"
"EVM0004721",5,37,0,15,1955,"Folate transport and metabolism","KEGG"
"EVM0004893",2,42,1,7,646,"Biosynthesis of cofactors","KEGG"
"EVM0004893",2,42,1,7,646,"Biosynthesis of secondary metabolites","KEGG"
"EVM0004893",2,42,1,7,646,"Metabolic pathways","KEGG"
"EVM0004893",2,42,1,7,646,"Ubiquinone and other terpenoid-quinone biosynthesis","KEGG"
"EVM0004902",0,24,0,3,932,"Cadherin signaling","KEGG"
"EVM0004902",0,24,0,3,932,"mRNA surveillance pathway","KEGG"
"EVM0004908",0,4,0,8,1053,"Lysosome biogenesis","KEGG"
"EVM0004908",0,4,0,8,1053,"Metabolic pathways","KEGG"
"EVM0004908",0,4,0,8,1053,"Oxidative phosphorylation","KEGG"
"EVM0004908",0,4,0,8,1053,"Phagosome","KEGG"
"EVM0004929",0,12,1,6,819,"Metabolic pathways","KEGG"
"EVM0004929",0,12,1,6,819,"Photosynthesis - antenna proteins","KEGG"
"EVM0005035",2,49,3,17,1419,"Amino sugar and nucleotide sugar metabolism","KEGG"
"EVM0005035",2,49,3,17,1419,"Biosynthesis of nucleotide sugars","KEGG"
"EVM0005035",2,49,3,17,1419,"Biosynthesis of various nucleotide sugars","KEGG"
"EVM0005035",2,49,3,17,1419,"Metabolic pathways","KEGG"
"EVM0005052",0,12,0,7,1144,"Brassinosteroid signaling","Reactome"
"EVM0005052",0,12,0,7,1144,"Growth and developmental processes","Reactome"
"EVM0005052",0,12,0,7,1144,"Hormone signaling, transport, and metabolism","Reactome"
"EVM0005052",0,12,0,7,1144,"Metabolism and regulation","Reactome"
"EVM0005052",0,12,0,7,1144,"Plant hormone signal transduction","KEGG"
"EVM0005052",0,12,0,7,1144,"Regulation of seed size","Reactome"
"EVM0005052",0,12,0,7,1144,"Reproductive structure development","Reactome"
"EVM0005052",0,12,0,7,1144,"Seed development","Reactome"
"EVM0005152",2,19,3,11,1675,"DNA replication","KEGG"
"EVM0005152",2,19,3,11,1675,"Fanconi anemia pathway","KEGG"
"EVM0005152",2,19,3,11,1675,"Homologous recombination","KEGG"
"EVM0005152",2,19,3,11,1675,"Mismatch repair","KEGG"
"EVM0005152",2,19,3,11,1675,"Nucleotide excision repair","KEGG"
"EVM0005201",21,39,6,5,1918,"Lysosome biogenesis","KEGG"
"EVM0005295",0,44,0,10,698,"Biosynthesis of cofactors","KEGG"
"EVM0005295",0,44,0,10,698,"Biosynthesis of secondary metabolites","KEGG"
"EVM0005295",0,44,0,10,698,"Metabolic pathways","KEGG"
"EVM0005295",0,44,0,10,698,"Porphyrin metabolism","KEGG"
"EVM0005327",6,36,4,16,1358,"Arginine and proline metabolism","KEGG"
"EVM0005327",6,36,4,16,1358,"Ascorbate and aldarate metabolism","KEGG"
"EVM0005327",6,36,4,16,1358,"Biosynthesis of cofactors","KEGG"
"EVM0005327",6,36,4,16,1358,"Biosynthesis of secondary metabolites","KEGG"
"EVM0005327",6,36,4,16,1358,"Fatty acid degradation","KEGG"
"EVM0005327",6,36,4,16,1358,"Glycerolipid metabolism","KEGG"
"EVM0005327",6,36,4,16,1358,"Glycolysis / Gluconeogenesis","KEGG"
"EVM0005327",6,36,4,16,1358,"Histidine metabolism","KEGG"
"EVM0005327",6,36,4,16,1358,"Lysine degradation","KEGG"
"EVM0005327",6,36,4,16,1358,"Metabolic pathways","KEGG"
"EVM0005327",6,36,4,16,1358,"Pantothenate and CoA biosynthesis","KEGG"
"EVM0005327",6,36,4,16,1358,"Pyruvate metabolism","KEGG"
"EVM0005327",6,36,4,16,1358,"Tryptophan metabolism","KEGG"
"EVM0005327",6,36,4,16,1358,"Valine, leucine and isoleucine degradation","KEGG"
"EVM0005327",6,36,4,16,1358,"beta-Alanine metabolism","KEGG"
"EVM0005619",0,5,2,6,796,"Nucleocytoplasmic transport","KEGG"
"EVM0005690",2,12,10,13,2767,"Nucleocytoplasmic transport","KEGG"
"EVM0005773",16,12,3,13,952,"Base excision repair","KEGG"
"EVM0005817",6,67,3,22,1164,"Amino acid metabolism","Reactome"
"EVM0005817",6,67,3,22,1164,"Arginine and proline metabolism","KEGG"
"EVM0005817",6,67,3,22,1164,"Arginine biosynthesis","KEGG"
"EVM0005817",6,67,3,22,1164,"Biosynthesis of secondary metabolites","KEGG"
"EVM0005817",6,67,3,22,1164,"Citrulline-nitric oxide cycle","Reactome"
"EVM0005817",6,67,3,22,1164,"Metabolic pathways","KEGG"
"EVM0005817",6,67,3,22,1164,"Metabolism and regulation","Reactome"
"EVM0005817",6,67,3,22,1164,"Plant-pathogen interaction","KEGG"
"EVM0006020",1,1,3,9,782,"Biosynthesis of secondary metabolites","KEGG"
"EVM0006020",1,1,3,9,782,"Metabolic pathways","KEGG"
"EVM0006020",1,1,3,9,782,"Phenylpropanoid biosynthesis","KEGG"
"EVM0006079",0,27,2,13,1241,"Biosynthesis of secondary metabolites","KEGG"
"EVM0006079",0,27,2,13,1241,"Cofactor biosyntheses","Reactome"
"EVM0006079",0,27,2,13,1241,"Metabolic pathways","KEGG"
"EVM0006079",0,27,2,13,1241,"Metabolism and regulation","Reactome"
"EVM0006079",0,27,2,13,1241,"Methylerythritol phosphate pathway","Reactome"
"EVM0006079",0,27,2,13,1241,"Terpenoid backbone biosynthesis","KEGG"
"EVM0006136",6,4,3,4,1637,"Biosynthesis of secondary metabolites","KEGG"
"EVM0006136",6,4,3,4,1637,"Biosynthesis of unsaturated fatty acids","KEGG"
"EVM0006136",6,4,3,4,1637,"Carbon metabolism","KEGG"
"EVM0006136",6,4,3,4,1637,"Fatty acid degradation","KEGG"
"EVM0006136",6,4,3,4,1637,"Fatty acid metabolism","KEGG"
"EVM0006136",6,4,3,4,1637,"Metabolic pathways","KEGG"
"EVM0006136",6,4,3,4,1637,"Peroxisome","KEGG"
"EVM0006136",6,4,3,4,1637,"Propanoate metabolism","KEGG"
"EVM0006136",6,4,3,4,1637,"alpha-Linolenic acid metabolism","KEGG"
"EVM0006136",6,4,3,4,1637,"beta-Alanine metabolism","KEGG"
"EVM0006159",0,5,1,2,675,"Metabolic pathways","KEGG"
"EVM0006159",0,5,1,2,675,"Peroxisome","KEGG"
"EVM0006167",5,29,6,22,958,"Amino acid biosynthesis","Reactome"
"EVM0006167",5,29,6,22,958,"Amino acid metabolism","Reactome"
"EVM0006167",5,29,6,22,958,"Chorismate biosynthesis","Reactome"
"EVM0006167",5,29,6,22,958,"Metabolism and regulation","Reactome"
"EVM0006170",4,9,0,4,389,"Cell cycle","Reactome"
"EVM0006170",4,9,0,4,389,"Cellular processes","Reactome"
"EVM0006170",4,9,0,4,389,"DNA strand Elongation","Reactome"
"EVM0006170",4,9,0,4,389,"Lagging strand synthesis","Reactome"
"EVM0006170",4,9,0,4,389,"Leading strand synthesis","Reactome"
"EVM0006170",4,9,0,4,389,"Maturation","Reactome"
"EVM0006170",4,9,0,4,389,"Mitosis","Reactome"
"EVM0006170",4,9,0,4,389,"S phase","Reactome"
"EVM0006170",4,9,0,4,389,"Synthesis of DNA","Reactome"
"EVM0006186",6,16,3,8,991,"Endocytosis","KEGG"
"EVM0006206",0,12,0,5,624,"Spliceosome","KEGG"
"EVM0006279",9,24,2,12,714,"Biosynthesis of cofactors","KEGG"
"EVM0006279",9,24,2,12,714,"Biosynthesis of secondary metabolites","KEGG"
"EVM0006279",9,24,2,12,714,"Cofactor biosyntheses","Reactome"
"EVM0006279",9,24,2,12,714,"Metabolic pathways","KEGG"
"EVM0006279",9,24,2,12,714,"Metabolism and regulation","Reactome"
"EVM0006279",9,24,2,12,714,"Porphyrin metabolism","KEGG"
"EVM0006279",9,24,2,12,714,"Tetrapyrrole biosynthesis I","Reactome"
"EVM0006291",6,16,5,19,1744,"Biosynthesis of secondary metabolites","KEGG"
"EVM0006291",6,16,5,19,1744,"Glycerolipid metabolism","KEGG"
"EVM0006291",6,16,5,19,1744,"Metabolic pathways","KEGG"
"EVM0006393",2,22,0,8,1062,"Base excision repair","KEGG"
"EVM0006393",2,22,0,8,1062,"Cell cycle","Reactome"
"EVM0006393",2,22,0,8,1062,"Cellular processes","Reactome"
"EVM0006393",2,22,0,8,1062,"DNA replication","KEGG"
"EVM0006393",2,22,0,8,1062,"DNA strand Elongation","Reactome"
"EVM0006393",2,22,0,8,1062,"Leading strand synthesis","Reactome"
"EVM0006393",2,22,0,8,1062,"Mismatch repair","KEGG"
"EVM0006393",2,22,0,8,1062,"Mitosis","Reactome"
"EVM0006393",2,22,0,8,1062,"Nucleotide excision repair","KEGG"
"EVM0006393",2,22,0,8,1062,"S phase","Reactome"
"EVM0006393",2,22,0,8,1062,"Synthesis of DNA","Reactome"
"EVM0006459",0,40,0,11,1106,"MAPK signaling pathway - plant","KEGG"
"EVM0006575",3,31,2,13,1610,"Aminoacyl-tRNA biosynthesis","KEGG"
"EVM0006600",5,23,3,5,695,"Cadherin signaling","KEGG"
"EVM0006624",12,4,3,7,939,"Plant hormone signal transduction","KEGG"
"EVM0006738",4,4,1,8,1083,"Plant-pathogen interaction","KEGG"
"EVM0006749",4,21,12,23,2250,"Growth and developmental processes","Reactome"
"EVM0006749",4,21,12,23,2250,"Inflorescence development","Reactome"
"EVM0006749",4,21,12,23,2250,"Reproductive structure development","Reactome"
"EVM0006749",4,21,12,23,2250,"Short day regulated expression of florigens","Reactome"
"EVM0006765",0,8,0,1,572,"Endocytosis","KEGG"
"EVM0006791",0,11,1,0,479,"Ribosome","KEGG"
"EVM0006945",0,14,0,4,540,"Ribosome","KEGG"
"EVM0007088",0,5,6,7,575,"Biosynthesis of secondary metabolites","KEGG"
"EVM0007088",0,5,6,7,575,"Metabolic pathways","KEGG"
"EVM0007088",0,5,6,7,575,"Phenylpropanoid biosynthesis","KEGG"
"EVM0007134",0,7,4,16,524,"Amino acid catabolism","Reactome"
"EVM0007134",0,7,4,16,524,"Amino acid metabolism","Reactome"
"EVM0007134",0,7,4,16,524,"Biosynthesis of secondary metabolites","KEGG"
"EVM0007134",0,7,4,16,524,"Fatty acid degradation","KEGG"
"EVM0007134",0,7,4,16,524,"Glycolysis / Gluconeogenesis","KEGG"
"EVM0007134",0,7,4,16,524,"Metabolic pathways","KEGG"
"EVM0007134",0,7,4,16,524,"Metabolism and regulation","Reactome"
"EVM0007134",0,7,4,16,524,"Phenylalanine degradation III","Reactome"
"EVM0007134",0,7,4,16,524,"Pyruvate metabolism","KEGG"
"EVM0007134",0,7,4,16,524,"Tyrosine metabolism","KEGG"
"EVM0007134",0,7,4,16,524,"alpha-Linolenic acid metabolism","KEGG"
"EVM0007146",1,2,2,5,594,"Efferocytosis","KEGG"
"EVM0007146",1,2,2,5,594,"Endocytosis","KEGG"
"EVM0007146",1,2,2,5,594,"Phagosome","KEGG"
"EVM0007370",0,18,1,7,440,"Nucleotide excision repair","KEGG"
"EVM0007370",0,18,1,7,440,"RNA polymerase","KEGG"
"EVM0007417",8,12,1,2,410,"Metabolic pathways","KEGG"
"EVM0007417",8,12,1,2,410,"Photosynthesis","KEGG"
"EVM0007448",0,4,1,10,1000,"Biosynthesis of cofactors","KEGG"
"EVM0007448",0,4,1,10,1000,"Biotin metabolism","KEGG"
"EVM0007448",0,4,1,10,1000,"Fatty acid biosynthesis","KEGG"
"EVM0007448",0,4,1,10,1000,"Fatty acid metabolism","KEGG"
"EVM0007448",0,4,1,10,1000,"Metabolic pathways","KEGG"
"EVM0007477",13,24,7,5,956,"Biosynthesis of secondary metabolites","KEGG"
"EVM0007477",13,24,7,5,956,"Metabolic pathways","KEGG"
"EVM0007477",13,24,7,5,956,"Phenylpropanoid biosynthesis","KEGG"
"EVM0007776",2,34,4,19,1424,"Amino sugar and nucleotide sugar metabolism","KEGG"
"EVM0007776",2,34,4,19,1424,"Ascorbate and aldarate metabolism","KEGG"
"EVM0007776",2,34,4,19,1424,"Biosynthesis of cofactors","KEGG"
"EVM0007776",2,34,4,19,1424,"Biosynthesis of nucleotide sugars","KEGG"
"EVM0007776",2,34,4,19,1424,"Biosynthesis of various nucleotide sugars","KEGG"
"EVM0007776",2,34,4,19,1424,"Carbohydrate metabolism","Reactome"
"EVM0007776",2,34,4,19,1424,"Galactose degradation II","Reactome"
"EVM0007776",2,34,4,19,1424,"Metabolic pathways","KEGG"
"EVM0007776",2,34,4,19,1424,"Metabolism and regulation","Reactome"
"EVM0007776",2,34,4,19,1424,"Pentose and glucuronate interconversions","KEGG"
"EVM0007776",2,34,4,19,1424,"UDP-D-xylose biosynthesis","Reactome"
"EVM0007776",2,34,4,19,1424,"UDP-L-arabinose biosynthesis and transport","Reactome"
"EVM0007793",0,13,0,0,419,"Ribosome","KEGG"
"EVM0007847",0,13,0,0,561,"Cysteine and methionine metabolism","KEGG"
"EVM0007847",0,13,0,0,561,"Metabolic pathways","KEGG"
"EVM0008015",6,11,1,2,433,"Biosynthesis of cofactors","KEGG"
"EVM0008015",6,11,1,2,433,"Biosynthesis of secondary metabolites","KEGG"
"EVM0008015",6,11,1,2,433,"Cofactor biosyntheses","Reactome"
"EVM0008015",6,11,1,2,433,"Flavin biosynthesis","Reactome"
"EVM0008015",6,11,1,2,433,"Metabolic pathways","KEGG"
"EVM0008015",6,11,1,2,433,"Metabolism and regulation","Reactome"
"EVM0008015",6,11,1,2,433,"Riboflavin metabolism","KEGG"
"EVM0008078",0,20,0,1,714,"Ribosome","KEGG"
"EVM0008121",0,5,3,15,1920,"Nucleocytoplasmic transport","KEGG"
"EVM0008142",5,79,5,32,1354,"Alanine, aspartate and glutamate metabolism","KEGG"
"EVM0008142",5,79,5,32,1354,"Amino acid catabolism","Reactome"
"EVM0008142",5,79,5,32,1354,"Amino acid metabolism","Reactome"
"EVM0008142",5,79,5,32,1354,"Biosynthesis of secondary metabolites","KEGG"
"EVM0008142",5,79,5,32,1354,"Butanoate metabolism","KEGG"
"EVM0008142",5,79,5,32,1354,"Glutamate degradation","Reactome"
"EVM0008142",5,79,5,32,1354,"Metabolic pathways","KEGG"
"EVM0008142",5,79,5,32,1354,"Metabolism and regulation","Reactome"
"EVM0008142",5,79,5,32,1354,"Taurine and hypotaurine metabolism","KEGG"
"EVM0008142",5,79,5,32,1354,"beta-Alanine metabolism","KEGG"
"EVM0008244",10,15,3,7,1254,"Viral life cycle - HIV-1","KEGG"
"EVM0008253",3,63,4,26,1246,"Nucleotide excision repair","KEGG"
"EVM0008253",3,63,4,26,1246,"Ubiquitin mediated proteolysis","KEGG"
"EVM0008366",0,6,0,1,567,"Peroxisome","KEGG"
"EVM0008399",0,7,0,4,665,"Ribosome","KEGG"
"EVM0008406",0,5,1,0,872,"Cadherin signaling","KEGG"
"EVM0008406",0,5,1,0,872,"mRNA surveillance pathway","KEGG"
"EVM0008453",15,123,1,23,1668,"RNA degradation","KEGG"
"EVM0008564",0,40,2,10,1268,"Fatty acid biosynthesis","KEGG"
"EVM0008564",0,40,2,10,1268,"Fatty acid metabolism","KEGG"
"EVM0008564",0,40,2,10,1268,"Metabolic pathways","KEGG"
"EVM0008579",0,80,0,21,1931,"Protein export","KEGG"
"EVM0008579",0,80,0,21,1931,"Protein processing in endoplasmic reticulum","KEGG"
"EVM0008587",0,13,2,4,799,"Biosynthesis of cofactors","KEGG"
"EVM0008587",0,13,2,4,799,"Biosynthesis of secondary metabolites","KEGG"
"EVM0008587",0,13,2,4,799,"Cofactor biosyntheses","Reactome"
"EVM0008587",0,13,2,4,799,"Metabolic pathways","KEGG"
"EVM0008587",0,13,2,4,799,"Metabolism and regulation","Reactome"
"EVM0008587",0,13,2,4,799,"Ubiquinone and other terpenoid-quinone biosynthesis","KEGG"
"EVM0008587",0,13,2,4,799,"Vitamin E biosynthesis","Reactome"
"EVM0008608",10,17,7,22,2199,"Nucleocytoplasmic transport","KEGG"
"EVM0008683",12,80,5,29,2485,"Aminoacyl-tRNA biosynthesis","KEGG"
"EVM0008721",8,8,2,0,480,"Biosynthesis of secondary metabolites","KEGG"
"EVM0008721",8,8,2,0,480,"Carbon metabolism","KEGG"
"EVM0008721",8,8,2,0,480,"Glycine, serine and threonine metabolism","KEGG"
"EVM0008721",8,8,2,0,480,"Glyoxylate and dicarboxylate metabolism","KEGG"
"EVM0008721",8,8,2,0,480,"Lipoic acid metabolism","KEGG"
"EVM0008721",8,8,2,0,480,"Metabolic pathways","KEGG"
"EVM0008721",8,8,2,0,480,"Metabolism and regulation","Reactome"
"EVM0008721",8,8,2,0,480,"One carbon pool by folate","KEGG"
"EVM0008721",8,8,2,0,480,"Photorespiration","Reactome"
"EVM0008732",2,7,1,1,619,"Auxin signalling","Reactome"
"EVM0008732",2,7,1,1,619,"Growth and developmental processes","Reactome"
"EVM0008732",2,7,1,1,619,"Hormone signaling, transport, and metabolism","Reactome"
"EVM0008732",2,7,1,1,619,"Metabolism and regulation","Reactome"
"EVM0008732",2,7,1,1,619,"Plant hormone signal transduction","KEGG"
"EVM0008732",2,7,1,1,619,"Regulation of seed size","Reactome"
"EVM0008732",2,7,1,1,619,"Reproductive structure development","Reactome"
"EVM0008732",2,7,1,1,619,"Seed development","Reactome"
"EVM0008767",2,5,5,6,438,"Protein processing in endoplasmic reticulum","KEGG"
"EVM0008785",0,9,5,31,440,"Metabolic pathways","KEGG"
"EVM0008785",0,9,5,31,440,"Starch and sucrose metabolism","KEGG"
"EVM0008794",1,19,3,10,1526,"Protein export","KEGG"
"EVM0008855",2,15,0,7,601,"Metabolic pathways","KEGG"
"EVM0008855",2,15,0,7,601,"Nucleotide metabolism","KEGG"
"EVM0008855",2,15,0,7,601,"Pyrimidine metabolism","KEGG"
"EVM0008984",8,29,10,14,1455,"Arginine and proline metabolism","KEGG"
"EVM0008984",8,29,10,14,1455,"Ascorbate and aldarate metabolism","KEGG"
"EVM0008984",8,29,10,14,1455,"Biosynthesis of cofactors","KEGG"
"EVM0008984",8,29,10,14,1455,"Biosynthesis of secondary metabolites","KEGG"
"EVM0008984",8,29,10,14,1455,"Fatty acid degradation","KEGG"
"EVM0008984",8,29,10,14,1455,"Glycerolipid metabolism","KEGG"
"EVM0008984",8,29,10,14,1455,"Glycolysis / Gluconeogenesis","KEGG"
"EVM0008984",8,29,10,14,1455,"Histidine metabolism","KEGG"
"EVM0008984",8,29,10,14,1455,"Lysine degradation","KEGG"
"EVM0008984",8,29,10,14,1455,"Metabolic pathways","KEGG"
"EVM0008984",8,29,10,14,1455,"Pantothenate and CoA biosynthesis","KEGG"
"EVM0008984",8,29,10,14,1455,"Pyruvate metabolism","KEGG"
"EVM0008984",8,29,10,14,1455,"Tryptophan metabolism","KEGG"
"EVM0008984",8,29,10,14,1455,"Valine, leucine and isoleucine degradation","KEGG"
"EVM0008984",8,29,10,14,1455,"beta-Alanine metabolism","KEGG"
"EVM0008993",1,1,0,1,624,"Ribosome","KEGG"
"EVM0009015",5,19,4,4,1808,"Metabolic pathways","KEGG"
"EVM0009015",5,19,4,4,1808,"Nucleotide metabolism","KEGG"
"EVM0009015",5,19,4,4,1808,"Pyrimidine metabolism","KEGG"
"EVM0009087",14,14,4,12,1832,"Fatty acid biosynthesis","KEGG"
"EVM0009087",14,14,4,12,1832,"Fatty acid degradation","KEGG"
"EVM0009087",14,14,4,12,1832,"Fatty acid metabolism","KEGG"
"EVM0009087",14,14,4,12,1832,"Metabolic pathways","KEGG"
"EVM0009087",14,14,4,12,1832,"Peroxisome","KEGG"
"EVM0009092",0,3,0,5,405,"ATP-dependent chromatin remodeling","KEGG"
"EVM0009130",12,6,10,17,2992,"Base excision repair","KEGG"
"EVM0009130",12,6,10,17,2992,"Cell cycle","Reactome"
"EVM0009130",12,6,10,17,2992,"Cellular processes","Reactome"
"EVM0009130",12,6,10,17,2992,"DNA replication","KEGG"
"EVM0009130",12,6,10,17,2992,"DNA strand Elongation","Reactome"
"EVM0009130",12,6,10,17,2992,"Leading strand synthesis","Reactome"
"EVM0009130",12,6,10,17,2992,"Mismatch repair","KEGG"
"EVM0009130",12,6,10,17,2992,"Mitosis","Reactome"
"EVM0009130",12,6,10,17,2992,"Nucleotide excision repair","KEGG"
"EVM0009130",12,6,10,17,2992,"S phase","Reactome"
"EVM0009130",12,6,10,17,2992,"Synthesis of DNA","Reactome"
"EVM0009177",2,33,2,9,802,"Lysosome biogenesis","KEGG"
"EVM0009177",2,33,2,9,802,"Plant-pathogen interaction","KEGG"
"EVM0009201",10,16,3,6,1194,"Endocytosis","KEGG"
"EVM0009201",10,16,3,6,1194,"Viral life cycle - HIV-1","KEGG"
"EVM0009201",10,16,3,6,1194,"Virion - Hepatitis viruses","KEGG"
"EVM0009239",0,23,5,9,1556,"Protein processing in endoplasmic reticulum","KEGG"
"EVM0009247",8,81,2,22,1716,"Ribosome biogenesis in eukaryotes","KEGG"
"EVM0009349",6,27,12,39,5291,"Proteasome","KEGG"
"EVM0009369",0,26,2,15,1437,"Amino sugar and nucleotide sugar metabolism","KEGG"
"EVM0009369",0,26,2,15,1437,"Ascorbate and aldarate metabolism","KEGG"
"EVM0009369",0,26,2,15,1437,"Biosynthesis of cofactors","KEGG"
"EVM0009369",0,26,2,15,1437,"Biosynthesis of nucleotide sugars","KEGG"
"EVM0009369",0,26,2,15,1437,"Biosynthesis of various nucleotide sugars","KEGG"
"EVM0009369",0,26,2,15,1437,"Carbohydrate metabolism","Reactome"
"EVM0009369",0,26,2,15,1437,"Metabolic pathways","KEGG"
"EVM0009369",0,26,2,15,1437,"Metabolism and regulation","Reactome"
"EVM0009369",0,26,2,15,1437,"Pentose and glucuronate interconversions","KEGG"
"EVM0009369",0,26,2,15,1437,"UDP-L-arabinose biosynthesis and transport","Reactome"
"EVM0009431",25,39,6,21,2741,"Ribosome biogenesis in eukaryotes","KEGG"
"EVM0009472",2,6,2,5,938,"Biosynthesis of cofactors","KEGG"
"EVM0009472",2,6,2,5,938,"Biotin metabolism","KEGG"
"EVM0009472",2,6,2,5,938,"Fatty acid biosynthesis","KEGG"
"EVM0009472",2,6,2,5,938,"Fatty acid metabolism","KEGG"
"EVM0009472",2,6,2,5,938,"Metabolic pathways","KEGG"
"EVM0009508",6,38,4,7,2096,"Ribosome biogenesis in eukaryotes","KEGG"
"EVM0009524",3,44,1,14,1874,"Spliceosome","KEGG"
"EVM0009548",10,16,6,11,2685,"Amino acid biosynthesis","Reactome"
"EVM0009548",10,16,6,11,2685,"Amino acid metabolism","Reactome"
"EVM0009548",10,16,6,11,2685,"Biosynthesis of amino acids","KEGG"
"EVM0009548",10,16,6,11,2685,"Biosynthesis of secondary metabolites","KEGG"
"EVM0009548",10,16,6,11,2685,"Cysteine and methionine metabolism","KEGG"
"EVM0009548",10,16,6,11,2685,"Glycine, serine and threonine metabolism","KEGG"
"EVM0009548",10,16,6,11,2685,"Homoserine biosynthesis","Reactome"
"EVM0009548",10,16,6,11,2685,"Lysine biosynthesis","KEGG"
"EVM0009548",10,16,6,11,2685,"Lysine biosynthesis I","Reactome"
"EVM0009548",10,16,6,11,2685,"Lysine biosynthesis II","Reactome"
"EVM0009548",10,16,6,11,2685,"Lysine biosynthesis VI","Reactome"
"EVM0009548",10,16,6,11,2685,"Metabolic pathways","KEGG"
"EVM0009548",10,16,6,11,2685,"Metabolism and regulation","Reactome"
"EVM0009548",10,16,6,11,2685,"Monobactam biosynthesis","KEGG"
"EVM0009563",0,8,3,12,1318,"Plant hormone signal transduction","KEGG"
"EVM0009563",0,8,3,12,1318,"Plant-pathogen interaction","KEGG"
"EVM0009608",20,42,6,18,2536,"Inositol phosphate metabolism","KEGG"
"EVM0009608",20,42,6,18,2536,"Metabolic pathways","KEGG"
"EVM0009608",20,42,6,18,2536,"Phosphatidylinositol signaling system","KEGG"
"EVM0009682",1,7,0,2,461,"Nucleocytoplasmic transport","KEGG"
"EVM0009682",1,7,0,2,461,"Spliceosome","KEGG"
"EVM0009682",1,7,0,2,461,"mRNA surveillance pathway","KEGG"
"EVM0009689",2,63,5,8,2926,"Efferocytosis","KEGG"
"EVM0009689",2,63,5,8,2926,"Lysosome biogenesis","KEGG"
"EVM0009749",0,6,1,7,261,"Autophagy - other","KEGG"
"EVM0009880",0,18,5,15,1621,"Protein processing in endoplasmic reticulum","KEGG"
"EVM0009886",37,21,4,7,1072,"Amino sugar and nucleotide sugar metabolism","KEGG"
"EVM0009886",37,21,4,7,1072,"Biosynthesis of nucleotide sugars","KEGG"
"EVM0009886",37,21,4,7,1072,"Metabolic pathways","KEGG"
"EVM0009915",21,52,2,8,1284,"2-Oxocarboxylic acid metabolism","KEGG"
"EVM0009915",21,52,2,8,1284,"Alanine, aspartate and glutamate metabolism","KEGG"
"EVM0009915",21,52,2,8,1284,"Biosynthesis of secondary metabolites","KEGG"
"EVM0009915",21,52,2,8,1284,"Carbon metabolism","KEGG"
"EVM0009915",21,52,2,8,1284,"Cysteine and methionine metabolism","KEGG"
"EVM0009915",21,52,2,8,1284,"Glycine, serine and threonine metabolism","KEGG"
"EVM0009915",21,52,2,8,1284,"Glyoxylate and dicarboxylate metabolism","KEGG"
"EVM0009915",21,52,2,8,1284,"Metabolic pathways","KEGG"
"EVM0009915",21,52,2,8,1284,"Valine, leucine and isoleucine degradation","KEGG"
"EVM0009944",4,25,11,30,781,"Biosynthesis of secondary metabolites","KEGG"
"EVM0009944",4,25,11,30,781,"Metabolic pathways","KEGG"
"EVM0009944",4,25,11,30,781,"Tropane, piperidine and pyridine alkaloid biosynthesis","KEGG"
"EVM0010000",0,11,1,9,805,"Nucleotide excision repair","KEGG"
"EVM0010000",0,11,1,9,805,"RNA polymerase","KEGG"
"EVM0010054",5,28,2,14,1023,"Biosynthesis of secondary metabolites","KEGG"
"EVM0010054",5,28,2,14,1023,"Choline biosynthesis III","Reactome"
"EVM0010054",5,28,2,14,1023,"Ether lipid metabolism","KEGG"
"EVM0010054",5,28,2,14,1023,"Fatty acid and lipid metabolism","Reactome"
"EVM0010054",5,28,2,14,1023,"Glycerophospholipid metabolism","KEGG"
"EVM0010054",5,28,2,14,1023,"Metabolic pathways","KEGG"
"EVM0010054",5,28,2,14,1023,"Metabolism and regulation","Reactome"
"EVM0010054",5,28,2,14,1023,"Phosphonate and phosphinate metabolism","KEGG"
"EVM0010222",0,58,1,14,991,"Metabolism and regulation","Reactome"
"EVM0010222",0,58,1,14,991,"Polyisoprenoid biosynthesis","Reactome"
"EVM0010222",0,58,1,14,991,"Secondary metabolism","Reactome"
"EVM0010319",2,7,9,8,876,"Nucleocytoplasmic transport","KEGG"
"EVM0010319",2,7,9,8,876,"Ribosome biogenesis in eukaryotes","KEGG"
"EVM0010366",11,28,7,15,1700,"Galactose metabolism","KEGG"
"EVM0010366",11,28,7,15,1700,"Starch and sucrose metabolism","KEGG"
"EVM0010401",1,3,3,11,745,"Amino acid biosynthesis","Reactome"
"EVM0010401",1,3,3,11,745,"Amino acid metabolism","Reactome"
"EVM0010401",1,3,3,11,745,"Biosynthesis of secondary metabolites","KEGG"
"EVM0010401",1,3,3,11,745,"Carbon metabolism","KEGG"
"EVM0010401",1,3,3,11,745,"Glutamate biosynthesis I","Reactome"
"EVM0010401",1,3,3,11,745,"Glyoxylate and dicarboxylate metabolism","KEGG"
"EVM0010401",1,3,3,11,745,"Metabolic pathways","KEGG"
"EVM0010401",1,3,3,11,745,"Metabolism and regulation","Reactome"
"EVM0010401",1,3,3,11,745,"Peroxisome","KEGG"
"EVM0010414",1,2,0,4,460,"Nucleocytoplasmic transport","KEGG"
"EVM0010414",1,2,0,4,460,"Spliceosome","KEGG"
"EVM0010414",1,2,0,4,460,"mRNA surveillance pathway","KEGG"
"EVM0010732",6,102,24,41,2082,"Plant hormone signal transduction","KEGG"
"EVM0010750",6,25,5,14,1102,"Protein processing in endoplasmic reticulum","KEGG"
"EVM0010822",11,17,6,7,1615,"Other types of O-glycan biosynthesis","KEGG"
"EVM0010845",18,73,4,40,1335,"Biosynthesis of cofactors","KEGG"
"EVM0010845",18,73,4,40,1335,"Biosynthesis of secondary metabolites","KEGG"
"EVM0010845",18,73,4,40,1335,"Cofactor biosyntheses","Reactome"
"EVM0010845",18,73,4,40,1335,"Flavin biosynthesis","Reactome"
"EVM0010845",18,73,4,40,1335,"Folate biosynthesis","KEGG"
"EVM0010845",18,73,4,40,1335,"Metabolic pathways","KEGG"
"EVM0010845",18,73,4,40,1335,"Metabolism and regulation","Reactome"
"EVM0010845",18,73,4,40,1335,"Riboflavin metabolism","KEGG"
"EVM0010881",42,105,12,38,2701,"Galactose metabolism","KEGG"
"EVM0010881",42,105,12,38,2701,"Metabolic pathways","KEGG"
"EVM0010881",42,105,12,38,2701,"Other glycan degradation","KEGG"
"EVM0010881",42,105,12,38,2701,"Sphingolipid metabolism","KEGG"
"EVM0010891",33,9,21,16,2337,"Inositol phosphate metabolism","KEGG"
"EVM0010891",33,9,21,16,2337,"Lysosome biogenesis","KEGG"
"EVM0010891",33,9,21,16,2337,"Metabolic pathways","KEGG"
"EVM0011064",16,39,6,14,2457,"MAPK signaling pathway - plant","KEGG"
"EVM0011088",4,9,0,9,2347,"RNA degradation","KEGG"
"EVM0011120",0,6,2,5,909,"Biosynthesis of secondary metabolites","KEGG"
"EVM0011120",0,6,2,5,909,"Metabolic pathways","KEGG"
"EVM0011120",0,6,2,5,909,"Nicotinate and nicotinamide metabolism","KEGG"
"EVM0011120",0,6,2,5,909,"Nucleotide metabolism","KEGG"
"EVM0011120",0,6,2,5,909,"Purine metabolism","KEGG"
"EVM0011120",0,6,2,5,909,"Pyrimidine metabolism","KEGG"
"EVM0011174",7,27,3,15,651,"Ascorbate and aldarate metabolism","KEGG"
"EVM0011174",7,27,3,15,651,"Ascorbate biosynthesis","Reactome"
"EVM0011174",7,27,3,15,651,"Biosynthesis of cofactors","KEGG"
"EVM0011174",7,27,3,15,651,"Biosynthesis of secondary metabolites","KEGG"
"EVM0011174",7,27,3,15,651,"Cofactor biosyntheses","Reactome"
"EVM0011174",7,27,3,15,651,"Metabolic pathways","KEGG"
"EVM0011174",7,27,3,15,651,"Metabolism and regulation","Reactome"
"EVM0011406",4,67,4,22,1673,"Amino sugar and nucleotide sugar metabolism","KEGG"
"EVM0011406",4,67,4,22,1673,"Metabolic pathways","KEGG"
"EVM0011410",24,46,9,9,1349,"Cytoskeleton in muscle cells","KEGG"
"EVM0011437",0,62,2,18,1877,"Activation of pre-replication complex","Reactome"
"EVM0011437",0,62,2,18,1877,"Assembly of pre-replication complex","Reactome"
"EVM0011437",0,62,2,18,1877,"Cell cycle","Reactome"
"EVM0011437",0,62,2,18,1877,"Cellular processes","Reactome"
"EVM0011437",0,62,2,18,1877,"DNA replication","KEGG"
"EVM0011437",0,62,2,18,1877,"DNA replication Initiation","Reactome"
"EVM0011437",0,62,2,18,1877,"G1/S transition","Reactome"
"EVM0011437",0,62,2,18,1877,"Mitosis","Reactome"
"EVM0011437",0,62,2,18,1877,"S phase","Reactome"
"EVM0011437",0,62,2,18,1877,"Synthesis of DNA","Reactome"
"EVM0011497",21,33,4,7,4586,"Protein processing in endoplasmic reticulum","KEGG"
"EVM0011637",3,17,1,4,749,"Amino sugar and nucleotide sugar metabolism","KEGG"
"EVM0011637",3,17,1,4,749,"Biosynthesis of nucleotide sugars","KEGG"
"EVM0011637",3,17,1,4,749,"Metabolic pathways","KEGG"
"EVM0011672",0,1,0,3,1086,"Amino acid biosynthesis","Reactome"
"EVM0011672",0,1,0,3,1086,"Amino acid metabolism","Reactome"
"EVM0011672",0,1,0,3,1086,"Generation of precursor metabolites and energy","Reactome"
"EVM0011672",0,1,0,3,1086,"Leucine biosynthesis","Reactome"
"EVM0011672",0,1,0,3,1086,"Metabolism and regulation","Reactome"
"EVM0011672",0,1,0,3,1086,"TCA cycle (plant)","Reactome"
"EVM0011677",3,14,1,6,1025,"Amino sugar and nucleotide sugar metabolism","KEGG"
"EVM0011677",3,14,1,6,1025,"Biosynthesis of nucleotide sugars","KEGG"
"EVM0011677",3,14,1,6,1025,"Biosynthesis of secondary metabolites","KEGG"
"EVM0011677",3,14,1,6,1025,"Fructose and mannose metabolism","KEGG"
"EVM0011677",3,14,1,6,1025,"Metabolic pathways","KEGG"
"EVM0011677",3,14,1,6,1025,"Starch and sucrose metabolism","KEGG"
"EVM0011706",2,22,3,8,763,"Biosynthesis of various nucleotide sugars","KEGG"
"EVM0011736",3,18,2,6,1282,"Biosynthesis of secondary metabolites","KEGG"
"EVM0011736",3,18,2,6,1282,"Butanoate metabolism","KEGG"
"EVM0011736",3,18,2,6,1282,"Carbon metabolism","KEGG"
"EVM0011736",3,18,2,6,1282,"Glycolysis / Gluconeogenesis","KEGG"
"EVM0011736",3,18,2,6,1282,"Glyoxylate and dicarboxylate metabolism","KEGG"
"EVM0011736",3,18,2,6,1282,"Metabolic pathways","KEGG"
"EVM0011736",3,18,2,6,1282,"Pyruvate metabolism","KEGG"
"EVM0011813",10,22,2,14,1990,"Plant hormone signal transduction","KEGG"
"EVM0011815",10,23,5,8,1344,"Base excision repair","KEGG"
"EVM0011834",0,33,2,17,997,"Protein processing in endoplasmic reticulum","KEGG"
"EVM0011886",0,7,0,0,408,"Ribosome","KEGG"
"EVM0012017",0,24,1,7,1104,"Amino acid biosynthesis","Reactome"
"EVM0012017",0,24,1,7,1104,"Amino acid metabolism","Reactome"
"EVM0012017",0,24,1,7,1104,"Biosynthesis of amino acids","KEGG"
"EVM0012017",0,24,1,7,1104,"Biosynthesis of secondary metabolites","KEGG"
"EVM0012017",0,24,1,7,1104,"D-Amino acid metabolism","KEGG"
"EVM0012017",0,24,1,7,1104,"Lysine biosynthesis","KEGG"
"EVM0012017",0,24,1,7,1104,"Lysine biosynthesis I","Reactome"
"EVM0012017",0,24,1,7,1104,"Lysine biosynthesis II","Reactome"
"EVM0012017",0,24,1,7,1104,"Lysine biosynthesis VI","Reactome"
"EVM0012017",0,24,1,7,1104,"Metabolic pathways","KEGG"
"EVM0012017",0,24,1,7,1104,"Metabolism and regulation","Reactome"
"EVM0012099",0,7,1,4,822,"Lysosome biogenesis","KEGG"
"EVM0012117",0,36,6,27,1638,"Galactose metabolism","KEGG"
"EVM0012117",0,36,6,27,1638,"Starch and sucrose metabolism","KEGG"
"EVM0012180",2,39,3,16,779,"RNA degradation","KEGG"
"EVM0012207",3,24,4,11,1392,"Protein processing in endoplasmic reticulum","KEGG"
"EVM0012244",3,31,4,4,758,"Biosynthesis of secondary metabolites","KEGG"
"EVM0012244",3,31,4,4,758,"Sesquiterpenoid and triterpenoid biosynthesis","KEGG"
"EVM0012244",3,31,4,4,758,"Terpenoid backbone biosynthesis","KEGG"
"EVM0012304",4,12,2,2,618,"Glycerophospholipid metabolism","KEGG"
"EVM0012304",4,12,2,2,618,"Inositol phosphate metabolism","KEGG"
"EVM0012304",4,12,2,2,618,"Metabolic pathways","KEGG"
"EVM0012304",4,12,2,2,618,"Phosphatidylinositol signaling system","KEGG"
"EVM0012399",4,36,1,14,1422,"Amino acid biosynthesis","Reactome"
"EVM0012399",4,36,1,14,1422,"Amino acid metabolism","Reactome"
"EVM0012399",4,36,1,14,1422,"Biosynthesis of amino acids","KEGG"
"EVM0012399",4,36,1,14,1422,"Biosynthesis of secondary metabolites","KEGG"
"EVM0012399",4,36,1,14,1422,"Histidine biosynthesis I","Reactome"
"EVM0012399",4,36,1,14,1422,"Histidine metabolism","KEGG"
"EVM0012399",4,36,1,14,1422,"Metabolic pathways","KEGG"
"EVM0012399",4,36,1,14,1422,"Metabolism and regulation","Reactome"
"EVM0012500",3,29,2,12,1685,"ABC transporters","KEGG"
"EVM0012507",26,52,4,6,3094,"Ubiquitin mediated proteolysis","KEGG"
"EVM0012515",23,67,14,51,1490,"Plant hormone signal transduction","KEGG"
"EVM0012515",23,67,14,51,1490,"Purine metabolism","KEGG"
"EVM0012541",5,8,4,5,1140,"Carbohydrate metabolism","Reactome"
"EVM0012541",5,8,4,5,1140,"Metabolism and regulation","Reactome"
"EVM0012541",5,8,4,5,1140,"Trehalose biosynthesis I","Reactome"
"EVM0012687",2,20,3,5,717,"Butanoate metabolism","KEGG"
"EVM0012687",2,20,3,5,717,"Carbon metabolism","KEGG"
"EVM0012687",2,20,3,5,717,"Metabolic pathways","KEGG"
"EVM0012687",2,20,3,5,717,"Phenylalanine metabolism","KEGG"
"EVM0012706",0,45,0,7,1000,"Growth and developmental processes","Reactome"
"EVM0012706",0,45,0,7,1000,"Regulation of seed size","Reactome"
"EVM0012706",0,45,0,7,1000,"Reproductive structure development","Reactome"
"EVM0012706",0,45,0,7,1000,"Seed development","Reactome"
"EVM0012738",0,19,0,11,982,"Alanine biosynthesis III","Reactome"
"EVM0012738",0,19,0,11,982,"Amino acid biosynthesis","Reactome"
"EVM0012738",0,19,0,11,982,"Amino acid catabolism","Reactome"
"EVM0012738",0,19,0,11,982,"Amino acid metabolism","Reactome"
"EVM0012738",0,19,0,11,982,"Biosynthesis of cofactors","KEGG"
"EVM0012738",0,19,0,11,982,"Cysteine degradation","Reactome"
"EVM0012738",0,19,0,11,982,"Metabolic pathways","KEGG"
"EVM0012738",0,19,0,11,982,"Metabolism and regulation","Reactome"
"EVM0012738",0,19,0,11,982,"Sulfur relay system","KEGG"
"EVM0012738",0,19,0,11,982,"Thiamine metabolism","KEGG"
"EVM0012757",5,35,1,10,759,"Lysosome biogenesis","KEGG"
"EVM0012921",0,15,1,10,1174,"2-Oxocarboxylic acid metabolism","KEGG"
"EVM0012921",0,15,1,10,1174,"Alanine, aspartate and glutamate metabolism","KEGG"
"EVM0012921",0,15,1,10,1174,"Biosynthesis of secondary metabolites","KEGG"
"EVM0012921",0,15,1,10,1174,"Carbon metabolism","KEGG"
"EVM0012921",0,15,1,10,1174,"Glycine, serine and threonine metabolism","KEGG"
"EVM0012921",0,15,1,10,1174,"Glyoxylate and dicarboxylate metabolism","KEGG"
"EVM0012921",0,15,1,10,1174,"Metabolic pathways","KEGG"
"EVM0012921",0,15,1,10,1174,"Metabolism and regulation","Reactome"
"EVM0012921",0,15,1,10,1174,"Peroxisome","KEGG"
"EVM0012921",0,15,1,10,1174,"Photorespiration","Reactome"
"EVM0012926",0,6,0,3,800,"Fatty acid and lipid metabolism","Reactome"
"EVM0012926",0,6,0,3,800,"Metabolic pathways","KEGG"
"EVM0012926",0,6,0,3,800,"Metabolism and regulation","Reactome"
"EVM0012926",0,6,0,3,800,"Sphingolipid metabolism","KEGG;Reactome"
"EVM0012944",9,42,8,7,1199,"Aminoacyl-tRNA biosynthesis","KEGG"
"EVM0013054",4,18,0,8,2114,"Nucleocytoplasmic transport","KEGG"
"EVM0013068",5,49,1,13,1772,"Spliceosome","KEGG"
"EVM0013088",0,32,0,10,1043,"Motor proteins","KEGG"
"EVM0013152",0,17,0,5,682,"Biosynthesis of secondary metabolites","KEGG"
"EVM0013152",0,17,0,5,682,"Metabolic pathways","KEGG"
"EVM0013152",0,17,0,5,682,"Phenylpropanoid biosynthesis","KEGG"
"EVM0013250",0,3,0,1,292,"Metabolic pathways","KEGG"
"EVM0013250",0,3,0,1,292,"Oxidative phosphorylation","KEGG"
"EVM0013309",6,25,2,21,2960,"Ubiquitin mediated proteolysis","KEGG"
"EVM0013326",18,44,29,16,2972,"Basal transcription factors","KEGG"
"EVM0013427",0,21,0,7,875,"Ribosome","KEGG"
"EVM0013440",1,9,1,3,907,"Circadian rhythm - plant","KEGG"
"EVM0013440",1,9,1,3,907,"Ribosome biogenesis in eukaryotes","KEGG"
"EVM0013494",3,15,0,12,1152,"Ribosome","KEGG"
"EVM0013514",11,11,4,9,591,"Fructose and mannose metabolism","KEGG"
"EVM0013514",11,11,4,9,591,"Metabolic pathways","KEGG"
"EVM0013522",0,13,0,0,447,"Ribosome","KEGG"
"EVM0013532",0,43,8,12,1264,"Metabolic pathways","KEGG"
"EVM0013532",0,43,8,12,1264,"N-Glycan biosynthesis","KEGG"
"EVM0013532",0,43,8,12,1264,"Protein processing in endoplasmic reticulum","KEGG"
"EVM0013532",0,43,8,12,1264,"Various types of N-glycan biosynthesis","KEGG"
"EVM0013685",2,25,0,13,957,"Biosynthesis of secondary metabolites","KEGG"
"EVM0013685",2,25,0,13,957,"Metabolic pathways","KEGG"
"EVM0013685",2,25,0,13,957,"Porphyrin metabolism","KEGG"
"EVM0013816",0,5,3,2,993,"ATP-dependent chromatin remodeling","KEGG"
"EVM0013888",0,60,1,8,1567,"Metabolic pathways","KEGG"
"EVM0013888",0,60,1,8,1567,"N-Glycan biosynthesis","KEGG"
"EVM0013888",0,60,1,8,1567,"Protein processing in endoplasmic reticulum","KEGG"
"EVM0013888",0,60,1,8,1567,"Various types of N-glycan biosynthesis","KEGG"
"EVM0013907",3,46,0,5,948,"Biosynthesis of cofactors","KEGG"
"EVM0013907",3,46,0,5,948,"Biosynthesis of secondary metabolites","KEGG"
"EVM0013907",3,46,0,5,948,"Metabolic pathways","KEGG"
"EVM0013907",3,46,0,5,948,"Ubiquinone and other terpenoid-quinone biosynthesis","KEGG"
"EVM0014032",16,39,4,20,885,"Nucleocytoplasmic transport","KEGG"
"EVM0014032",16,39,4,20,885,"mRNA surveillance pathway","KEGG"
"EVM0014077",0,1,0,2,611,"Metabolic pathways","KEGG"
"EVM0014077",0,1,0,2,611,"Photosynthesis","KEGG"
"EVM0014109",4,3,6,9,918,"SNARE interactions in vesicular transport","KEGG"
"EVM0014193",10,12,3,2,1143,"Amine and polyamine biosynthesis","Reactome"
"EVM0014193",10,12,3,2,1143,"Arginine and proline metabolism","KEGG"
"EVM0014193",10,12,3,2,1143,"Biosynthesis of secondary metabolites","KEGG"
"EVM0014193",10,12,3,2,1143,"Cysteine and methionine metabolism","KEGG"
"EVM0014193",10,12,3,2,1143,"Glutathione metabolism","KEGG"
"EVM0014193",10,12,3,2,1143,"Metabolic pathways","KEGG"
"EVM0014193",10,12,3,2,1143,"Metabolism and regulation","Reactome"
"EVM0014193",10,12,3,2,1143,"Spermidine biosynthesis","Reactome"
"EVM0014193",10,12,3,2,1143,"Spermine biosynthesis","Reactome"
"EVM0014195",0,6,1,17,2025,"Activation of pre-replication complex","Reactome"
"EVM0014195",0,6,1,17,2025,"Assembly of pre-replication complex","Reactome"
"EVM0014195",0,6,1,17,2025,"Cell cycle","Reactome"
"EVM0014195",0,6,1,17,2025,"Cellular processes","Reactome"
"EVM0014195",0,6,1,17,2025,"DNA replication","KEGG"
"EVM0014195",0,6,1,17,2025,"DNA replication Initiation","Reactome"
"EVM0014195",0,6,1,17,2025,"G1/S transition","Reactome"
"EVM0014195",0,6,1,17,2025,"Mitosis","Reactome"
"EVM0014195",0,6,1,17,2025,"S phase","Reactome"
"EVM0014195",0,6,1,17,2025,"Synthesis of DNA","Reactome"
"EVM0014209",10,37,6,14,1540,"Amino sugar and nucleotide sugar metabolism","KEGG"
"EVM0014209",10,37,6,14,1540,"Glycosaminoglycan degradation","KEGG"
"EVM0014209",10,37,6,14,1540,"Glycosphingolipid biosynthesis - ganglio series","KEGG"
"EVM0014209",10,37,6,14,1540,"Glycosphingolipid biosynthesis - globo and isoglobo series","KEGG"
"EVM0014209",10,37,6,14,1540,"Lysosome biogenesis","KEGG"
"EVM0014209",10,37,6,14,1540,"Metabolic pathways","KEGG"
"EVM0014209",10,37,6,14,1540,"Other glycan degradation","KEGG"
"EVM0014209",10,37,6,14,1540,"Sphingolipid metabolism","KEGG"
"EVM0014209",10,37,6,14,1540,"Various types of N-glycan biosynthesis","KEGG"
"EVM0014236",0,2,0,6,1136,"Plant-pathogen interaction","KEGG"
"EVM0014264",21,15,6,10,1755,"Biosynthesis of secondary metabolites","KEGG"
"EVM0014264",21,15,6,10,1755,"Cutin, suberine and wax biosynthesis","KEGG"
"EVM0014288",0,7,0,5,808,"Circadian rhythm","Reactome"
"EVM0014288",0,7,0,5,808,"Circadian rhythm - plant","KEGG"
"EVM0014288",0,7,0,5,808,"Polycomb repressive complex","KEGG"
"EVM0014288",0,7,0,5,808,"Ribosome biogenesis in eukaryotes","KEGG"
"EVM0014319",5,15,2,12,1452,"Protein processing in endoplasmic reticulum","KEGG"
"EVM0014319",5,15,2,12,1452,"Ubiquitin mediated proteolysis","KEGG"
"EVM0014351",0,16,0,1,741,"Ribosome","KEGG"
"EVM0014356",2,45,0,15,737,"Glyoxylate and dicarboxylate metabolism","KEGG"
"EVM0014356",2,45,0,15,737,"Metabolic pathways","KEGG"
"EVM0014356",2,45,0,15,737,"One carbon pool by folate","KEGG"
"EVM0014424",4,17,3,4,1293,"Ascorbate and aldarate metabolism","KEGG"
"EVM0014424",4,17,3,4,1293,"Biosynthesis of cofactors","KEGG"
"EVM0014424",4,17,3,4,1293,"Biosynthesis of secondary metabolites","KEGG"
"EVM0014424",4,17,3,4,1293,"Metabolic pathways","KEGG"
"EVM0014434",3,19,3,5,1073,"Growth and developmental processes","Reactome"
"EVM0014434",3,19,3,5,1073,"Metabolic pathways","KEGG"
"EVM0014434",3,19,3,5,1073,"N-Glycan biosynthesis","KEGG"
"EVM0014434",3,19,3,5,1073,"Primary root development","Reactome"
"EVM0014434",3,19,3,5,1073,"Protein processing in endoplasmic reticulum","KEGG"
"EVM0014434",3,19,3,5,1073,"Root structure development","Reactome"
"EVM0014434",3,19,3,5,1073,"Various types of N-glycan biosynthesis","KEGG"
"EVM0014434",3,19,3,5,1073,"Vegetative structure development","Reactome"
"EVM0014442",1,4,0,12,264,"Biosynthesis of cofactors","KEGG"
"EVM0014442",1,4,0,12,264,"Folate biosynthesis","KEGG"
"EVM0014528",3,13,2,6,1404,"Biosynthesis of amino acids","KEGG"
"EVM0014528",3,13,2,6,1404,"Biosynthesis of secondary metabolites","KEGG"
"EVM0014528",3,13,2,6,1404,"Carbon metabolism","KEGG"
"EVM0014528",3,13,2,6,1404,"Fructose and mannose metabolism","KEGG"
"EVM0014528",3,13,2,6,1404,"Galactose metabolism","KEGG"
"EVM0014528",3,13,2,6,1404,"Glycolysis / Gluconeogenesis","KEGG"
"EVM0014528",3,13,2,6,1404,"Metabolic pathways","KEGG"
"EVM0014528",3,13,2,6,1404,"Pentose phosphate pathway","KEGG"
"EVM0014528",3,13,2,6,1404,"RNA degradation","KEGG"
"EVM0014722",0,8,2,5,402,"Ribosome","KEGG"
"EVM0014754",0,3,0,7,297,"RNA degradation","KEGG"
"EVM0014754",0,3,0,7,297,"Spliceosome","KEGG"
"EVM0014785",12,12,10,11,1503,"Circadian rhythm - plant","KEGG"
"EVM0014807",3,27,2,8,722,"Metabolic pathways","KEGG"
"EVM0014807",3,27,2,8,722,"N-Glycan biosynthesis","KEGG"
"EVM0014807",3,27,2,8,722,"Various types of N-glycan biosynthesis","KEGG"
"EVM0014837",2,16,0,6,508,"Biosynthesis of secondary metabolites","KEGG"
"EVM0014837",2,16,0,6,508,"Cholesterol biosynthesis I","Reactome"
"EVM0014837",2,16,0,6,508,"Cholesterol biosynthesis II (via 24,25-dihydrolanosterol)","Reactome"
"EVM0014837",2,16,0,6,508,"Cholesterol biosynthesis III (via desmosterol)","Reactome"
"EVM0014837",2,16,0,6,508,"Fatty acid and lipid metabolism","Reactome"
"EVM0014837",2,16,0,6,508,"Metabolic pathways","KEGG"
"EVM0014837",2,16,0,6,508,"Metabolism and regulation","Reactome"
"EVM0014837",2,16,0,6,508,"Secondary metabolism","Reactome"
"EVM0014837",2,16,0,6,508,"Steroid biosynthesis","KEGG"
"EVM0014837",2,16,0,6,508,"Sterol biosynthesis","Reactome"
"EVM0014872",4,31,0,13,2667,"Efferocytosis","KEGG"
"EVM0014872",4,31,0,13,2667,"Lysosome biogenesis","KEGG"
"EVM0014879",0,5,4,7,1023,"2-Oxocarboxylic acid metabolism","KEGG"
"EVM0014879",0,5,4,7,1023,"Biosynthesis of secondary metabolites","KEGG"
"EVM0014879",0,5,4,7,1023,"Carbon metabolism","KEGG"
"EVM0014879",0,5,4,7,1023,"Citrate cycle","KEGG"
"EVM0014879",0,5,4,7,1023,"Glycolysis / Gluconeogenesis","KEGG"
"EVM0014879",0,5,4,7,1023,"Lipoic acid metabolism","KEGG"
"EVM0014879",0,5,4,7,1023,"Metabolic pathways","KEGG"
"EVM0014879",0,5,4,7,1023,"Pyruvate metabolism","KEGG"
"EVM0014950",5,5,0,1,1152,"Arginine and proline metabolism","KEGG"
"EVM0014950",5,5,0,1,1152,"Biosynthesis of secondary metabolites","KEGG"
"EVM0014950",5,5,0,1,1152,"Cysteine and methionine metabolism","KEGG"
"EVM0014950",5,5,0,1,1152,"Glutathione metabolism","KEGG"
"EVM0014950",5,5,0,1,1152,"Metabolic pathways","KEGG"
"EVM0014982",0,6,0,2,573,"Endocytosis","KEGG"
"EVM0014985",10,57,5,15,2445,"Lysosome biogenesis","KEGG"
"EVM0014994",0,27,1,3,1050,"Bacterial invasion of epithelial cells","KEGG"
"EVM0014994",0,27,1,3,1050,"Cadherin signaling","KEGG"
"EVM0014994",0,27,1,3,1050,"Endocytosis","KEGG"
"EVM0014994",0,27,1,3,1050,"IgSF CAM signaling","KEGG"
"EVM0015017",0,18,0,7,528,"mRNA surveillance pathway","KEGG"
"EVM0015046",10,24,11,15,4180,"Nucleocytoplasmic transport","KEGG"
"EVM0015048",0,10,0,1,490,"Proteasome","KEGG"
"EVM0015071",0,47,1,10,1341,"Selenocompound metabolism","KEGG"
"EVM0015275",54,6,0,0,796,"Amino sugar and nucleotide sugar metabolism","KEGG"
"EVM0015275",54,6,0,0,796,"Biosynthesis of nucleotide sugars","KEGG"
"EVM0015275",54,6,0,0,796,"Metabolic pathways","KEGG"
"EVM0015305",2,32,0,11,1174,"2-Oxocarboxylic acid metabolism","KEGG"
"EVM0015305",2,32,0,11,1174,"Amino acid biosynthesis","Reactome"
"EVM0015305",2,32,0,11,1174,"Amino acid metabolism","Reactome"
"EVM0015305",2,32,0,11,1174,"Biosynthesis of amino acids","KEGG"
"EVM0015305",2,32,0,11,1174,"Biosynthesis of secondary metabolites","KEGG"
"EVM0015305",2,32,0,11,1174,"Butanoate metabolism","KEGG"
"EVM0015305",2,32,0,11,1174,"C5-Branched dibasic acid metabolism","KEGG"
"EVM0015305",2,32,0,11,1174,"Isoleucine biosynthesis from threonine","Reactome"
"EVM0015305",2,32,0,11,1174,"Metabolic pathways","KEGG"
"EVM0015305",2,32,0,11,1174,"Metabolism and regulation","Reactome"
"EVM0015305",2,32,0,11,1174,"Pantothenate and CoA biosynthesis","KEGG"
"EVM0015305",2,32,0,11,1174,"Valine biosynthesis","Reactome"
"EVM0015305",2,32,0,11,1174,"Valine, leucine and isoleucine biosynthesis","KEGG"
"EVM0015358",0,24,4,30,1182,"Biosynthesis of secondary metabolites","KEGG"
"EVM0015358",0,24,4,30,1182,"Carbon fixation by Calvin cycle","KEGG"
"EVM0015358",0,24,4,30,1182,"Carbon metabolism","KEGG"
"EVM0015358",0,24,4,30,1182,"Citrate cycle","KEGG"
"EVM0015358",0,24,4,30,1182,"Cysteine and methionine metabolism","KEGG"
"EVM0015358",0,24,4,30,1182,"Glyoxylate and dicarboxylate metabolism","KEGG"
"EVM0015358",0,24,4,30,1182,"Metabolic pathways","KEGG"
"EVM0015358",0,24,4,30,1182,"Pyruvate metabolism","KEGG"
"EVM0015358",0,24,4,30,1182,"Sulfoquinovose metabolism","KEGG"
"EVM0015382",0,15,3,13,689,"Biosynthesis of secondary metabolites","KEGG"
"EVM0015382",0,15,3,13,689,"Metabolic pathways","KEGG"
"EVM0015382",0,15,3,13,689,"Steroid biosynthesis","KEGG"
"EVM0015420",2,63,0,16,1723,"RNA degradation","KEGG"
"EVM0015451",10,54,2,13,1532,"Basal transcription factors","KEGG"
"EVM0015604",5,56,2,13,2948,"Efferocytosis","KEGG"
"EVM0015634",9,22,0,9,1171,"Protein processing in endoplasmic reticulum","KEGG"
"EVM0015669",2,20,2,3,741,"Amino sugar and nucleotide sugar metabolism","KEGG"
"EVM0015669",2,20,2,3,741,"Biosynthesis of nucleotide sugars","KEGG"
"EVM0015669",2,20,2,3,741,"Biosynthesis of secondary metabolites","KEGG"
"EVM0015669",2,20,2,3,741,"Fructose and mannose metabolism","KEGG"
"EVM0015669",2,20,2,3,741,"Metabolic pathways","KEGG"
"EVM0015669",2,20,2,3,741,"Starch and sucrose metabolism","KEGG"
"EVM0015710",0,14,0,7,1006,"2-Oxocarboxylic acid metabolism","KEGG"
"EVM0015710",0,14,0,7,1006,"Biosynthesis of secondary metabolites","KEGG"
"EVM0015710",0,14,0,7,1006,"Carbon metabolism","KEGG"
"EVM0015710",0,14,0,7,1006,"Citrate cycle","KEGG"
"EVM0015710",0,14,0,7,1006,"Glycolysis / Gluconeogenesis","KEGG"
"EVM0015710",0,14,0,7,1006,"Lipoic acid metabolism","KEGG"
"EVM0015710",0,14,0,7,1006,"Metabolic pathways","KEGG"
"EVM0015710",0,14,0,7,1006,"Pyruvate metabolism","KEGG"
"EVM0015783",17,20,6,14,1497,"Arginine and proline metabolism","KEGG"
"EVM0015783",17,20,6,14,1497,"Metabolic pathways","KEGG"
"EVM0015783",17,20,6,14,1497,"beta-Alanine metabolism","KEGG"
"EVM0015922",21,17,15,15,4334,"Inositol phosphate metabolism","KEGG"
"EVM0015922",21,17,15,15,4334,"Lysosome biogenesis","KEGG"
"EVM0015922",21,17,15,15,4334,"Metabolic pathways","KEGG"
"EVM0015922",21,17,15,15,4334,"Phagosome","KEGG"
"EVM0015922",21,17,15,15,4334,"Phosphatidylinositol signaling system","KEGG"
"EVM0015945",6,3,10,23,2506,"Protein processing in endoplasmic reticulum","KEGG"
"EVM0015959",0,9,2,14,1573,"Arginine and proline metabolism","KEGG"
"EVM0015959",0,9,2,14,1573,"Ascorbate and aldarate metabolism","KEGG"
"EVM0015959",0,9,2,14,1573,"Biosynthesis of cofactors","KEGG"
"EVM0015959",0,9,2,14,1573,"Biosynthesis of secondary metabolites","KEGG"
"EVM0015959",0,9,2,14,1573,"Fatty acid degradation","KEGG"
"EVM0015959",0,9,2,14,1573,"Glycerolipid metabolism","KEGG"
"EVM0015959",0,9,2,14,1573,"Glycolysis / Gluconeogenesis","KEGG"
"EVM0015959",0,9,2,14,1573,"Histidine metabolism","KEGG"
"EVM0015959",0,9,2,14,1573,"Lysine degradation","KEGG"
"EVM0015959",0,9,2,14,1573,"Metabolic pathways","KEGG"
"EVM0015959",0,9,2,14,1573,"Pantothenate and CoA biosynthesis","KEGG"
"EVM0015959",0,9,2,14,1573,"Pyruvate metabolism","KEGG"
"EVM0015959",0,9,2,14,1573,"Tryptophan metabolism","KEGG"
"EVM0015959",0,9,2,14,1573,"Valine, leucine and isoleucine degradation","KEGG"
"EVM0015959",0,9,2,14,1573,"beta-Alanine metabolism","KEGG"
"EVM0016354",3,27,2,23,1417,"2-Oxocarboxylic acid metabolism","KEGG"
"EVM0016354",3,27,2,23,1417,"Biosynthesis of cofactors","KEGG"
"EVM0016354",3,27,2,23,1417,"Biosynthesis of secondary metabolites","KEGG"
"EVM0016354",3,27,2,23,1417,"Carbon metabolism","KEGG"
"EVM0016354",3,27,2,23,1417,"Citrate cycle","KEGG"
"EVM0016354",3,27,2,23,1417,"Glycine, serine and threonine metabolism","KEGG"
"EVM0016354",3,27,2,23,1417,"Glycolysis / Gluconeogenesis","KEGG"
"EVM0016354",3,27,2,23,1417,"Glyoxylate and dicarboxylate metabolism","KEGG"
"EVM0016354",3,27,2,23,1417,"Lipoic acid metabolism","KEGG"
"EVM0016354",3,27,2,23,1417,"Lysine degradation","KEGG"
"EVM0016354",3,27,2,23,1417,"Metabolic pathways","KEGG"
"EVM0016354",3,27,2,23,1417,"One carbon pool by folate","KEGG"
"EVM0016354",3,27,2,23,1417,"Propanoate metabolism","KEGG"
"EVM0016354",3,27,2,23,1417,"Pyruvate metabolism","KEGG"
"EVM0016354",3,27,2,23,1417,"Tryptophan metabolism","KEGG"
"EVM0016354",3,27,2,23,1417,"Valine, leucine and isoleucine degradation","KEGG"
"EVM0016504",0,60,0,40,3205,"Spliceosome","KEGG"
"EVM0016613",0,1,2,9,1248,"Efferocytosis","KEGG"
"EVM0016622",7,40,2,9,1175,"2-Oxocarboxylic acid metabolism","KEGG"
"EVM0016622",7,40,2,9,1175,"Alanine, aspartate and glutamate metabolism","KEGG"
"EVM0016622",7,40,2,9,1175,"Biosynthesis of secondary metabolites","KEGG"
"EVM0016622",7,40,2,9,1175,"Biotin biosynthesis II","Reactome"
"EVM0016622",7,40,2,9,1175,"Carbon metabolism","KEGG"
"EVM0016622",7,40,2,9,1175,"Cofactor biosyntheses","Reactome"
"EVM0016622",7,40,2,9,1175,"Cysteine and methionine metabolism","KEGG"
"EVM0016622",7,40,2,9,1175,"Glycine, serine and threonine metabolism","KEGG"
"EVM0016622",7,40,2,9,1175,"Glyoxylate and dicarboxylate metabolism","KEGG"
"EVM0016622",7,40,2,9,1175,"Metabolic pathways","KEGG"
"EVM0016622",7,40,2,9,1175,"Metabolism and regulation","Reactome"
"EVM0016622",7,40,2,9,1175,"Valine, leucine and isoleucine degradation","KEGG"
"EVM0016684",0,23,5,21,1202,"ATP-dependent chromatin remodeling","KEGG"
"EVM0016759",12,15,6,8,1081,"Base excision repair","KEGG"
"EVM0016759",12,15,6,8,1081,"DNA replication","KEGG"
"EVM0016759",12,15,6,8,1081,"Non-homologous end-joining","KEGG"
"EVM0016787",9,24,4,11,3040,"Ubiquitin mediated proteolysis","KEGG"
"EVM0016843",5,49,6,19,1146,"Metabolic pathways","KEGG"
"EVM0016843",5,49,6,19,1146,"Nucleotide metabolism","KEGG"
"EVM0016843",5,49,6,19,1146,"Purine metabolism","KEGG"
"EVM0016856",2,24,1,20,1405,"Biosynthesis of secondary metabolites","KEGG"
"EVM0016856",2,24,1,20,1405,"Inositol phosphate metabolism","KEGG"
"EVM0016856",2,24,1,20,1405,"Metabolic pathways","KEGG"
"EVM0016856",2,24,1,20,1405,"Metabolism and regulation","Reactome"
"EVM0016856",2,24,1,20,1405,"Myo-inositol biosynthesis","Reactome"
"EVM0016856",2,24,1,20,1405,"Phytic acid biosynthesis","Reactome"
"EVM0016856",2,24,1,20,1405,"Phytic acid biosynthesis (lipid-independent)","Reactome"
"EVM0016856",2,24,1,20,1405,"Secondary metabolism","Reactome"
"EVM0016870",0,5,10,29,5231,"Nucleocytoplasmic transport","KEGG"
"EVM0016879",4,8,4,10,696,"Metabolic pathways","KEGG"
"EVM0016879",4,8,4,10,696,"Oxidative phosphorylation","KEGG"
"EVM0017022",9,23,1,16,612,"Gravitropism under normal or artificial gravity environments","Reactome"
"EVM0017022",9,23,1,16,612,"Regulation of seed germination and coleoptile growth under submergence and normal gravity environment","Reactome"
"EVM0017022",9,23,1,16,612,"Responses to stimuli: abiotic stimuli and stresses","Reactome"
"EVM0017056",0,33,0,5,1340,"Metabolic pathways","KEGG"
"EVM0017056",0,33,0,5,1340,"Oxidative phosphorylation","KEGG"
"EVM0017097",3,10,1,3,1464,"Metabolic pathways","KEGG"
"EVM0017097",3,10,1,3,1464,"Nucleotide metabolism","KEGG"
"EVM0017097",3,10,1,3,1464,"Pyrimidine metabolism","KEGG"
"EVM0017136",3,11,2,7,984,"ATP-dependent chromatin remodeling","KEGG"
"EVM0017168",11,30,5,9,1291,"mRNA surveillance pathway","KEGG"
"EVM0017189",0,7,2,1,1016,"Protein export","KEGG"
"EVM0017216",3,7,1,2,561,"Spliceosome","KEGG"
"EVM0017313",20,38,4,13,2444,"ATP-dependent chromatin remodeling","KEGG"
"EVM0017408",1,22,0,9,3564,"Nucleocytoplasmic transport","KEGG"
"EVM0017408",1,22,0,9,3564,"mRNA surveillance pathway","KEGG"
"EVM0017423",0,23,0,23,1823,"RNA degradation","KEGG"
"EVM0017423",0,23,0,23,1823,"mRNA surveillance pathway","KEGG"
"EVM0017458",1,6,0,4,2422,"Endocytosis","KEGG"
"EVM0017496",6,34,3,18,1053,"Metabolism and regulation","Reactome"
"EVM0017496",6,34,3,18,1053,"Phenylpropanoid biosynthesis","Reactome"
"EVM0017496",6,34,3,18,1053,"Secondary metabolism","Reactome"
"EVM0017592",6,103,0,19,1686,"Metabolic pathways","KEGG"
"EVM0017592",6,103,0,19,1686,"Sulfur cycle","KEGG"
"EVM0017592",6,103,0,19,1686,"Sulfur metabolism","KEGG"
"EVM0017724",2,10,3,6,1011,"RNA degradation","KEGG"
"EVM0017734",2,59,0,23,2300,"Biosynthesis of secondary metabolites","KEGG"
"EVM0017734",2,59,0,23,2300,"Carbohydrate metabolism","Reactome"
"EVM0017734",2,59,0,23,2300,"Galactose degradation II","Reactome"
"EVM0017734",2,59,0,23,2300,"Metabolic pathways","KEGG"
"EVM0017734",2,59,0,23,2300,"Metabolism and regulation","Reactome"
"EVM0017734",2,59,0,23,2300,"Starch and sucrose metabolism","KEGG"
"EVM0017734",2,59,0,23,2300,"Sucrose biosynthesis","Reactome"
"EVM0017771",0,2,1,2,873,"Ascorbate and aldarate metabolism","KEGG"
"EVM0017771",0,2,1,2,873,"Detoxification","Reactome"
"EVM0017771",0,2,1,2,873,"Glutathione metabolism","KEGG"
"EVM0017771",0,2,1,2,873,"Gravitropism under normal or artificial gravity environments","Reactome"
"EVM0017771",0,2,1,2,873,"Metabolic pathways","KEGG"
"EVM0017771",0,2,1,2,873,"Metabolism and regulation","Reactome"
"EVM0017771",0,2,1,2,873,"Reactive oxygen species (ROS) homeostasis","Reactome"
"EVM0017771",0,2,1,2,873,"Removal of superoxide radicals","Reactome"
"EVM0017771",0,2,1,2,873,"Responses to stimuli: abiotic stimuli and stresses","Reactome"
"EVM0017771",0,2,1,2,873,"Root angle formation: elongation and curvature response","Reactome"
"EVM0017771",0,2,1,2,873,"Root gravitropism","Reactome"
"EVM0017807",0,13,0,1,573,"Ribosome","KEGG"
"EVM0017900",3,80,2,16,3846,"Cadherin signaling","KEGG"
"EVM0017984",2,38,1,30,885,"Amino sugar and nucleotide sugar metabolism","KEGG"
"EVM0017984",2,38,1,30,885,"Biosynthesis of nucleotide sugars","KEGG"
"EVM0017984",2,38,1,30,885,"Biosynthesis of secondary metabolites","KEGG"
"EVM0017984",2,38,1,30,885,"Fructose and mannose metabolism","KEGG"
"EVM0017984",2,38,1,30,885,"Metabolic pathways","KEGG"
"EVM0017984",2,38,1,30,885,"Starch and sucrose metabolism","KEGG"
"EVM0018104",17,38,9,20,2834,"Autophagy - other","KEGG"
"EVM0018208",37,51,9,14,2048,"Non-homologous end-joining","KEGG"
"EVM0018328",0,6,0,2,603,"Cyanate degradation","Reactome"
"EVM0018328",0,6,0,2,603,"Inorganic nutrients metabolism","Reactome"
"EVM0018328",0,6,0,2,603,"Metabolic pathways","KEGG"
"EVM0018328",0,6,0,2,603,"Metabolism and regulation","Reactome"
"EVM0018328",0,6,0,2,603,"Nitrogen metabolism","KEGG"
"EVM0018355",3,10,1,4,847,"Peroxisome","KEGG"
"EVM0018390",0,16,17,22,1523,"Growth and developmental processes","Reactome"
"EVM0018390",0,16,17,22,1523,"Reproductive meristem phase change","Reactome"
"EVM0018390",0,16,17,22,1523,"Reproductive structure development","Reactome"
"EVM0018415",8,19,18,31,2390,"13-LOX and 13-HPL pathway","Reactome"
"EVM0018415",8,19,18,31,2390,"Biosynthesis of secondary metabolites","KEGG"
"EVM0018415",8,19,18,31,2390,"Hormone signaling, transport, and metabolism","Reactome"
"EVM0018415",8,19,18,31,2390,"Jasmonic acid biosynthesis","Reactome"
"EVM0018415",8,19,18,31,2390,"Linoleic acid metabolism","KEGG"
"EVM0018415",8,19,18,31,2390,"Metabolic pathways","KEGG"
"EVM0018415",8,19,18,31,2390,"Metabolism and regulation","Reactome"
"EVM0018415",8,19,18,31,2390,"Secondary metabolism","Reactome"
"EVM0018415",8,19,18,31,2390,"alpha-Linolenic acid metabolism","KEGG"
"EVM0018423",0,22,0,9,518,"Basal transcription factors","KEGG"
"EVM0018423",0,22,0,9,518,"Nucleotide excision repair","KEGG"
"EVM0018477",11,28,2,15,3921,"Autophagy - other","KEGG"
"EVM0018477",11,28,2,15,3921,"Lysosome biogenesis","KEGG"
"EVM0018516",0,8,2,2,540,"Protein export","KEGG"
"EVM0018602",0,1,0,4,678,"Ribosome","KEGG"
"EVM0018629",0,6,2,3,897,"Spliceosome","KEGG"
"EVM0018677",4,23,0,5,726,"Proteasome","KEGG"
"EVM0018683",10,35,7,14,1220,"2-Oxocarboxylic acid metabolism","KEGG"
"EVM0018683",10,35,7,14,1220,"Alanine, aspartate and glutamate metabolism","KEGG"
"EVM0018683",10,35,7,14,1220,"Arginine biosynthesis","KEGG"
"EVM0018683",10,35,7,14,1220,"Biosynthesis of amino acids","KEGG"
"EVM0018683",10,35,7,14,1220,"Carbon fixation by Calvin cycle","KEGG"
"EVM0018683",10,35,7,14,1220,"Carbon metabolism","KEGG"
"EVM0018683",10,35,7,14,1220,"Metabolic pathways","KEGG"
"EVM0018776",5,20,5,13,1335,"Response to cold temperature","Reactome"
"EVM0018776",5,20,5,13,1335,"Responses to stimuli: abiotic stimuli and stresses","Reactome"
"EVM0018801",2,32,2,34,1643,"Biosynthesis of secondary metabolites","KEGG"
"EVM0018801",2,32,2,34,1643,"Metabolic pathways","KEGG"
"EVM0018801",2,32,2,34,1643,"Metabolism and regulation","Reactome"
"EVM0018801",2,32,2,34,1643,"Phenylalanine metabolism","KEGG"
"EVM0018801",2,32,2,34,1643,"Phenylpropanoid biosynthesis","KEGG"
"EVM0018801",2,32,2,34,1643,"Phenylpropanoid biosynthesis, initial reactions","Reactome"
"EVM0018801",2,32,2,34,1643,"Salicylate biosynthesis","Reactome"
"EVM0018801",2,32,2,34,1643,"Secondary metabolism","Reactome"
"EVM0018801",2,32,2,34,1643,"Suberin biosynthesis","Reactome"
"EVM0018825",0,60,1,10,934,"Amino acid catabolism","Reactome"
"EVM0018825",0,60,1,10,934,"Amino acid metabolism","Reactome"
"EVM0018825",0,60,1,10,934,"Biosynthesis of secondary metabolites","KEGG"
"EVM0018825",0,60,1,10,934,"Fatty acid degradation","KEGG"
"EVM0018825",0,60,1,10,934,"Glycolysis / Gluconeogenesis","KEGG"
"EVM0018825",0,60,1,10,934,"Metabolic pathways","KEGG"
"EVM0018825",0,60,1,10,934,"Metabolism and regulation","Reactome"
"EVM0018825",0,60,1,10,934,"Phenylalanine degradation III","Reactome"
"EVM0018825",0,60,1,10,934,"Pyruvate metabolism","KEGG"
"EVM0018825",0,60,1,10,934,"Tyrosine metabolism","KEGG"
"EVM0018825",0,60,1,10,934,"alpha-Linolenic acid metabolism","KEGG"
"EVM0018892",0,27,0,23,1270,"IgSF CAM signaling","KEGG"
"EVM0018892",0,27,0,23,1270,"Motor proteins","KEGG"
"EVM0018892",0,27,0,23,1270,"Phagosome","KEGG"
"EVM0018913",2,16,0,5,1178,"Metabolism and regulation","Reactome"
"EVM0018913",2,16,0,5,1178,"Secologanin and strictosidine biosynthesis","Reactome"
"EVM0018913",2,16,0,5,1178,"Secondary metabolism","Reactome"
"EVM0018920",10,13,12,28,10742,"Lysosome biogenesis","KEGG"
"EVM0018930",2,61,0,25,1208,"IgSF CAM signaling","KEGG"
"EVM0018930",2,61,0,25,1208,"Motor proteins","KEGG"
"EVM0018930",2,61,0,25,1208,"Phagosome","KEGG"
"EVM0018938",6,23,2,13,1131,"Growth and developmental processes","Reactome"
"EVM0018938",6,23,2,13,1131,"Regulatory network of nutrient accumulation","Reactome"
"EVM0018938",6,23,2,13,1131,"Reproductive structure development","Reactome"
"EVM0018938",6,23,2,13,1131,"Seed development","Reactome"
"EVM0019101",11,18,7,22,2199,"Ribosome biogenesis in eukaryotes","KEGG"
"EVM0019126",7,17,7,9,2175,"Acyl-CoA synthetase pathway","Reactome"
"EVM0019126",7,17,7,9,2175,"Fatty acid and lipid metabolism","Reactome"
"EVM0019126",7,17,7,9,2175,"Metabolism and regulation","Reactome"
"EVM0019206",2,37,1,5,763,"Caffeine metabolism","KEGG"
"EVM0019206",2,37,1,5,763,"Metabolic pathways","KEGG"
"EVM0019206",2,37,1,5,763,"Metabolism and regulation","Reactome"
"EVM0019206",2,37,1,5,763,"Nucleotide metabolism","Reactome"
"EVM0019206",2,37,1,5,763,"Purine metabolism","KEGG"
"EVM0019206",2,37,1,5,763,"Ureide biosynthesis","Reactome"
"EVM0019326",23,23,15,25,1326,"Biosynthesis of secondary metabolites","KEGG"
"EVM0019326",23,23,15,25,1326,"Biosynthesis of various plant secondary metabolites; Including: Crocin biosynthesis, Ginsenoside biosynthesis, Saponin adjuvant biosynthesis, Cannabidiol biosynthesis, Mugineic acid biosynthesis, Pentagalloylglucose biosynthesis, Benzoxazinoid biosynthesis, Gramine biosynthesis, Coumarin biosynthesis, Furanocoumarin biosynthesis, Hordatine biosynthesis, Podophyllotoxin biosynthesis","KEGG"
"EVM0019326",23,23,15,25,1326,"Cyanoamino acid metabolism","KEGG"
"EVM0019326",23,23,15,25,1326,"Metabolic pathways","KEGG"
"EVM0019326",23,23,15,25,1326,"Starch and sucrose metabolism","KEGG"
"EVM0019518",4,12,2,9,1662,"Carbohydrate metabolism","Reactome"
"EVM0019518",4,12,2,9,1662,"Glycerol degradation I","Reactome"
"EVM0019518",4,12,2,9,1662,"Metabolic pathways","KEGG"
"EVM0019518",4,12,2,9,1662,"Metabolism and regulation","Reactome"
"EVM0019518",4,12,2,9,1662,"Pentose and glucuronate interconversions","KEGG"
"EVM0019519",16,11,6,2,1686,"Ribosome biogenesis in eukaryotes","KEGG"
"EVM0019529",4,65,1,16,1438,"Arginine and proline metabolism","KEGG"
"EVM0019529",4,65,1,16,1438,"Metabolic pathways","KEGG"
"EVM0019529",4,65,1,16,1438,"Pantothenate and CoA biosynthesis","KEGG"
"EVM0019529",4,65,1,16,1438,"beta-Alanine metabolism","KEGG"
"EVM0019604",8,83,3,31,1932,"Ribosome biogenesis in eukaryotes","KEGG"
"EVM0019605",4,11,0,8,1101,"Amino acid metabolism","Reactome"
"EVM0019605",4,11,0,8,1101,"Cysteine and methionine metabolism","KEGG"
"EVM0019605",4,11,0,8,1101,"Metabolic pathways","KEGG"
"EVM0019605",4,11,0,8,1101,"Metabolism and regulation","Reactome"
"EVM0019605",4,11,0,8,1101,"Methionine salvage pathway","Reactome"
"EVM0019624",16,43,13,31,2471,"Spliceosome","KEGG"
"EVM0019630",3,8,5,5,994,"Biosynthesis of unsaturated fatty acids","KEGG"
"EVM0019630",3,8,5,5,994,"Fatty acid biosynthesis","KEGG"
"EVM0019630",3,8,5,5,994,"Fatty acid metabolism","KEGG"
"EVM0019630",3,8,5,5,994,"Metabolic pathways","KEGG"
"EVM0019786",2,41,5,19,786,"Biosynthesis of secondary metabolites","KEGG"
"EVM0019786",2,41,5,19,786,"Metabolic pathways","KEGG"
"EVM0019786",2,41,5,19,786,"Phenylpropanoid biosynthesis","KEGG"
"EVM0019951",0,13,0,1,597,"Basal transcription factors","KEGG"
"EVM0019962",5,19,4,7,1682,"Auxin signalling","Reactome"
"EVM0019962",5,19,4,7,1682,"Growth and developmental processes","Reactome"
"EVM0019962",5,19,4,7,1682,"Hormone signaling, transport, and metabolism","Reactome"
"EVM0019962",5,19,4,7,1682,"Lateral root development","Reactome"
"EVM0019962",5,19,4,7,1682,"Lateral root emergence","Reactome"
"EVM0019962",5,19,4,7,1682,"Metabolism and regulation","Reactome"
"EVM0019962",5,19,4,7,1682,"Plant hormone signal transduction","KEGG"
"EVM0019962",5,19,4,7,1682,"Regulation of seed size","Reactome"
"EVM0019962",5,19,4,7,1682,"Reproductive structure development","Reactome"
"EVM0019962",5,19,4,7,1682,"Root structure development","Reactome"
"EVM0019962",5,19,4,7,1682,"Seed development","Reactome"
"EVM0019962",5,19,4,7,1682,"Vegetative structure development","Reactome"
"EVM0020018",0,4,0,5,765,"Ribosome","KEGG"
"EVM0020041",23,66,5,19,1426,"Glycosaminoglycan degradation","KEGG"
"EVM0020041",23,66,5,19,1426,"Metabolic pathways","KEGG"
"EVM0020143",0,22,2,16,7425,"Autophagy - other","KEGG"
"EVM0020143",0,22,2,16,7425,"Integrin signaling","KEGG"
"EVM0020143",0,22,2,16,7425,"Lysosome biogenesis","KEGG"
"EVM0020265",6,54,3,18,978,"Biosynthesis of amino acids","KEGG"
"EVM0020265",6,54,3,18,978,"Biosynthesis of secondary metabolites","KEGG"
"EVM0020265",6,54,3,18,978,"Carbon metabolism","KEGG"
"EVM0020265",6,54,3,18,978,"Cytoskeleton in muscle cells","KEGG"
"EVM0020265",6,54,3,18,978,"Glycolysis / Gluconeogenesis","KEGG"
"EVM0020265",6,54,3,18,978,"Metabolic pathways","KEGG"
"EVM0020265",6,54,3,18,978,"RNA degradation","KEGG"
"EVM0020292",7,18,5,5,509,"Biosynthesis of secondary metabolites","KEGG"
"EVM0020292",7,18,5,5,509,"Carbon metabolism","KEGG"
"EVM0020292",7,18,5,5,509,"Citrate cycle","KEGG"
"EVM0020292",7,18,5,5,509,"Generation of precursor metabolites and energy","Reactome"
"EVM0020292",7,18,5,5,509,"Metabolic pathways","KEGG"
"EVM0020292",7,18,5,5,509,"Metabolism and regulation","Reactome"
"EVM0020292",7,18,5,5,509,"Oxidative phosphorylation","KEGG"
"EVM0020292",7,18,5,5,509,"TCA cycle (plant)","Reactome"
"EVM0020387",3,5,13,18,1451,"Biosynthesis of cofactors","KEGG"
"EVM0020387",3,5,13,18,1451,"Biosynthesis of secondary metabolites","KEGG"
"EVM0020387",3,5,13,18,1451,"Metabolic pathways","KEGG"
"EVM0020387",3,5,13,18,1451,"Ubiquinone and other terpenoid-quinone biosynthesis","KEGG"
"EVM0020438",0,29,1,7,1180,"Autophagy - other","KEGG"
"EVM0020553",0,2,1,13,546,"Gravitropism under normal or artificial gravity environments","Reactome"
"EVM0020553",0,2,1,13,546,"Plant hormone signal transduction","KEGG"
"EVM0020553",0,2,1,13,546,"Regulation of seed germination and coleoptile growth under submergence and normal gravity environment","Reactome"
"EVM0020553",0,2,1,13,546,"Responses to stimuli: abiotic stimuli and stresses","Reactome"
"EVM0020587",0,3,1,14,1443,"Spliceosome","KEGG"
"EVM0020730",1,5,1,3,2067,"mRNA surveillance pathway","KEGG"
"EVM0020766",0,23,3,18,1227,"Spliceosome","KEGG"
"EVM0020818",0,29,0,7,697,"Metabolic pathways","KEGG"
"EVM0020818",0,29,0,7,697,"Photosynthesis - antenna proteins","KEGG"
"EVM0020826",39,55,1,11,2151,"Aminoacyl-tRNA biosynthesis","KEGG"
"EVM0020826",39,55,1,11,2151,"Biosynthesis of cofactors","KEGG"
"EVM0020826",39,55,1,11,2151,"Biosynthesis of secondary metabolites","KEGG"
"EVM0020826",39,55,1,11,2151,"Metabolic pathways","KEGG"
"EVM0020826",39,55,1,11,2151,"Porphyrin metabolism","KEGG"
"EVM0020828",3,9,2,10,1191,"2-Oxocarboxylic acid metabolism","KEGG"
"EVM0020828",3,9,2,10,1191,"Amino acid biosynthesis","Reactome"
"EVM0020828",3,9,2,10,1191,"Amino acid metabolism","Reactome"
"EVM0020828",3,9,2,10,1191,"Arginine biosynthesis","KEGG;Reactome"
"EVM0020828",3,9,2,10,1191,"Arginine biosynthesis II (acetyl cycle)","Reactome"
"EVM0020828",3,9,2,10,1191,"Biosynthesis of amino acids","KEGG"
"EVM0020828",3,9,2,10,1191,"Biosynthesis of secondary metabolites","KEGG"
"EVM0020828",3,9,2,10,1191,"Metabolic pathways","KEGG"
"EVM0020828",3,9,2,10,1191,"Metabolism and regulation","Reactome"
"EVM0020962",2,10,4,1,1248,"Protein processing in endoplasmic reticulum","KEGG"
"EVM0020972",0,65,3,16,2251,"Biosynthesis of secondary metabolites","KEGG"
"EVM0020972",0,65,3,16,2251,"Metabolic pathways","KEGG"
"EVM0020972",0,65,3,16,2251,"Starch and sucrose metabolism","KEGG"
"EVM0021138",2,6,2,7,694,"Amino acid biosynthesis","Reactome"
"EVM0021138",2,6,2,7,694,"Amino acid metabolism","Reactome"
"EVM0021138",2,6,2,7,694,"Biosynthesis of amino acids","KEGG"
"EVM0021138",2,6,2,7,694,"Biosynthesis of secondary metabolites","KEGG"
"EVM0021138",2,6,2,7,694,"Lysine biosynthesis","KEGG"
"EVM0021138",2,6,2,7,694,"Lysine biosynthesis I","Reactome"
"EVM0021138",2,6,2,7,694,"Lysine biosynthesis II","Reactome"
"EVM0021138",2,6,2,7,694,"Lysine biosynthesis VI","Reactome"
"EVM0021138",2,6,2,7,694,"Metabolic pathways","KEGG"
"EVM0021138",2,6,2,7,694,"Metabolism and regulation","Reactome"
"EVM0021138",2,6,2,7,694,"Monobactam biosynthesis","KEGG"
"EVM0021148",19,103,6,34,3497,"Endocytosis","KEGG"
"EVM0021194",3,15,1,1,626,"Biosynthesis of cofactors","KEGG"
"EVM0021194",3,15,1,1,626,"Biosynthesis of secondary metabolites","KEGG"
"EVM0021194",3,15,1,1,626,"Metabolic pathways","KEGG"
"EVM0021194",3,15,1,1,626,"Nucleotide metabolism","KEGG"
"EVM0021194",3,15,1,1,626,"Purine metabolism","KEGG"
"EVM0021194",3,15,1,1,626,"Thiamine metabolism","KEGG"
"EVM0021266",8,22,2,3,784,"Biosynthesis of various nucleotide sugars","KEGG"
"EVM0021341",0,15,5,12,1206,"Nucleotide excision repair","KEGG"
"EVM0021341",0,15,5,12,1206,"Protein processing in endoplasmic reticulum","KEGG"
"EVM0021375",0,15,1,3,582,"Bacterial invasion of epithelial cells","KEGG"
"EVM0021375",0,15,1,3,582,"Cadherin signaling","KEGG"
"EVM0021375",0,15,1,3,582,"Efferocytosis","KEGG"
"EVM0021375",0,15,1,3,582,"IgSF CAM signaling","KEGG"
"EVM0021375",0,15,1,3,582,"Integrin signaling","KEGG"
"EVM0021375",0,15,1,3,582,"Phagosome","KEGG"
"EVM0021375",0,15,1,3,582,"Toll-like receptor signaling pathway","KEGG"
"EVM0021608",14,39,6,13,1006,"D-Amino acid metabolism","KEGG"
"EVM0021608",14,39,6,13,1006,"Glycine, serine and threonine metabolism","KEGG"
"EVM0021608",14,39,6,13,1006,"Metabolic pathways","KEGG"
"EVM0021631",8,18,1,4,567,"Amino acid catabolism","Reactome"
"EVM0021631",8,18,1,4,567,"Amino acid metabolism","Reactome"
"EVM0021631",8,18,1,4,567,"Metabolic pathways","KEGG"
"EVM0021631",8,18,1,4,567,"Metabolism and regulation","Reactome"
"EVM0021631",8,18,1,4,567,"Tyrosine metabolism","KEGG"
"EVM0021631",8,18,1,4,567,"tyrosine degradation I","Reactome"
"EVM0021702",16,11,4,10,1139,"Galactose metabolism","KEGG"
"EVM0021702",16,11,4,10,1139,"Glycerolipid metabolism","KEGG"
"EVM0021702",16,11,4,10,1139,"Glycosphingolipid biosynthesis - globo and isoglobo series","KEGG"
"EVM0021702",16,11,4,10,1139,"Metabolic pathways","KEGG"
"EVM0021702",16,11,4,10,1139,"Sphingolipid metabolism","KEGG"
"EVM0021723",0,44,0,11,817,"Spliceosome","KEGG"
"EVM0021732",1,30,0,19,2603,"Nucleocytoplasmic transport","KEGG"
"EVM0021755",0,9,0,5,513,"Ribosome","KEGG"
"EVM0021763",10,19,0,7,905,"Butanoate metabolism","KEGG"
"EVM0021763",10,19,0,7,905,"Metabolic pathways","KEGG"
"EVM0021983",3,13,1,6,1485,"Cornified envelope formation","KEGG"
"EVM0021983",3,13,1,6,1485,"mRNA surveillance pathway","KEGG"
"EVM0022065",1,2,6,10,728,"Fatty acid biosynthesis","KEGG"
"EVM0022065",1,2,6,10,728,"Fatty acid elongation","KEGG"
"EVM0022065",1,2,6,10,728,"Fatty acid metabolism","KEGG"
"EVM0022065",1,2,6,10,728,"Metabolic pathways","KEGG"
"EVM0022077",9,23,9,14,2313,"Inositol phosphate metabolism","KEGG"
"EVM0022077",9,23,9,14,2313,"Lysosome biogenesis","KEGG"
"EVM0022077",9,23,9,14,2313,"Metabolic pathways","KEGG"
"EVM0022084",0,10,1,5,1059,"Carbohydrate metabolism","Reactome"
"EVM0022084",0,10,1,5,1059,"Metabolism and regulation","Reactome"
"EVM0022084",0,10,1,5,1059,"UDP-L-arabinose biosynthesis and transport","Reactome"
"EVM0022156",0,1,0,4,1246,"Amino sugar and nucleotide sugar metabolism","KEGG"
"EVM0022156",0,1,0,4,1246,"Biosynthesis of nucleotide sugars","KEGG"
"EVM0022156",0,1,0,4,1246,"Biosynthesis of secondary metabolites","KEGG"
"EVM0022156",0,1,0,4,1246,"Carbohydrate metabolism","Reactome"
"EVM0022156",0,1,0,4,1246,"Gravitropism under normal or artificial gravity environments","Reactome"
"EVM0022156",0,1,0,4,1246,"Growth and developmental processes","Reactome"
"EVM0022156",0,1,0,4,1246,"Metabolic pathways","KEGG"
"EVM0022156",0,1,0,4,1246,"Metabolism and regulation","Reactome"
"EVM0022156",0,1,0,4,1246,"Regulatory network of nutrient accumulation","Reactome"
"EVM0022156",0,1,0,4,1246,"Reproductive structure development","Reactome"
"EVM0022156",0,1,0,4,1246,"Responses to stimuli: abiotic stimuli and stresses","Reactome"
"EVM0022156",0,1,0,4,1246,"Root gravitropism","Reactome"
"EVM0022156",0,1,0,4,1246,"Seed development","Reactome"
"EVM0022156",0,1,0,4,1246,"Starch and sucrose metabolism","KEGG"
"EVM0022156",0,1,0,4,1246,"Starch biosynthesis","Reactome"
"EVM0022235",11,25,1,6,1584,"Biosynthesis of cofactors","KEGG"
"EVM0022235",11,25,1,6,1584,"Biosynthesis of secondary metabolites","KEGG"
"EVM0022235",11,25,1,6,1584,"Folate biosynthesis","KEGG"
"EVM0022235",11,25,1,6,1584,"Metabolic pathways","KEGG"
"EVM0022235",11,25,1,6,1584,"Riboflavin metabolism","KEGG"
"EVM0022273",1,3,4,6,1738,"Aminoacyl-tRNA biosynthesis","KEGG"
"EVM0022326",0,34,0,7,1133,"Protein processing in endoplasmic reticulum","KEGG"
"EVM0022456",0,4,0,9,996,"Biosynthesis of amino acids","KEGG"
"EVM0022456",0,4,0,9,996,"Biosynthesis of secondary metabolites","KEGG"
"EVM0022456",0,4,0,9,996,"Carbon metabolism","KEGG"
"EVM0022456",0,4,0,9,996,"Metabolic pathways","KEGG"
"EVM0022456",0,4,0,9,996,"Metabolism and regulation","Reactome"
"EVM0022456",0,4,0,9,996,"Nucleotide metabolism","Reactome"
"EVM0022456",0,4,0,9,996,"PRPP biosynthesis I","Reactome"
"EVM0022456",0,4,0,9,996,"Pentose phosphate pathway","KEGG"
"EVM0022456",0,4,0,9,996,"Purine metabolism","KEGG"
"EVM0022476",0,11,1,11,1202,"Biosynthesis of secondary metabolites","KEGG"
"EVM0022476",0,11,1,11,1202,"Calvin cycle","Reactome"
"EVM0022476",0,11,1,11,1202,"Carbohydrate metabolism","Reactome"
"EVM0022476",0,11,1,11,1202,"Carbon fixation by Calvin cycle","KEGG"
"EVM0022476",0,11,1,11,1202,"Carbon metabolism","KEGG"
"EVM0022476",0,11,1,11,1202,"Fructose and mannose metabolism","KEGG"
"EVM0022476",0,11,1,11,1202,"Glycolysis / Gluconeogenesis","KEGG"
"EVM0022476",0,11,1,11,1202,"Metabolic pathways","KEGG"
"EVM0022476",0,11,1,11,1202,"Metabolism and regulation","Reactome"
"EVM0022476",0,11,1,11,1202,"Pentose phosphate pathway","KEGG"
"EVM0022561",0,79,0,31,1420,"Biosynthesis of amino acids","KEGG"
"EVM0022561",0,79,0,31,1420,"Biosynthesis of secondary metabolites","KEGG"
"EVM0022561",0,79,0,31,1420,"Carbon metabolism","KEGG"
"EVM0022561",0,79,0,31,1420,"Glycolysis / Gluconeogenesis","KEGG"
"EVM0022561",0,79,0,31,1420,"Metabolic pathways","KEGG"
"EVM0022561",0,79,0,31,1420,"Pyruvate metabolism","KEGG"
"EVM0022577",1,2,0,1,1049,"Amino acid catabolism","Reactome"
"EVM0022577",1,2,0,1,1049,"Amino acid metabolism","Reactome"
"EVM0022577",1,2,0,1,1049,"Carbon metabolism","KEGG"
"EVM0022577",1,2,0,1,1049,"Metabolic pathways","KEGG"
"EVM0022577",1,2,0,1,1049,"Metabolism and regulation","Reactome"
"EVM0022577",1,2,0,1,1049,"Propanoate metabolism","KEGG"
"EVM0022577",1,2,0,1,1049,"Valine degradation","Reactome"
"EVM0022577",1,2,0,1,1049,"Valine, leucine and isoleucine degradation","KEGG"
"EVM0022577",1,2,0,1,1049,"beta-Alanine metabolism","KEGG"
"EVM0022609",5,9,3,11,2171,"Plant hormone signal transduction","KEGG"
"EVM0022771",0,3,0,2,942,"Biosynthesis of cofactors","KEGG"
"EVM0022771",0,3,0,2,942,"Cofactor biosyntheses","Reactome"
"EVM0022771",0,3,0,2,942,"Metabolic pathways","KEGG"
"EVM0022771",0,3,0,2,942,"Metabolism and regulation","Reactome"
"EVM0022771",0,3,0,2,942,"Pyridoxal 5'-phosphate salvage pathway","Reactome"
"EVM0022771",0,3,0,2,942,"Pyridoxamine anabolism","Reactome"
"EVM0022771",0,3,0,2,942,"Vitamin B6 metabolism","KEGG"
"EVM0022791",9,9,1,2,1077,"Protein processing in endoplasmic reticulum","KEGG"
"EVM0022798",4,13,2,2,1098,"mRNA surveillance pathway","KEGG"
"EVM0022940",0,14,0,7,788,"Ribosome","KEGG"
"EVM0022978",0,36,2,19,771,"Auxin transport","Reactome"
"EVM0022978",0,36,2,19,771,"Hormone signaling, transport, and metabolism","Reactome"
"EVM0022978",0,36,2,19,771,"Intracellular auxin transport","Reactome"
"EVM0022978",0,36,2,19,771,"Metabolism and regulation","Reactome"
"EVM0022996",0,10,0,4,672,"Ascorbate and aldarate metabolism","KEGG"
"EVM0022996",0,10,0,4,672,"Detoxification","Reactome"
"EVM0022996",0,10,0,4,672,"Glutathione metabolism","KEGG"
"EVM0022996",0,10,0,4,672,"Gravitropism under normal or artificial gravity environments","Reactome"
"EVM0022996",0,10,0,4,672,"Metabolic pathways","KEGG"
"EVM0022996",0,10,0,4,672,"Metabolism and regulation","Reactome"
"EVM0022996",0,10,0,4,672,"Reactive oxygen species (ROS) homeostasis","Reactome"
"EVM0022996",0,10,0,4,672,"Removal of superoxide radicals","Reactome"
"EVM0022996",0,10,0,4,672,"Responses to stimuli: abiotic stimuli and stresses","Reactome"
"EVM0022996",0,10,0,4,672,"Root angle formation: elongation and curvature response","Reactome"
"EVM0022996",0,10,0,4,672,"Root gravitropism","Reactome"
"EVM0023014",2,12,1,4,1251,"Biosynthesis of secondary metabolites","KEGG"
"EVM0023014",2,12,1,4,1251,"Biosynthesis of unsaturated fatty acids","KEGG"
"EVM0023014",2,12,1,4,1251,"Fatty acid elongation","KEGG"
"EVM0023014",2,12,1,4,1251,"Metabolic pathways","KEGG"
"EVM0023059",2,2,0,0,306,"Metabolic pathways","KEGG"
"EVM0023059",2,2,0,0,306,"Phenylalanine metabolism","KEGG"
"EVM0023059",2,2,0,0,306,"Tyrosine metabolism","KEGG"
"EVM0023331",2,9,1,4,555,"Ribosome","KEGG"
"EVM0023343",2,52,2,27,1574,"RNA degradation","KEGG"
"EVM0023462",5,17,3,8,964,"ATP-dependent chromatin remodeling","KEGG"
"EVM0023549",0,2,4,2,2353,"Basal transcription factors","KEGG"
"EVM0023585",5,38,5,20,762,"Biosynthesis of secondary metabolites","KEGG"
"EVM0023585",5,38,5,20,762,"Metabolic pathways","KEGG"
"EVM0023585",5,38,5,20,762,"Metabolism and regulation","Reactome"
"EVM0023585",5,38,5,20,762,"Mevalonate pathway","Reactome"
"EVM0023585",5,38,5,20,762,"Peroxisome","KEGG"
"EVM0023585",5,38,5,20,762,"Secondary metabolism","Reactome"
"EVM0023585",5,38,5,20,762,"Terpenoid backbone biosynthesis","KEGG"
"EVM0023685",9,81,4,24,4498,"Motor proteins","KEGG"
"EVM0023701",4,20,0,5,1104,"ATP-dependent chromatin remodeling","KEGG"
"EVM0023701",4,20,0,5,1104,"Hormone signaling, transport, and metabolism","Reactome"
"EVM0023701",4,20,0,5,1104,"Jasmonic acid signaling","Reactome"
"EVM0023701",4,20,0,5,1104,"Metabolism and regulation","Reactome"
"EVM0023701",4,20,0,5,1104,"Polycomb repressive complex","KEGG"
"EVM0023702",6,13,2,4,1242,"Autophagy - other","KEGG"
"EVM0023717",0,32,0,6,1109,"Proteasome","KEGG"
"EVM0023743",1,10,1,8,1166,"Biosynthesis of amino acids","KEGG"
"EVM0023743",1,10,1,8,1166,"Biosynthesis of secondary metabolites","KEGG"
"EVM0023743",1,10,1,8,1166,"Calvin cycle","Reactome"
"EVM0023743",1,10,1,8,1166,"Carbohydrate metabolism","Reactome"
"EVM0023743",1,10,1,8,1166,"Carbon fixation by Calvin cycle","KEGG"
"EVM0023743",1,10,1,8,1166,"Carbon metabolism","KEGG"
"EVM0023743",1,10,1,8,1166,"Cytosolic glycolysis","Reactome"
"EVM0023743",1,10,1,8,1166,"Glycolysis / Gluconeogenesis","KEGG"
"EVM0023743",1,10,1,8,1166,"Metabolic pathways","KEGG"
"EVM0023743",1,10,1,8,1166,"Metabolism and regulation","Reactome"
"EVM0023806",0,6,0,1,612,"Efferocytosis","KEGG"
"EVM0023806",0,6,0,1,612,"Endocytosis","KEGG"
"EVM0023806",0,6,0,1,612,"Lysosome biogenesis","KEGG"
"EVM0023806",0,6,0,1,612,"Phagosome","KEGG"
"EVM0023839",0,7,1,14,243,"ATP-dependent chromatin remodeling","KEGG"
"EVM0023961",0,5,0,4,297,"RNA degradation","KEGG"
"EVM0023961",0,5,0,4,297,"Spliceosome","KEGG"
"EVM0024044",5,16,5,8,1362,"Biosynthesis of secondary metabolites","KEGG"
"EVM0024044",5,16,5,8,1362,"Carotenoid biosynthesis","KEGG;Reactome"
"EVM0024044",5,16,5,8,1362,"Metabolic pathways","KEGG"
"EVM0024044",5,16,5,8,1362,"Metabolism and regulation","Reactome"
"EVM0024044",5,16,5,8,1362,"Secondary metabolism","Reactome"
"EVM0024045",2,35,2,10,1085,"Biosynthesis of cofactors","KEGG"
"EVM0024045",2,35,2,10,1085,"Biosynthesis of secondary metabolites","KEGG"
"EVM0024045",2,35,2,10,1085,"Metabolic pathways","KEGG"
"EVM0024045",2,35,2,10,1085,"Oxidative phosphorylation","KEGG"
"EVM0024045",2,35,2,10,1085,"Porphyrin metabolism","KEGG"
"EVM0024070",4,31,1,12,1019,"Biosynthesis of secondary metabolites","KEGG"
"EVM0024070",4,31,1,12,1019,"Fatty acid biosynthesis","KEGG"
"EVM0024070",4,31,1,12,1019,"Fatty acid metabolism","KEGG"
"EVM0024070",4,31,1,12,1019,"Metabolic pathways","KEGG"
"EVM0024073",0,39,4,18,2122,"Biosynthesis of secondary metabolites","KEGG"
"EVM0024073",0,39,4,18,2122,"Carbohydrate metabolism","Reactome"
"EVM0024073",0,39,4,18,2122,"Metabolic pathways","KEGG"
"EVM0024073",0,39,4,18,2122,"Metabolism and regulation","Reactome"
"EVM0024073",0,39,4,18,2122,"Starch and sucrose metabolism","KEGG"
"EVM0024073",0,39,4,18,2122,"Trehalose biosynthesis I","Reactome"
"EVM0024083",0,3,3,3,613,"Biosynthesis of secondary metabolites","KEGG"
"EVM0024083",0,3,3,3,613,"Metabolic pathways","KEGG"
"EVM0024083",0,3,3,3,613,"Tropane, piperidine and pyridine alkaloid biosynthesis","KEGG"
"EVM0024162",0,20,0,22,1275,"RNA degradation","KEGG"
"EVM0024163",1,25,2,16,1093,"Protein processing in endoplasmic reticulum","KEGG"
"EVM0024198",0,12,6,5,552,"DNA replication","KEGG"
"EVM0024198",0,12,6,5,552,"Homologous recombination","KEGG"
"EVM0024198",0,12,6,5,552,"Mismatch repair","KEGG"
"EVM0024351",34,34,14,31,2703,"Other glycan degradation","KEGG"
"EVM0024529",3,26,1,10,1376,"Lysosome biogenesis","KEGG"
"EVM0024552",0,14,0,20,1602,"Spliceosome","KEGG"
"EVM0024580",3,72,2,39,1177,"Plant hormone signal transduction","KEGG"
"EVM0024800",7,25,2,8,2872,"RNA polymerase","KEGG"
"EVM0024871",108,43,11,17,5008,"Nucleocytoplasmic transport","KEGG"
"EVM0024871",108,43,11,17,5008,"Spliceosome","KEGG"
"EVM0024916",11,11,1,1,782,"Proteasome","KEGG"
"EVM0024996",13,32,3,14,542,"Glutathione metabolism","KEGG"
"EVM0024996",13,32,3,14,542,"Metabolic pathways","KEGG"
"EVM0025013",10,19,2,10,1341,"Biosynthesis of secondary metabolites","KEGG"
"EVM0025013",10,19,2,10,1341,"Biosynthesis of various plant secondary metabolites; Including: Crocin biosynthesis, Ginsenoside biosynthesis, Saponin adjuvant biosynthesis, Cannabidiol biosynthesis, Mugineic acid biosynthesis, Pentagalloylglucose biosynthesis, Benzoxazinoid biosynthesis, Gramine biosynthesis, Coumarin biosynthesis, Furanocoumarin biosynthesis, Hordatine biosynthesis, Podophyllotoxin biosynthesis","KEGG"
"EVM0025013",10,19,2,10,1341,"Cyanoamino acid metabolism","KEGG"
"EVM0025013",10,19,2,10,1341,"Metabolic pathways","KEGG"
"EVM0025013",10,19,2,10,1341,"Starch and sucrose metabolism","KEGG"
"EVM0025059",14,60,9,20,2666,"MAPK signaling pathway - plant","KEGG"
"EVM0025068",2,25,1,5,2295,"Metabolic pathways","KEGG"
"EVM0025068",2,25,1,5,2295,"N-Glycan biosynthesis","KEGG"
"EVM0025068",2,25,1,5,2295,"Protein processing in endoplasmic reticulum","KEGG"
"EVM0025068",2,25,1,5,2295,"Various types of N-glycan biosynthesis","KEGG"
"EVM0025269",0,19,0,5,1013,"Carbohydrate metabolism","Reactome"
"EVM0025269",0,19,0,5,1013,"Dolichyl-diphosphooligosaccharide biosynthesis","Reactome"
"EVM0025269",0,19,0,5,1013,"Metabolic pathways","KEGG"
"EVM0025269",0,19,0,5,1013,"Metabolism and regulation","Reactome"
"EVM0025269",0,19,0,5,1013,"N-Glycan biosynthesis","KEGG"
"EVM0025287",13,59,7,17,1958,"Plant-pathogen interaction","KEGG"
"EVM0025290",2,5,2,4,302,"Metabolic pathways","KEGG"
"EVM0025290",2,5,2,4,302,"Pentose and glucuronate interconversions","KEGG"
"EVM0025291",0,49,2,13,1436,"Biosynthesis of secondary metabolites","KEGG"
"EVM0025291",0,49,2,13,1436,"Carotenoid biosynthesis","KEGG"
"EVM0025291",0,49,2,13,1436,"Metabolic pathways","KEGG"
"EVM0025395",1,9,0,9,2040,"Protein export","KEGG"
"EVM0025395",1,9,0,9,2040,"Protein processing in endoplasmic reticulum","KEGG"
"EVM0025500",0,2,0,0,387,"Lysosome biogenesis","KEGG"
"EVM0025500",0,2,0,0,387,"Metabolic pathways","KEGG"
"EVM0025500",0,2,0,0,387,"Oxidative phosphorylation","KEGG"
"EVM0025500",0,2,0,0,387,"Phagosome","KEGG"
"EVM0025520",12,6,1,11,711,"Spliceosome","KEGG"
"EVM0025645",0,18,0,8,787,"2-Oxocarboxylic acid metabolism","KEGG"
"EVM0025645",0,18,0,8,787,"Amino acid biosynthesis","Reactome"
"EVM0025645",0,18,0,8,787,"Amino acid metabolism","Reactome"
"EVM0025645",0,18,0,8,787,"Biosynthesis of amino acids","KEGG"
"EVM0025645",0,18,0,8,787,"Biosynthesis of secondary metabolites","KEGG"
"EVM0025645",0,18,0,8,787,"Carbon metabolism","KEGG"
"EVM0025645",0,18,0,8,787,"Citrate cycle","KEGG"
"EVM0025645",0,18,0,8,787,"Generation of precursor metabolites and energy","Reactome"
"EVM0025645",0,18,0,8,787,"Leucine biosynthesis","Reactome"
"EVM0025645",0,18,0,8,787,"Metabolic pathways","KEGG"
"EVM0025645",0,18,0,8,787,"Metabolism and regulation","Reactome"
"EVM0025645",0,18,0,8,787,"TCA cycle (plant)","Reactome"
"EVM0025683",7,10,6,16,2669,"RNA polymerase","KEGG"
"EVM0025771",12,63,6,31,1245,"Alanine, aspartate and glutamate metabolism","KEGG"
"EVM0025771",12,63,6,31,1245,"Amino acid biosynthesis","Reactome"
"EVM0025771",12,63,6,31,1245,"Amino acid metabolism","Reactome"
"EVM0025771",12,63,6,31,1245,"Asparagine biosynthesis","Reactome"
"EVM0025771",12,63,6,31,1245,"Asparagine biosynthesis III","Reactome"
"EVM0025771",12,63,6,31,1245,"Biosynthesis of amino acids","KEGG"
"EVM0025771",12,63,6,31,1245,"Biosynthesis of secondary metabolites","KEGG"
"EVM0025771",12,63,6,31,1245,"Citrulline biosynthesis","Reactome"
"EVM0025771",12,63,6,31,1245,"Metabolic pathways","KEGG"
"EVM0025771",12,63,6,31,1245,"Metabolism and regulation","Reactome"
"EVM0025821",0,15,0,2,941,"IgSF CAM signaling","KEGG"
"EVM0025821",0,15,0,2,941,"Motor proteins","KEGG"
"EVM0025821",0,15,0,2,941,"Phagosome","KEGG"
"EVM0025858",10,25,3,12,944,"Amine and polyamine biosynthesis","Reactome"
"EVM0025858",10,25,3,12,944,"Arginine and proline metabolism","KEGG"
"EVM0025858",10,25,3,12,944,"Biosynthesis of secondary metabolites","KEGG"
"EVM0025858",10,25,3,12,944,"Metabolic pathways","KEGG"
"EVM0025858",10,25,3,12,944,"Metabolism and regulation","Reactome"
"EVM0025858",10,25,3,12,944,"Putrescine biosynthesis II","Reactome"
"EVM0025955",4,6,3,7,1045,"Nucleocytoplasmic transport","KEGG"
"EVM0025997",0,2,2,5,2162,"Protein processing in endoplasmic reticulum","KEGG"
"EVM0026031",3,6,3,5,781,"Endocytosis","KEGG"
"EVM0026046",7,24,4,6,1756,"Lysosome biogenesis","KEGG"
"EVM0026055",3,25,2,14,1787,"Biosynthesis of cofactors","KEGG"
"EVM0026055",3,25,2,14,1787,"Metabolic pathways","KEGG"
"EVM0026055",3,25,2,14,1787,"Pantothenate and CoA biosynthesis","KEGG"
"EVM0026057",0,6,2,0,498,"Lysosome biogenesis","KEGG"
"EVM0026147",0,19,0,5,752,"Ribosome","KEGG"
"EVM0026239",3,57,3,18,2040,"RNA degradation","KEGG"
"EVM0026258",16,111,4,31,1154,"Allantoin degradation","Reactome"
"EVM0026258",16,111,4,31,1154,"Amine and polyamine biosynthesis","Reactome"
"EVM0026258",16,111,4,31,1154,"Metabolism and regulation","Reactome"
"EVM0026408",2,19,1,17,1576,"Auxin signalling","Reactome"
"EVM0026408",2,19,1,17,1576,"Growth and developmental processes","Reactome"
"EVM0026408",2,19,1,17,1576,"Hormone signaling, transport, and metabolism","Reactome"
"EVM0026408",2,19,1,17,1576,"Metabolism and regulation","Reactome"
"EVM0026408",2,19,1,17,1576,"Plant hormone signal transduction","KEGG"
"EVM0026408",2,19,1,17,1576,"Regulation of seed size","Reactome"
"EVM0026408",2,19,1,17,1576,"Reproductive structure development","Reactome"
"EVM0026408",2,19,1,17,1576,"Seed development","Reactome"
"EVM0026413",2,9,2,5,799,"RNA polymerase","KEGG"
"EVM0026519",4,88,1,24,1646,"Biosynthesis of secondary metabolites","KEGG"
"EVM0026519",4,88,1,24,1646,"Metabolic pathways","KEGG"
"EVM0026519",4,88,1,24,1646,"Porphyrin metabolism","KEGG"
"EVM0026538",4,33,11,24,1793,"Activation of pre-replication complex","Reactome"
"EVM0026538",4,33,11,24,1793,"Cell cycle","Reactome"
"EVM0026538",4,33,11,24,1793,"Cellular processes","Reactome"
"EVM0026538",4,33,11,24,1793,"DNA replication","KEGG"
"EVM0026538",4,33,11,24,1793,"Fanconi anemia pathway","KEGG"
"EVM0026538",4,33,11,24,1793,"G1/S transition","Reactome"
"EVM0026538",4,33,11,24,1793,"Homologous recombination","KEGG"
"EVM0026538",4,33,11,24,1793,"Mismatch repair","KEGG"
"EVM0026538",4,33,11,24,1793,"Mitosis","Reactome"
"EVM0026538",4,33,11,24,1793,"Nucleotide excision repair","KEGG"
"EVM0026552",14,43,4,11,2034,"mRNA surveillance pathway","KEGG"
"EVM0026615",0,11,7,12,1101,"Nucleotide excision repair","KEGG"
"EVM0026615",0,11,7,12,1101,"Protein processing in endoplasmic reticulum","KEGG"
"EVM0026635",0,33,1,15,1270,"Biosynthesis of secondary metabolites","KEGG"
"EVM0026635",0,33,1,15,1270,"Metabolic pathways","KEGG"
"EVM0026635",0,33,1,15,1270,"Steroid biosynthesis","KEGG"
"EVM0026697",6,40,2,9,823,"Metabolic pathways","KEGG"
"EVM0026697",6,40,2,9,823,"Photosynthesis","KEGG"
"EVM0026702",0,6,0,2,738,"Metabolic pathways","KEGG"
"EVM0026702",0,6,0,2,738,"Photosynthesis - antenna proteins","KEGG"
"EVM0026704",0,2,0,5,798,"Ubiquitin mediated proteolysis","KEGG"
"EVM0026759",0,31,0,5,743,"Proteasome","KEGG"
"EVM0026774",0,29,0,13,1069,"Gravitropism under normal or artificial gravity environments","Reactome"
"EVM0026774",0,29,0,13,1069,"Plant hormone signal transduction","KEGG"
"EVM0026774",0,29,0,13,1069,"Plant-pathogen interaction","KEGG"
"EVM0026774",0,29,0,13,1069,"Responses to stimuli: abiotic stimuli and stresses","Reactome"
"EVM0026774",0,29,0,13,1069,"Root angle formation: elongation and curvature response","Reactome"
"EVM0026774",0,29,0,13,1069,"Root gravitropism","Reactome"
"EVM0026778",0,7,1,4,447,"Biosynthesis of cofactors","KEGG"
"EVM0026778",0,7,1,4,447,"Biosynthesis of secondary metabolites","KEGG"
"EVM0026778",0,7,1,4,447,"MAPK signaling pathway - plant","KEGG"
"EVM0026778",0,7,1,4,447,"Metabolic pathways","KEGG"
"EVM0026778",0,7,1,4,447,"Nucleotide metabolism","KEGG"
"EVM0026778",0,7,1,4,447,"Purine metabolism","KEGG"
"EVM0026778",0,7,1,4,447,"Pyrimidine metabolism","KEGG"
"EVM0026793",0,25,1,12,1036,"Biosynthesis of amino acids","KEGG"
"EVM0026793",0,25,1,12,1036,"Biosynthesis of secondary metabolites","KEGG"
"EVM0026793",0,25,1,12,1036,"Calvin cycle","Reactome"
"EVM0026793",0,25,1,12,1036,"Carbohydrate metabolism","Reactome"
"EVM0026793",0,25,1,12,1036,"Carbon fixation by Calvin cycle","KEGG"
"EVM0026793",0,25,1,12,1036,"Carbon metabolism","KEGG"
"EVM0026793",0,25,1,12,1036,"Fructose and mannose metabolism","KEGG"
"EVM0026793",0,25,1,12,1036,"Glycolysis / Gluconeogenesis","KEGG"
"EVM0026793",0,25,1,12,1036,"Metabolic pathways","KEGG"
"EVM0026793",0,25,1,12,1036,"Metabolism and regulation","Reactome"
"EVM0026793",0,25,1,12,1036,"Pentose phosphate pathway","KEGG"
"EVM0026861",0,9,1,6,920,"Nucleocytoplasmic transport","KEGG"
"EVM0027046",2,18,1,9,1887,"Amino sugar and nucleotide sugar metabolism","KEGG"
"EVM0027046",2,18,1,9,1887,"Metabolic pathways","KEGG"
"EVM0027050",0,6,1,6,621,"Metabolic pathways","KEGG"
"EVM0027050",0,6,1,6,621,"Photosynthesis - antenna proteins","KEGG"
"EVM0027083",2,14,7,7,1258,"Amino sugar and nucleotide sugar metabolism","KEGG"
"EVM0027083",2,14,7,7,1258,"Biosynthesis of nucleotide sugars","KEGG"
"EVM0027083",2,14,7,7,1258,"Biosynthesis of secondary metabolites","KEGG"
"EVM0027083",2,14,7,7,1258,"Carbohydrate metabolism","Reactome"
"EVM0027083",2,14,7,7,1258,"Carbon metabolism","KEGG"
"EVM0027083",2,14,7,7,1258,"Fructose and mannose metabolism","KEGG"
"EVM0027083",2,14,7,7,1258,"GDP-mannose metabolism","Reactome"
"EVM0027083",2,14,7,7,1258,"Galactose metabolism","KEGG"
"EVM0027083",2,14,7,7,1258,"Glycolysis / Gluconeogenesis","KEGG"
"EVM0027083",2,14,7,7,1258,"Mannose degradation","Reactome"
"EVM0027083",2,14,7,7,1258,"Metabolic pathways","KEGG"
"EVM0027083",2,14,7,7,1258,"Metabolism and regulation","Reactome"
"EVM0027083",2,14,7,7,1258,"Starch and sucrose metabolism","KEGG"
"EVM0027083",2,14,7,7,1258,"Trehalose degradation II","Reactome"
"EVM0027087",18,21,10,12,1753,"Amino sugar and nucleotide sugar metabolism","KEGG"
"EVM0027087",18,21,10,12,1753,"Metabolic pathways","KEGG"
"EVM0027122",12,12,1,1,861,"Biosynthesis of secondary metabolites","KEGG"
"EVM0027122",12,12,1,1,861,"Metabolic pathways","KEGG"
"EVM0027122",12,12,1,1,861,"Phenylpropanoid biosynthesis","KEGG"
"EVM0027158",1,26,3,12,2663,"Inositol phosphate metabolism","KEGG"
"EVM0027158",1,26,3,12,2663,"Lysosome biogenesis","KEGG"
"EVM0027158",1,26,3,12,2663,"Metabolic pathways","KEGG"
"EVM0027196",5,52,0,18,1302,"Amino acid metabolism","Reactome"
"EVM0027196",5,52,0,18,1302,"Cysteine and methionine metabolism","KEGG"
"EVM0027196",5,52,0,18,1302,"Metabolic pathways","KEGG"
"EVM0027196",5,52,0,18,1302,"Metabolism and regulation","Reactome"
"EVM0027196",5,52,0,18,1302,"One carbon pool by folate","KEGG"
"EVM0027196",5,52,0,18,1302,"S-adenosyl-L-methionine cycle","Reactome"
"EVM0027245",7,59,7,23,1418,"Metabolic pathways","KEGG"
"EVM0027245",7,59,7,23,1418,"Purine metabolism","KEGG"
"EVM0027279",5,14,0,6,1087,"Metabolic pathways","KEGG"
"EVM0027279",5,14,0,6,1087,"N-Glycan biosynthesis","KEGG"
"EVM0027286",0,8,0,0,827,"Biosynthesis of various nucleotide sugars","KEGG"
"EVM0027306",8,15,8,15,795,"Lysine degradation","KEGG"
"EVM0027306",8,15,8,15,795,"Metabolic pathways","KEGG"
"EVM0027332",0,27,1,25,2874,"Carbon fixation by Calvin cycle","KEGG"
"EVM0027332",0,27,1,25,2874,"Carbon metabolism","KEGG"
"EVM0027332",0,27,1,25,2874,"Metabolic pathways","KEGG"
"EVM0027332",0,27,1,25,2874,"Pyruvate metabolism","KEGG"
"EVM0027383",0,23,3,12,967,"Calvin cycle","Reactome"
"EVM0027383",0,23,3,12,967,"Carbohydrate metabolism","Reactome"
"EVM0027383",0,23,3,12,967,"Carbon fixation by Calvin cycle","KEGG"
"EVM0027383",0,23,3,12,967,"Carbon metabolism","KEGG"
"EVM0027383",0,23,3,12,967,"Metabolic pathways","KEGG"
"EVM0027383",0,23,3,12,967,"Metabolism and regulation","Reactome"
"EVM0027409",0,21,0,14,690,"Metabolic pathways","KEGG"
"EVM0027409",0,21,0,14,690,"Photosynthesis - antenna proteins","KEGG"
"EVM0027481",0,2,0,13,786,"Autophagy - other","KEGG"
"EVM0027481",0,2,0,13,786,"Cornified envelope formation","KEGG"
"EVM0027481",0,2,0,13,786,"mRNA surveillance pathway","KEGG"
"EVM0027525",6,10,6,13,1127,"Butanoate metabolism","KEGG"
"EVM0027525",6,10,6,13,1127,"Metabolic pathways","KEGG"
"EVM0027525",6,10,6,13,1127,"Peroxisome","KEGG"
"EVM0027525",6,10,6,13,1127,"Valine, leucine and isoleucine degradation","KEGG"
"EVM0027566",1,3,0,0,687,"Endocytosis","KEGG"
"EVM0027566",1,3,0,0,687,"Viral life cycle - HIV-1","KEGG"
"EVM0027689",1,5,0,11,2616,"Nucleocytoplasmic transport","KEGG"
"EVM0027773",3,6,3,5,720,"Protein processing in endoplasmic reticulum","KEGG"
"EVM0027773",3,6,3,5,720,"Ubiquitin mediated proteolysis","KEGG"
"EVM0027778",2,32,0,8,1024,"Biosynthesis of secondary metabolites","KEGG"
"EVM0027778",2,32,0,8,1024,"Metabolic pathways","KEGG"
"EVM0027778",2,32,0,8,1024,"Metabolism and regulation","Reactome"
"EVM0027778",2,32,0,8,1024,"Secondary metabolism","Reactome"
"EVM0027778",2,32,0,8,1024,"Steroid biosynthesis","KEGG"
"EVM0027778",2,32,0,8,1024,"Sterol biosynthesis","Reactome"
"EVM0027794",0,1,0,3,716,"Brassinosteroid signaling","Reactome"
"EVM0027794",0,1,0,3,716,"Cadherin signaling","KEGG"
"EVM0027794",0,1,0,3,716,"Growth and developmental processes","Reactome"
"EVM0027794",0,1,0,3,716,"Hormone signaling, transport, and metabolism","Reactome"
"EVM0027794",0,1,0,3,716,"Metabolism and regulation","Reactome"
"EVM0027794",0,1,0,3,716,"Regulation of seed size","Reactome"
"EVM0027794",0,1,0,3,716,"Reproductive structure development","Reactome"
"EVM0027794",0,1,0,3,716,"Seed development","Reactome"
"EVM0027824",10,46,3,14,1977,"Autophagy - other","KEGG"
"EVM0027863",2,72,3,21,2424,"Biosynthesis of secondary metabolites","KEGG"
"EVM0027863",2,72,3,21,2424,"Endocytosis","KEGG"
"EVM0027863",2,72,3,21,2424,"Ether lipid metabolism","KEGG"
"EVM0027863",2,72,3,21,2424,"Glycerophospholipid metabolism","KEGG"
"EVM0027863",2,72,3,21,2424,"Metabolic pathways","KEGG"
"EVM0028071",3,3,4,7,1406,"MAPK signaling pathway - plant","KEGG"
"EVM0028071",3,3,4,7,1406,"Plant hormone signal transduction","KEGG"
"EVM0028077",32,42,7,17,1751,"Fatty acid biosynthesis","KEGG"
"EVM0028077",32,42,7,17,1751,"Fatty acid metabolism","KEGG"
"EVM0028077",32,42,7,17,1751,"Metabolic pathways","KEGG"
"EVM0028077",32,42,7,17,1751,"Valine, leucine and isoleucine degradation","KEGG"
"EVM0028104",0,7,0,1,585,"Auxin signalling","Reactome"
"EVM0028104",0,7,0,1,585,"Bacterial invasion of epithelial cells","KEGG"
"EVM0028104",0,7,0,1,585,"Cadherin signaling","KEGG"
"EVM0028104",0,7,0,1,585,"Efferocytosis","KEGG"
"EVM0028104",0,7,0,1,585,"Growth and developmental processes","Reactome"
"EVM0028104",0,7,0,1,585,"Hormone signaling, transport, and metabolism","Reactome"
"EVM0028104",0,7,0,1,585,"IgSF CAM signaling","KEGG"
"EVM0028104",0,7,0,1,585,"Integrin signaling","KEGG"
"EVM0028104",0,7,0,1,585,"Metabolism and regulation","Reactome"
"EVM0028104",0,7,0,1,585,"Phagosome","KEGG"
"EVM0028104",0,7,0,1,585,"Regulation of seed size","Reactome"
"EVM0028104",0,7,0,1,585,"Reproductive structure development","Reactome"
"EVM0028104",0,7,0,1,585,"Seed development","Reactome"
"EVM0028104",0,7,0,1,585,"Toll-like receptor signaling pathway","KEGG"
"EVM0028125",0,42,0,23,816,"Recognition of fungal and bacterial pathogens and immunity response","Reactome"
"EVM0028125",0,42,0,23,816,"Responses to stimuli: biotic stimuli and stresses","Reactome"
"EVM0028202",4,39,2,7,1495,"Amino acid biosynthesis","Reactome"
"EVM0028202",4,39,2,7,1495,"Amino acid metabolism","Reactome"
"EVM0028202",4,39,2,7,1495,"Biosynthesis of amino acids","KEGG"
"EVM0028202",4,39,2,7,1495,"Biosynthesis of secondary metabolites","KEGG"
"EVM0028202",4,39,2,7,1495,"Metabolic pathways","KEGG"
"EVM0028202",4,39,2,7,1495,"Metabolism and regulation","Reactome"
"EVM0028202",4,39,2,7,1495,"Phenylalanine, tyrosine and tryptophan biosynthesis","KEGG"
"EVM0028202",4,39,2,7,1495,"Tryptophan biosynthesis","Reactome"
"EVM0028208",13,66,5,19,1609,"Lysosome biogenesis","KEGG"
"EVM0028233",2,5,2,4,853,"Biosynthesis of cofactors","KEGG"
"EVM0028233",2,5,2,4,853,"Biosynthesis of secondary metabolites","KEGG"
"EVM0028233",2,5,2,4,853,"Cofactor biosyntheses","Reactome"
"EVM0028233",2,5,2,4,853,"Metabolic pathways","KEGG"
"EVM0028233",2,5,2,4,853,"Metabolism and regulation","Reactome"
"EVM0028233",2,5,2,4,853,"Phylloquinone biosynthesis","Reactome"
"EVM0028233",2,5,2,4,853,"Ubiquinone and other terpenoid-quinone biosynthesis","KEGG"
"EVM0028237",5,32,6,14,2065,"Aminoacyl-tRNA biosynthesis","KEGG"
"EVM0028289",6,37,0,12,986,"Lysosome biogenesis","KEGG"
"EVM0028423",4,28,1,15,1420,"Biosynthesis of secondary metabolites","KEGG"
"EVM0028423",4,28,1,15,1420,"Glycerolipid metabolism","KEGG"
"EVM0028423",4,28,1,15,1420,"Glycerophospholipid metabolism","KEGG"
"EVM0028423",4,28,1,15,1420,"Metabolic pathways","KEGG"
"EVM0028423",4,28,1,15,1420,"Phosphatidylinositol signaling system","KEGG"
"EVM0028428",5,65,1,16,1411,"Metabolic pathways","KEGG"
"EVM0028428",5,65,1,16,1411,"Valine, leucine and isoleucine degradation","KEGG"
"EVM0028480",0,21,7,10,1551,"Cornified envelope formation","KEGG"
"EVM0028480",0,21,7,10,1551,"mRNA surveillance pathway","KEGG"
"EVM0028571",0,25,2,4,760,"Biosynthesis of cofactors","KEGG"
"EVM0028571",0,25,2,4,760,"Metabolic pathways","KEGG"
"EVM0028571",0,25,2,4,760,"Nucleotide metabolism","KEGG"
"EVM0028571",0,25,2,4,760,"Pyrimidine metabolism","KEGG"
"EVM0028616",0,6,1,5,923,"Ribosome","KEGG"
"EVM0028779",10,38,8,26,896,"Biosynthesis of secondary metabolites","KEGG"
"EVM0028779",10,38,8,26,896,"Terpenoid backbone biosynthesis","KEGG"
"EVM0028940",7,65,8,35,1565,"Alanine, aspartate and glutamate metabolism","KEGG"
"EVM0028940",7,65,8,35,1565,"Amino acid biosynthesis","Reactome"
"EVM0028940",7,65,8,35,1565,"Amino acid metabolism","Reactome"
"EVM0028940",7,65,8,35,1565,"Arginine and proline metabolism","KEGG"
"EVM0028940",7,65,8,35,1565,"Arginine degradation","Reactome"
"EVM0028940",7,65,8,35,1565,"Metabolic pathways","KEGG"
"EVM0028940",7,65,8,35,1565,"Metabolism and regulation","Reactome"
"EVM0028978",8,75,8,27,2208,"Linoleic acid metabolism","KEGG"
"EVM0029041",6,16,3,8,772,"Maackiain biosynthesis","Reactome"
"EVM0029041",6,16,3,8,772,"Medicarpin biosynthesis","Reactome"
"EVM0029041",6,16,3,8,772,"Metabolism and regulation","Reactome"
"EVM0029041",6,16,3,8,772,"Secondary metabolism","Reactome"
"EVM0029273",12,25,11,13,1392,"Biosynthesis of cofactors","KEGG"
"EVM0029273",12,25,11,13,1392,"Biosynthesis of secondary metabolites","KEGG"
"EVM0029273",12,25,11,13,1392,"Metabolic pathways","KEGG"
"EVM0029273",12,25,11,13,1392,"Porphyrin metabolism","KEGG"
"EVM0029283",10,55,15,17,2050,"Protein processing in endoplasmic reticulum","KEGG"
"EVM0029283",10,55,15,17,2050,"Ubiquitin mediated proteolysis","KEGG"
"EVM0029296",3,31,5,12,1587,"Biosynthesis of amino acids","KEGG"
"EVM0029296",3,31,5,12,1587,"Biosynthesis of secondary metabolites","KEGG"
"EVM0029296",3,31,5,12,1587,"Carbon metabolism","KEGG"
"EVM0029296",3,31,5,12,1587,"Fructose and mannose metabolism","KEGG"
"EVM0029296",3,31,5,12,1587,"Galactose metabolism","KEGG"
"EVM0029296",3,31,5,12,1587,"Glycolysis / Gluconeogenesis","KEGG"
"EVM0029296",3,31,5,12,1587,"Metabolic pathways","KEGG"
"EVM0029296",3,31,5,12,1587,"Pentose phosphate pathway","KEGG"
"EVM0029296",3,31,5,12,1587,"RNA degradation","KEGG"
"EVM0029309",7,84,4,14,2047,"Biosynthesis of cofactors","KEGG"
"EVM0029309",7,84,4,14,2047,"Cofactor biosyntheses","Reactome"
"EVM0029309",7,84,4,14,2047,"Metabolic pathways","KEGG"
"EVM0029309",7,84,4,14,2047,"Metabolism and regulation","Reactome"
"EVM0029309",7,84,4,14,2047,"NAD biosynthesis I (from aspartate)","Reactome"
"EVM0029309",7,84,4,14,2047,"Nicotinate and nicotinamide metabolism","KEGG"
"EVM0029372",5,52,6,18,1822,"Biosynthesis of cofactors","KEGG"
"EVM0029372",5,52,6,18,1822,"Carbon metabolism","KEGG"
"EVM0029372",5,52,6,18,1822,"Cofactor biosyntheses","Reactome"
"EVM0029372",5,52,6,18,1822,"Folate polyglutamylation I","Reactome"
"EVM0029372",5,52,6,18,1822,"Metabolic pathways","KEGG"
"EVM0029372",5,52,6,18,1822,"Metabolism and regulation","Reactome"
"EVM0029372",5,52,6,18,1822,"One carbon pool by folate","KEGG"
"EVM0029372",5,52,6,18,1822,"Tetrahydrofolate biosynthesis II","Reactome"
"EVM0029455",0,48,2,47,2587,"Nucleocytoplasmic transport","KEGG"
"EVM0029489",1,19,1,12,2439,"Protein processing in endoplasmic reticulum","KEGG"
"EVM0029506",0,17,0,10,603,"Ribosome","KEGG"
"EVM0029535",4,29,2,9,616,"Biosynthesis of nucleotide sugars","KEGG"
"EVM0029535",4,29,2,9,616,"Biosynthesis of various nucleotide sugars","KEGG"
"EVM0029535",4,29,2,9,616,"CMP-KDO biosynthesis II (from D-arabinose 5-phosphate)","Reactome"
"EVM0029535",4,29,2,9,616,"Carbohydrate metabolism","Reactome"
"EVM0029535",4,29,2,9,616,"Metabolic pathways","KEGG"
"EVM0029535",4,29,2,9,616,"Metabolism and regulation","Reactome"
"EVM0029555",16,28,12,21,3004,"Motor proteins","KEGG"
"EVM0029713",5,16,5,6,1429,"Protein processing in endoplasmic reticulum","KEGG"
"EVM0029824",9,14,3,10,1158,"Amine and polyamine biosynthesis","Reactome"
"EVM0029824",9,14,3,10,1158,"Arginine and proline metabolism","KEGG"
"EVM0029824",9,14,3,10,1158,"Biosynthesis of secondary metabolites","KEGG"
"EVM0029824",9,14,3,10,1158,"Cysteine and methionine metabolism","KEGG"
"EVM0029824",9,14,3,10,1158,"Metabolic pathways","KEGG"
"EVM0029824",9,14,3,10,1158,"Metabolism and regulation","Reactome"
"EVM0029824",9,14,3,10,1158,"Spermidine biosynthesis","Reactome"
"EVM0029824",9,14,3,10,1158,"Spermine biosynthesis","Reactome"
"EVM0029835",8,25,2,8,674,"Biosynthesis of cofactors","KEGG"
"EVM0029835",8,25,2,8,674,"Biosynthesis of secondary metabolites","KEGG"
"EVM0029835",8,25,2,8,674,"Metabolic pathways","KEGG"
"EVM0029835",8,25,2,8,674,"Ubiquinone and other terpenoid-quinone biosynthesis","KEGG"
"EVM0030028",0,2,1,8,1380,"Aminoacyl-tRNA biosynthesis","KEGG"
"EVM0030073",1,19,1,7,1144,"Endocytosis","KEGG"
"EVM0030168",0,11,1,7,1089,"mRNA surveillance pathway","KEGG"
"EVM0030206",12,40,14,21,1472,"Metabolic pathways","KEGG"
"EVM0030206",12,40,14,21,1472,"Starch and sucrose metabolism","KEGG"
"EVM0030238",9,16,7,16,1398,"Biosynthesis of secondary metabolites","KEGG"
"EVM0030238",9,16,7,16,1398,"Cutin, suberine and wax biosynthesis","KEGG"
"EVM0030238",9,16,7,16,1398,"Peroxisome","KEGG"
"EVM0030261",16,41,2,16,1260,"Biosynthesis of secondary metabolites","KEGG"
"EVM0030261",16,41,2,16,1260,"Phenylpropanoid biosynthesis","KEGG"
"EVM0030280",2,23,0,9,1353,"2-Oxocarboxylic acid metabolism","KEGG"
"EVM0030280",2,23,0,9,1353,"Biosynthesis of cofactors","KEGG"
"EVM0030280",2,23,0,9,1353,"Biosynthesis of secondary metabolites","KEGG"
"EVM0030280",2,23,0,9,1353,"Carbon metabolism","KEGG"
"EVM0030280",2,23,0,9,1353,"Citrate cycle","KEGG"
"EVM0030280",2,23,0,9,1353,"Glycine, serine and threonine metabolism","KEGG"
"EVM0030280",2,23,0,9,1353,"Glycolysis / Gluconeogenesis","KEGG"
"EVM0030280",2,23,0,9,1353,"Glyoxylate and dicarboxylate metabolism","KEGG"
"EVM0030280",2,23,0,9,1353,"Lipoic acid metabolism","KEGG"
"EVM0030280",2,23,0,9,1353,"Lysine degradation","KEGG"
"EVM0030280",2,23,0,9,1353,"Metabolic pathways","KEGG"
"EVM0030280",2,23,0,9,1353,"One carbon pool by folate","KEGG"
"EVM0030280",2,23,0,9,1353,"Propanoate metabolism","KEGG"
"EVM0030280",2,23,0,9,1353,"Pyruvate metabolism","KEGG"
"EVM0030280",2,23,0,9,1353,"Tryptophan metabolism","KEGG"
"EVM0030280",2,23,0,9,1353,"Valine, leucine and isoleucine degradation","KEGG"
"EVM0030314",4,13,5,8,941,"Biosynthesis of secondary metabolites","KEGG"
"EVM0030314",4,13,5,8,941,"Metabolic pathways","KEGG"
"EVM0030314",4,13,5,8,941,"Phenylpropanoid biosynthesis","KEGG"
"EVM0030321",1,66,0,20,1319,"2-Oxocarboxylic acid metabolism","KEGG"
"EVM0030321",1,66,0,20,1319,"Biosynthesis of cofactors","KEGG"
"EVM0030321",1,66,0,20,1319,"Biosynthesis of secondary metabolites","KEGG"
"EVM0030321",1,66,0,20,1319,"Carbon metabolism","KEGG"
"EVM0030321",1,66,0,20,1319,"Citrate cycle","KEGG"
"EVM0030321",1,66,0,20,1319,"Generation of precursor metabolites and energy","Reactome"
"EVM0030321",1,66,0,20,1319,"Glycine, serine and threonine metabolism","KEGG"
"EVM0030321",1,66,0,20,1319,"Glycolysis / Gluconeogenesis","KEGG"
"EVM0030321",1,66,0,20,1319,"Glyoxylate and dicarboxylate metabolism","KEGG"
"EVM0030321",1,66,0,20,1319,"Lipoic acid metabolism","KEGG"
"EVM0030321",1,66,0,20,1319,"Lysine degradation","KEGG"
"EVM0030321",1,66,0,20,1319,"Metabolic pathways","KEGG"
"EVM0030321",1,66,0,20,1319,"Metabolism and regulation","Reactome"
"EVM0030321",1,66,0,20,1319,"Mitochondrial pyruvate metabolism","Reactome"
"EVM0030321",1,66,0,20,1319,"One carbon pool by folate","KEGG"
"EVM0030321",1,66,0,20,1319,"Photorespiration","Reactome"
"EVM0030321",1,66,0,20,1319,"Propanoate metabolism","KEGG"
"EVM0030321",1,66,0,20,1319,"Pyruvate metabolism","KEGG"
"EVM0030321",1,66,0,20,1319,"TCA cycle (plant)","Reactome"
"EVM0030321",1,66,0,20,1319,"Tryptophan metabolism","KEGG"
"EVM0030321",1,66,0,20,1319,"Valine, leucine and isoleucine degradation","KEGG"
"EVM0030386",0,7,0,6,1212,"2-Oxocarboxylic acid metabolism","KEGG"
"EVM0030386",0,7,0,6,1212,"Biosynthesis of amino acids","KEGG"
"EVM0030386",0,7,0,6,1212,"Biosynthesis of secondary metabolites","KEGG"
"EVM0030386",0,7,0,6,1212,"Carbon metabolism","KEGG"
"EVM0030386",0,7,0,6,1212,"Citrate cycle","KEGG"
"EVM0030386",0,7,0,6,1212,"Glutathione metabolism","KEGG"
"EVM0030386",0,7,0,6,1212,"Metabolic pathways","KEGG"
"EVM0030386",0,7,0,6,1212,"Peroxisome","KEGG"
"EVM0030503",0,23,2,8,1222,"Biosynthesis of secondary metabolites","KEGG"
"EVM0030503",0,23,2,8,1222,"Metabolic pathways","KEGG"
"EVM0030503",0,23,2,8,1222,"Phenylpropanoid biosynthesis","KEGG"
"EVM0030503",0,23,2,8,1222,"Ubiquinone and other terpenoid-quinone biosynthesis","KEGG"
"EVM0030533",20,48,2,20,1023,"Biosynthesis of secondary metabolites","KEGG"
"EVM0030533",20,48,2,20,1023,"Metabolic pathways","KEGG"
"EVM0030533",20,48,2,20,1023,"Phenylpropanoid biosynthesis","KEGG"
"EVM0030563",0,18,1,21,1353,"Lysosome biogenesis","KEGG"
"EVM0030625",6,13,2,2,1290,"Amino sugar and nucleotide sugar metabolism","KEGG"
"EVM0030625",6,13,2,2,1290,"Biosynthesis of nucleotide sugars","KEGG"
"EVM0030625",6,13,2,2,1290,"Biosynthesis of secondary metabolites","KEGG"
"EVM0030625",6,13,2,2,1290,"Carbohydrate metabolism","Reactome"
"EVM0030625",6,13,2,2,1290,"Gravitropism under normal or artificial gravity environments","Reactome"
"EVM0030625",6,13,2,2,1290,"Growth and developmental processes","Reactome"
"EVM0030625",6,13,2,2,1290,"Metabolic pathways","KEGG"
"EVM0030625",6,13,2,2,1290,"Metabolism and regulation","Reactome"
"EVM0030625",6,13,2,2,1290,"Regulatory network of nutrient accumulation","Reactome"
"EVM0030625",6,13,2,2,1290,"Reproductive structure development","Reactome"
"EVM0030625",6,13,2,2,1290,"Responses to stimuli: abiotic stimuli and stresses","Reactome"
"EVM0030625",6,13,2,2,1290,"Root gravitropism","Reactome"
"EVM0030625",6,13,2,2,1290,"Seed development","Reactome"
"EVM0030625",6,13,2,2,1290,"Starch and sucrose metabolism","KEGG"
"EVM0030625",6,13,2,2,1290,"Starch biosynthesis","Reactome"
"EVM0030851",0,13,3,8,728,"Ribosome","KEGG"
"EVM0030921",14,59,4,9,1197,"Biosynthesis of secondary metabolites","KEGG"
"EVM0030921",14,59,4,9,1197,"Glycerolipid metabolism","KEGG"
"EVM0030921",14,59,4,9,1197,"Glycerophospholipid metabolism","KEGG"
"EVM0030921",14,59,4,9,1197,"Metabolic pathways","KEGG"
"EVM0030932",3,4,8,12,1293,"Ubiquitin mediated proteolysis","KEGG"
"EVM0030944",0,3,0,10,1482,"Spliceosome","KEGG"
"EVM0030944",0,3,0,10,1482,"Ubiquitin mediated proteolysis","KEGG"
"EVM0030990",10,21,2,7,1165,"Amino acid biosynthesis","Reactome"
"EVM0030990",10,21,2,7,1165,"Amino acid metabolism","Reactome"
"EVM0030990",10,21,2,7,1165,"Biosynthesis of amino acids","KEGG"
"EVM0030990",10,21,2,7,1165,"Biosynthesis of secondary metabolites","KEGG"
"EVM0030990",10,21,2,7,1165,"Chorismate biosynthesis","Reactome"
"EVM0030990",10,21,2,7,1165,"Metabolic pathways","KEGG"
"EVM0030990",10,21,2,7,1165,"Metabolism and regulation","Reactome"
"EVM0030990",10,21,2,7,1165,"Phenylalanine, tyrosine and tryptophan biosynthesis","KEGG"
"EVM0031188",0,56,2,28,1563,"Biosynthesis of secondary metabolites","KEGG"
"EVM0031188",0,56,2,28,1563,"Carbohydrate metabolism","Reactome"
"EVM0031188",0,56,2,28,1563,"Metabolic pathways","KEGG"
"EVM0031188",0,56,2,28,1563,"Metabolism and regulation","Reactome"
"EVM0031188",0,56,2,28,1563,"Starch and sucrose metabolism","KEGG"
"EVM0031188",0,56,2,28,1563,"Trehalose biosynthesis I","Reactome"
"EVM0031203",15,23,0,1,990,"Spliceosome","KEGG"
"EVM0031213",19,21,8,11,1764,"Autophagy - other","KEGG"
"EVM0031240",0,11,1,20,1313,"IgSF CAM signaling","KEGG"
"EVM0031240",0,11,1,20,1313,"Motor proteins","KEGG"
"EVM0031240",0,11,1,20,1313,"Phagosome","KEGG"
"EVM0031440",0,16,0,14,1184,"Metabolic pathways","KEGG"
"EVM0031440",0,16,0,14,1184,"Selenocompound metabolism","KEGG"
"EVM0031473",2,32,1,10,607,"Proteasome","KEGG"
"EVM0031485",0,4,1,5,1117,"ATP-dependent chromatin remodeling","KEGG"
"EVM0031782",1,2,5,8,259,"Glutathione metabolism","KEGG"
"EVM0031782",1,2,5,8,259,"Metabolic pathways","KEGG"
"EVM0031852",10,16,2,10,997,"Biosynthesis of secondary metabolites","KEGG"
"EVM0031852",10,16,2,10,997,"Metabolic pathways","KEGG"
"EVM0031852",10,16,2,10,997,"Metabolism and regulation","Reactome"
"EVM0031852",10,16,2,10,997,"Mevalonate pathway","Reactome"
"EVM0031852",10,16,2,10,997,"Secondary metabolism","Reactome"
"EVM0031852",10,16,2,10,997,"Terpenoid backbone biosynthesis","KEGG"
"EVM0031884",14,37,5,11,1189,"Protein processing in endoplasmic reticulum","KEGG"
"EVM0031923",0,7,1,3,1220,"Cofactor biosyntheses","Reactome"
"EVM0031923",0,7,1,3,1220,"Metabolic pathways","KEGG"
"EVM0031923",0,7,1,3,1220,"Metabolism and regulation","Reactome"
"EVM0031923",0,7,1,3,1220,"Nucleotide metabolism","KEGG"
"EVM0031923",0,7,1,3,1220,"Pantothenate and coenzyme A biosynthesis III","Reactome"
"EVM0031923",0,7,1,3,1220,"Pyrimidine metabolism","KEGG"
"EVM0031926",6,13,8,26,1105,"Amino acid biosynthesis","Reactome"
"EVM0031926",6,13,8,26,1105,"Amino acid metabolism","Reactome"
"EVM0031926",6,13,8,26,1105,"Biosynthesis of amino acids","KEGG"
"EVM0031926",6,13,8,26,1105,"Biosynthesis of secondary metabolites","KEGG"
"EVM0031926",6,13,8,26,1105,"Chorismate biosynthesis","Reactome"
"EVM0031926",6,13,8,26,1105,"Metabolic pathways","KEGG"
"EVM0031926",6,13,8,26,1105,"Metabolism and regulation","Reactome"
"EVM0031926",6,13,8,26,1105,"Phenylalanine, tyrosine and tryptophan biosynthesis","KEGG"
"EVM0031976",4,19,1,2,588,"Ribosome biogenesis in eukaryotes","KEGG"
"EVM0031995",4,16,2,13,722,"Biosynthesis of secondary metabolites","KEGG"
"EVM0031995",4,16,2,13,722,"Terpenoid backbone biosynthesis","KEGG"
"EVM0032028",0,6,0,3,316,"Ribosome","KEGG"
"EVM0032029",10,73,7,24,1892,"Metabolism and regulation","Reactome"
"EVM0032029",10,73,7,24,1892,"Phytic acid biosynthesis","Reactome"
"EVM0032029",10,73,7,24,1892,"Phytic acid biosynthesis (lipid-independent)","Reactome"
"EVM0032029",10,73,7,24,1892,"Secondary metabolism","Reactome"
"EVM0032189",0,34,0,11,902,"Biosynthesis of secondary metabolites","KEGG"
"EVM0032189",0,34,0,11,902,"Biosynthesis of unsaturated fatty acids","KEGG"
"EVM0032189",0,34,0,11,902,"Brassinosteroid biosynthesis II","Reactome"
"EVM0032189",0,34,0,11,902,"Fatty acid elongation","KEGG"
"EVM0032189",0,34,0,11,902,"Fatty acid metabolism","KEGG"
"EVM0032189",0,34,0,11,902,"Hormone signaling, transport, and metabolism","Reactome"
"EVM0032189",0,34,0,11,902,"Metabolic pathways","KEGG"
"EVM0032189",0,34,0,11,902,"Metabolism and regulation","Reactome"
"EVM0032391",0,3,1,13,1108,"Proteasome","KEGG"
"EVM0032514",0,4,0,1,1334,"Plant hormone signal transduction","KEGG"
"EVM0032514",0,4,0,1,1334,"Plant-pathogen interaction","KEGG"
"EVM0032819",0,19,10,24,1031,"Proteasome","KEGG"
"EVM0032893",0,11,0,6,1596,"Plant hormone signal transduction","KEGG"
"EVM0032893",0,11,0,6,1596,"Plant-pathogen interaction","KEGG"
"EVM0033037",0,13,1,5,352,"Metabolic pathways","KEGG"
"EVM0033037",0,13,1,5,352,"Photosynthesis","KEGG"
"EVM0033054",0,28,0,15,1385,"Plant hormone signal transduction","KEGG"
"EVM0033054",0,28,0,15,1385,"Plant-pathogen interaction","KEGG"
"EVM0033130",2,20,0,8,721,"Alanine, aspartate and glutamate metabolism","KEGG"
"EVM0033130",2,20,0,8,721,"Arginine biosynthesis","KEGG"
"EVM0033130",2,20,0,8,721,"Biosynthesis of amino acids","KEGG"
"EVM0033130",2,20,0,8,721,"Biosynthesis of secondary metabolites","KEGG"
"EVM0033130",2,20,0,8,721,"Glyoxylate and dicarboxylate metabolism","KEGG"
"EVM0033130",2,20,0,8,721,"Metabolic pathways","KEGG"
"EVM0033130",2,20,0,8,721,"Nitrogen metabolism","KEGG"
"EVM0033130",2,20,0,8,721,"Plant hormone signal transduction","KEGG"
"EVM0033132",11,16,2,19,3874,"ABC transporters","KEGG"
"EVM0033200",3,26,9,22,1998,"Biosynthesis of secondary metabolites","KEGG"
"EVM0033200",3,26,9,22,1998,"Glycerolipid metabolism","KEGG"
"EVM0033200",3,26,9,22,1998,"Glycerophospholipid metabolism","KEGG"
"EVM0033200",3,26,9,22,1998,"Metabolic pathways","KEGG"
"EVM0033200",3,26,9,22,1998,"Phosphatidylinositol signaling system","KEGG"
"EVM0033202",2,70,1,24,3002,"Carbohydrate metabolism","Reactome"
"EVM0033202",2,70,1,24,3002,"Cellulose biosynthesis","Reactome"
"EVM0033202",2,70,1,24,3002,"Metabolism and regulation","Reactome"
"EVM0033378",0,18,0,5,873,"Amino acid biosynthesis","Reactome"
"EVM0033378",0,18,0,5,873,"Amino acid metabolism","Reactome"
"EVM0033378",0,18,0,5,873,"Biosynthesis of secondary metabolites","KEGG"
"EVM0033378",0,18,0,5,873,"Carbon metabolism","KEGG"
"EVM0033378",0,18,0,5,873,"Glutamate biosynthesis I","Reactome"
"EVM0033378",0,18,0,5,873,"Glyoxylate and dicarboxylate metabolism","KEGG"
"EVM0033378",0,18,0,5,873,"Metabolic pathways","KEGG"
"EVM0033378",0,18,0,5,873,"Metabolism and regulation","Reactome"
"EVM0033378",0,18,0,5,873,"Peroxisome","KEGG"
"EVM0033388",0,42,1,8,2203,"Lysosome biogenesis","KEGG"
"EVM0033390",0,22,0,4,849,"Basal transcription factors","KEGG"
"EVM0033441",0,17,1,2,633,"Cell cycle","Reactome"
"EVM0033441",0,17,1,2,633,"Cellular processes","Reactome"
"EVM0033441",0,17,1,2,633,"DNA replication Initiation","Reactome"
"EVM0033441",0,17,1,2,633,"Mitosis","Reactome"
"EVM0033441",0,17,1,2,633,"S phase","Reactome"
"EVM0033441",0,17,1,2,633,"Synthesis of DNA","Reactome"
"EVM0033502",0,12,4,5,932,"Amino acid biosynthesis","Reactome"
"EVM0033502",0,12,4,5,932,"Amino acid metabolism","Reactome"
"EVM0033502",0,12,4,5,932,"Arginine biosynthesis","Reactome"
"EVM0033502",0,12,4,5,932,"Canavanine biosynthesis","Reactome"
"EVM0033502",0,12,4,5,932,"Metabolism and regulation","Reactome"
"EVM0033502",0,12,4,5,932,"Proline biosynthesis V (from arginine)","Reactome"
"EVM0033542",2,36,1,16,1188,"Biosynthesis of secondary metabolites","KEGG"
"EVM0033542",2,36,1,16,1188,"Glycerolipid metabolism","KEGG"
"EVM0033542",2,36,1,16,1188,"Glycerophospholipid metabolism","KEGG"
"EVM0033542",2,36,1,16,1188,"Metabolic pathways","KEGG"
"EVM0033542",2,36,1,16,1188,"Phosphatidylinositol signaling system","KEGG"
"EVM0033570",2,5,0,1,555,"Ribosome","KEGG"
"EVM0033610",0,15,0,2,593,"Metabolic pathways","KEGG"
"EVM0033610",0,15,0,2,593,"Oxidative phosphorylation","KEGG"
"EVM0033620",12,6,3,8,2229,"Biosynthesis of secondary metabolites","KEGG"
"EVM0033620",12,6,3,8,2229,"Cofactor biosyntheses","Reactome"
"EVM0033620",12,6,3,8,2229,"Metabolic pathways","KEGG"
"EVM0033620",12,6,3,8,2229,"Metabolism and regulation","Reactome"
"EVM0033620",12,6,3,8,2229,"Methylerythritol phosphate pathway","Reactome"
"EVM0033620",12,6,3,8,2229,"Terpenoid backbone biosynthesis","KEGG"
"EVM0033651",0,6,0,6,1052,"Aminoacyl-tRNA biosynthesis","KEGG"
"EVM0033729",0,56,1,27,1022,"Amino sugar and nucleotide sugar metabolism","KEGG"
"EVM0033729",0,56,1,27,1022,"Biosynthesis of nucleotide sugars","KEGG"
"EVM0033729",0,56,1,27,1022,"Carbohydrate metabolism","Reactome"
"EVM0033729",0,56,1,27,1022,"Metabolic pathways","KEGG"
"EVM0033729",0,56,1,27,1022,"Metabolism and regulation","Reactome"
"EVM0033729",0,56,1,27,1022,"UDP-L-arabinose biosynthesis and transport","Reactome"
"EVM0033749",0,50,0,8,1818,"Lysosome biogenesis","KEGG"
"EVM0033749",0,50,0,8,1818,"Metabolic pathways","KEGG"
"EVM0033749",0,50,0,8,1818,"Oxidative phosphorylation","KEGG"
"EVM0033749",0,50,0,8,1818,"Phagosome","KEGG"
"EVM0033844",8,10,10,9,1263,"Basal transcription factors","KEGG"
"EVM0033875",3,11,10,14,849,"Biosynthesis of secondary metabolites","KEGG"
"EVM0033875",3,11,10,14,849,"Cutin, suberine and wax biosynthesis","KEGG"
"EVM0033945",0,18,0,8,774,"Biosynthesis of secondary metabolites","KEGG"
"EVM0033945",0,18,0,8,774,"Carbon metabolism","KEGG"
"EVM0033945",0,18,0,8,774,"Glyoxylate and dicarboxylate metabolism","KEGG"
"EVM0033945",0,18,0,8,774,"Metabolic pathways","KEGG"
"EVM0034043",0,10,1,12,886,"Biosynthesis of secondary metabolites","KEGG"
"EVM0034043",0,10,1,12,886,"Glycolysis / Gluconeogenesis","KEGG"
"EVM0034043",0,10,1,12,886,"Metabolic pathways","KEGG"
"EVM0034190",6,9,2,5,693,"Biosynthesis of amino acids","KEGG"
"EVM0034190",6,9,2,5,693,"Biosynthesis of secondary metabolites","KEGG"
"EVM0034190",6,9,2,5,693,"Carbon metabolism","KEGG"
"EVM0034190",6,9,2,5,693,"Glycine, serine and threonine metabolism","KEGG"
"EVM0034190",6,9,2,5,693,"Glycolysis / Gluconeogenesis","KEGG"
"EVM0034190",6,9,2,5,693,"Metabolic pathways","KEGG"
"EVM0034319",0,5,0,4,1042,"Spliceosome","KEGG"
"EVM0034327",24,7,25,25,2574,"Motor proteins","KEGG"
"EVM0034410",5,24,2,20,1590,"Spliceosome","KEGG"
"EVM0034520",6,10,4,18,761,"Cutin, suberine and wax biosynthesis","KEGG"
"EVM0034543",2,23,0,6,856,"Ascorbate and aldarate metabolism","KEGG"
"EVM0034543",2,23,0,6,856,"Biosynthesis of cofactors","KEGG"
"EVM0034543",2,23,0,6,856,"Biosynthesis of secondary metabolites","KEGG"
"EVM0034543",2,23,0,6,856,"Glycerolipid metabolism","KEGG"
"EVM0034543",2,23,0,6,856,"Glycolysis / Gluconeogenesis","KEGG"
"EVM0034543",2,23,0,6,856,"Metabolic pathways","KEGG"
"EVM0034543",2,23,0,6,856,"Pentose and glucuronate interconversions","KEGG"
"EVM0034543",2,23,0,6,856,"Pyruvate metabolism","KEGG"
"EVM0034679",20,27,15,16,1041,"Glycosylphosphatidylinositol","KEGG"
"EVM0034679",20,27,15,16,1041,"Metabolic pathways","KEGG"
"EVM0034697",10,35,2,6,2043,"mRNA surveillance pathway","KEGG"
"EVM0034713",0,21,4,21,2910,"Cornified envelope formation","KEGG"
"EVM0034713",0,21,4,21,2910,"Metabolic pathways","KEGG"
"EVM0034713",0,21,4,21,2910,"Other glycan degradation","KEGG"
"EVM0034713",0,21,4,21,2910,"Sphingolipid metabolism","KEGG"
"EVM0034749",14,44,5,15,963,"Ubiquitin mediated proteolysis","KEGG"
"EVM0034780",0,8,0,5,1160,"Proteasome","KEGG"
"EVM0034786",0,6,1,2,1894,"Motor proteins","KEGG"
"EVM0034787",0,13,2,5,1372,"Amino acid catabolism","Reactome"
"EVM0034787",0,13,2,5,1372,"Amino acid metabolism","Reactome"
"EVM0034787",0,13,2,5,1372,"Glutamate degradation","Reactome"
"EVM0034787",0,13,2,5,1372,"Metabolism and regulation","Reactome"
"EVM0034787",0,13,2,5,1372,"Proline degradation","Reactome"
"EVM0034810",0,9,0,2,672,"Plant-pathogen interaction","KEGG"
"EVM0034888",3,3,3,15,928,"Biosynthesis of secondary metabolites","KEGG"
"EVM0034888",3,3,3,15,928,"Cysteine and methionine metabolism","KEGG"
"EVM0034888",3,3,3,15,928,"Isoquinoline alkaloid biosynthesis","KEGG"
"EVM0034888",3,3,3,15,928,"Metabolic pathways","KEGG"
"EVM0034888",3,3,3,15,928,"Phenylalanine metabolism","KEGG"
"EVM0034888",3,3,3,15,928,"Phenylalanine, tyrosine and tryptophan biosynthesis","KEGG"
"EVM0034888",3,3,3,15,928,"Tropane, piperidine and pyridine alkaloid biosynthesis","KEGG"
"EVM0034888",3,3,3,15,928,"Tyrosine metabolism","KEGG"
"EVM0034888",3,3,3,15,928,"Ubiquinone and other terpenoid-quinone biosynthesis","KEGG"
"EVM0034892",0,20,3,5,1253,"Cornified envelope formation","KEGG"
"EVM0034892",0,20,3,5,1253,"mRNA surveillance pathway","KEGG"
"EVM0035073",7,14,5,31,2325,"Biosynthesis of secondary metabolites","KEGG"
"EVM0035073",7,14,5,31,2325,"Metabolic pathways","KEGG"
"EVM0035073",7,14,5,31,2325,"Starch and sucrose metabolism","KEGG"
"EVM0035086",14,35,8,11,1722,"Biosynthesis of secondary metabolites","KEGG"
"EVM0035086",14,35,8,11,1722,"Carbohydrate metabolism","Reactome"
"EVM0035086",14,35,8,11,1722,"Gravitropism under normal or artificial gravity environments","Reactome"
"EVM0035086",14,35,8,11,1722,"Growth and developmental processes","Reactome"
"EVM0035086",14,35,8,11,1722,"Metabolic pathways","KEGG"
"EVM0035086",14,35,8,11,1722,"Metabolism and regulation","Reactome"
"EVM0035086",14,35,8,11,1722,"Regulatory network of nutrient accumulation","Reactome"
"EVM0035086",14,35,8,11,1722,"Reproductive structure development","Reactome"
"EVM0035086",14,35,8,11,1722,"Responses to stimuli: abiotic stimuli and stresses","Reactome"
"EVM0035086",14,35,8,11,1722,"Root gravitropism","Reactome"
"EVM0035086",14,35,8,11,1722,"Seed development","Reactome"
"EVM0035086",14,35,8,11,1722,"Starch and sucrose metabolism","KEGG"
"EVM0035086",14,35,8,11,1722,"Starch biosynthesis","Reactome"
"EVM0035087",0,36,3,6,1098,"Plant-pathogen interaction","KEGG"
"EVM0035206",0,8,1,16,686,"Metabolism and regulation","Reactome"
"EVM0035206",0,8,1,16,686,"Secologanin and strictosidine biosynthesis","Reactome"
"EVM0035206",0,8,1,16,686,"Secondary metabolism","Reactome"
"EVM0035295",0,7,0,4,429,"Ribosome","KEGG"
"EVM0035378",4,50,6,21,1173,"Biosynthesis of secondary metabolites","KEGG"
"EVM0035378",4,50,6,21,1173,"Carbon fixation by Calvin cycle","KEGG"
"EVM0035378",4,50,6,21,1173,"Carbon metabolism","KEGG"
"EVM0035378",4,50,6,21,1173,"Citrate cycle","KEGG"
"EVM0035378",4,50,6,21,1173,"Cysteine and methionine metabolism","KEGG"
"EVM0035378",4,50,6,21,1173,"Glyoxylate and dicarboxylate metabolism","KEGG"
"EVM0035378",4,50,6,21,1173,"Metabolic pathways","KEGG"
"EVM0035378",4,50,6,21,1173,"Pyruvate metabolism","KEGG"
"EVM0035378",4,50,6,21,1173,"Sulfoquinovose metabolism","KEGG"
"EVM0035403",4,71,5,20,1657,"Nucleocytoplasmic transport","KEGG"
"EVM0035631",1,10,3,9,1359,"Biosynthesis of amino acids","KEGG"
"EVM0035631",1,10,3,9,1359,"Biosynthesis of secondary metabolites","KEGG"
"EVM0035631",1,10,3,9,1359,"Carbon metabolism","KEGG"
"EVM0035631",1,10,3,9,1359,"Glycolysis / Gluconeogenesis","KEGG"
"EVM0035631",1,10,3,9,1359,"Metabolic pathways","KEGG"
"EVM0035631",1,10,3,9,1359,"Pyruvate metabolism","KEGG"
"EVM0035652",0,31,0,5,1091,"Plant-pathogen interaction","KEGG"
"EVM0035666",1,4,1,6,346,"Ribosome","KEGG"
"EVM0035684",10,38,7,17,1030,"Amino acid catabolism","Reactome"
"EVM0035684",10,38,7,17,1030,"Amino acid metabolism","Reactome"
"EVM0035684",10,38,7,17,1030,"Biosynthesis of amino acids","KEGG"
"EVM0035684",10,38,7,17,1030,"Biosynthesis of secondary metabolites","KEGG"
"EVM0035684",10,38,7,17,1030,"Biotin biosynthesis II","Reactome"
"EVM0035684",10,38,7,17,1030,"Cofactor biosyntheses","Reactome"
"EVM0035684",10,38,7,17,1030,"Glycine, serine and threonine metabolism","KEGG"
"EVM0035684",10,38,7,17,1030,"Metabolic pathways","KEGG"
"EVM0035684",10,38,7,17,1030,"Metabolism and regulation","Reactome"
"EVM0035684",10,38,7,17,1030,"Threonine degradation","Reactome"
"EVM0035702",6,18,0,4,462,"Glutathione metabolism","KEGG"
"EVM0035702",6,18,0,4,462,"Metabolic pathways","KEGG"
"EVM0035711",13,54,3,12,1748,"Biosynthesis of secondary metabolites","KEGG"
"EVM0035711",13,54,3,12,1748,"Fatty acid and lipid metabolism","Reactome"
"EVM0035711",13,54,3,12,1748,"Glycerophospholipid metabolism","KEGG"
"EVM0035711",13,54,3,12,1748,"Metabolic pathways","KEGG"
"EVM0035711",13,54,3,12,1748,"Metabolism and regulation","Reactome"
"EVM0035711",13,54,3,12,1748,"Phospholipid biosynthesis I","Reactome"
"EVM0035787",8,12,8,19,503,"RNA degradation","KEGG"
"EVM0035932",2,1,3,4,726,"Lysosome biogenesis","KEGG"
"EVM0035932",2,1,3,4,726,"SNARE interactions in vesicular transport","KEGG"
"EVM0036019",0,15,0,4,906,"Brassinosteroid signaling","Reactome"
"EVM0036019",0,15,0,4,906,"Growth and developmental processes","Reactome"
"EVM0036019",0,15,0,4,906,"Hormone signaling, transport, and metabolism","Reactome"
"EVM0036019",0,15,0,4,906,"Metabolism and regulation","Reactome"
"EVM0036019",0,15,0,4,906,"Regulation of seed size","Reactome"
"EVM0036019",0,15,0,4,906,"Reproductive structure development","Reactome"
"EVM0036019",0,15,0,4,906,"Seed development","Reactome"
"EVM0036179",0,61,0,7,1054,"Biosynthesis of secondary metabolites","KEGG"
"EVM0036179",0,61,0,7,1054,"Carbon metabolism","KEGG"
"EVM0036179",0,61,0,7,1054,"Glycine, serine and threonine metabolism","KEGG"
"EVM0036179",0,61,0,7,1054,"Glyoxylate and dicarboxylate metabolism","KEGG"
"EVM0036179",0,61,0,7,1054,"Lipoic acid metabolism","KEGG"
"EVM0036179",0,61,0,7,1054,"Metabolic pathways","KEGG"
"EVM0036179",0,61,0,7,1054,"Metabolism and regulation","Reactome"
"EVM0036179",0,61,0,7,1054,"One carbon pool by folate","KEGG"
"EVM0036179",0,61,0,7,1054,"Photorespiration","Reactome"
"EVM0036265",2,43,0,11,782,"Peroxisome","KEGG"
"EVM0036342",3,6,0,12,1311,"Biosynthesis of secondary metabolites","KEGG"
"EVM0036342",3,6,0,12,1311,"Biosynthesis of unsaturated fatty acids","KEGG"
"EVM0036342",3,6,0,12,1311,"Carbon metabolism","KEGG"
"EVM0036342",3,6,0,12,1311,"Fatty acid degradation","KEGG"
"EVM0036342",3,6,0,12,1311,"Fatty acid metabolism","KEGG"
"EVM0036342",3,6,0,12,1311,"Metabolic pathways","KEGG"
"EVM0036342",3,6,0,12,1311,"Peroxisome","KEGG"
"EVM0036342",3,6,0,12,1311,"Propanoate metabolism","KEGG"
"EVM0036342",3,6,0,12,1311,"alpha-Linolenic acid metabolism","KEGG"
"EVM0036342",3,6,0,12,1311,"beta-Alanine metabolism","KEGG"
"EVM0036350",13,53,2,6,1486,"Metabolic pathways","KEGG"
"EVM0036350",13,53,2,6,1486,"N-Glycan biosynthesis","KEGG"
"EVM0036509",11,32,7,16,2380,"Ribosome biogenesis in eukaryotes","KEGG"
"EVM0036527",2,9,2,9,1330,"ATP-dependent chromatin remodeling","KEGG"
"EVM0036527",2,9,2,9,1330,"Hormone signaling, transport, and metabolism","Reactome"
"EVM0036527",2,9,2,9,1330,"Jasmonic acid signaling","Reactome"
"EVM0036527",2,9,2,9,1330,"Metabolism and regulation","Reactome"
"EVM0036527",2,9,2,9,1330,"Polycomb repressive complex","KEGG"
"EVM0036704",1,5,3,17,1387,"Biosynthesis of amino acids","KEGG"
"EVM0036704",1,5,3,17,1387,"Biosynthesis of secondary metabolites","KEGG"
"EVM0036704",1,5,3,17,1387,"Carbon metabolism","KEGG"
"EVM0036704",1,5,3,17,1387,"Glycolysis / Gluconeogenesis","KEGG"
"EVM0036704",1,5,3,17,1387,"Metabolic pathways","KEGG"
"EVM0036704",1,5,3,17,1387,"Pyruvate metabolism","KEGG"
"EVM0036818",4,69,6,22,2022,"Efferocytosis","KEGG"
"EVM0036823",8,8,11,6,2116,"Proteasome","KEGG"
"EVM0036836",1,16,1,12,932,"Biosynthesis of secondary metabolites","KEGG"
"EVM0036836",1,16,1,12,932,"Metabolic pathways","KEGG"
"EVM0036836",1,16,1,12,932,"Metabolism and regulation","Reactome"
"EVM0036836",1,16,1,12,932,"Phenylpropanoid biosynthesis","KEGG;Reactome"
"EVM0036836",1,16,1,12,932,"Secondary metabolism","Reactome"
"EVM0036841",4,8,8,7,1328,"RNA degradation","KEGG"
"EVM0036931",5,28,1,8,835,"Protein processing in endoplasmic reticulum","KEGG"
"EVM0036949",0,3,1,0,434,"Biosynthesis of cofactors","KEGG"
"EVM0036949",0,3,1,0,434,"Biosynthesis of secondary metabolites","KEGG"
"EVM0036949",0,3,1,0,434,"MAPK signaling pathway - plant","KEGG"
"EVM0036949",0,3,1,0,434,"Metabolic pathways","KEGG"
"EVM0036949",0,3,1,0,434,"Nucleotide metabolism","KEGG"
"EVM0036949",0,3,1,0,434,"Purine metabolism","KEGG"
"EVM0036949",0,3,1,0,434,"Pyrimidine metabolism","KEGG"
"EVM0036986",0,19,0,11,982,"MAPK signaling pathway - plant","KEGG"
"EVM0036986",0,19,0,11,982,"Plant hormone signal transduction","KEGG"
"EVM0037011",6,93,3,31,1728,"MAPK signaling pathway - plant","KEGG"
"EVM0037011",6,93,3,31,1728,"Plant hormone signal transduction","KEGG"
"EVM0037124",12,43,10,27,1201,"Biosynthesis of amino acids","KEGG"
"EVM0037124",12,43,10,27,1201,"Biosynthesis of secondary metabolites","KEGG"
"EVM0037124",12,43,10,27,1201,"Carbon metabolism","KEGG"
"EVM0037124",12,43,10,27,1201,"Glycolysis / Gluconeogenesis","KEGG"
"EVM0037124",12,43,10,27,1201,"Metabolic pathways","KEGG"
"EVM0037124",12,43,10,27,1201,"Pyruvate metabolism","KEGG"
"EVM0037160",6,13,1,4,1228,"Biosynthesis of cofactors","KEGG"
"EVM0037160",6,13,1,4,1228,"Cofactor biosyntheses","Reactome"
"EVM0037160",6,13,1,4,1228,"Cysteine and methionine metabolism","KEGG"
"EVM0037160",6,13,1,4,1228,"Gamma-glutamyl cycle","Reactome"
"EVM0037160",6,13,1,4,1228,"Glutathione biosynthesis","Reactome"
"EVM0037160",6,13,1,4,1228,"Glutathione metabolism","KEGG"
"EVM0037160",6,13,1,4,1228,"Metabolic pathways","KEGG"
"EVM0037160",6,13,1,4,1228,"Metabolism and regulation","Reactome"
"EVM0037342",3,12,1,8,2923,"Nucleocytoplasmic transport","KEGG"
"EVM0037346",12,12,3,4,746,"Proteasome","KEGG"
"EVM0037355",7,11,2,6,2369,"Lysine degradation","KEGG"
"EVM0037355",7,11,2,6,2369,"Metabolic pathways","KEGG"
"EVM0037355",7,11,2,6,2369,"Polycomb repressive complex","KEGG"
"EVM0037366",3,3,1,6,1238,"Carbohydrate metabolism","Reactome"
"EVM0037366",3,3,1,6,1238,"Metabolism and regulation","Reactome"
"EVM0037366",3,3,1,6,1238,"Xyloglucan biosynthesis","Reactome"
"EVM0037411",0,8,2,2,429,"Metabolic pathways","KEGG"
"EVM0037411",0,8,2,2,429,"Oxidative phosphorylation","KEGG"
"EVM0037412",0,6,4,3,765,"Cytoskeleton in muscle cells","KEGG"
"EVM0037412",0,6,4,3,765,"Endocytosis","KEGG"
"EVM0037412",0,6,4,3,765,"Motor proteins","KEGG"
"EVM0037433",0,10,0,2,414,"Nucleotide excision repair","KEGG"
"EVM0037433",0,10,0,2,414,"RNA polymerase","KEGG"
"EVM0037446",2,91,5,21,3933,"RNA polymerase","KEGG"
"EVM0037474",0,4,0,0,547,"Porphyrin metabolism","KEGG"
"EVM0037478",0,9,0,6,1129,"Base excision repair","KEGG"
"EVM0037656",0,20,3,11,1857,"RNA degradation","KEGG"
"EVM0037658",4,11,3,5,467,"Proteasome","KEGG"
"EVM0037740",2,13,4,4,456,"Ribosome","KEGG"
"EVM0037749",14,14,10,8,635,"Biosynthesis of cofactors","KEGG"
"EVM0037749",14,14,10,8,635,"Biosynthesis of secondary metabolites","KEGG"
"EVM0037749",14,14,10,8,635,"Metabolic pathways","KEGG"
"EVM0037749",14,14,10,8,635,"Porphyrin metabolism","KEGG"
"EVM0037759",18,40,6,11,1450,"Metabolic pathways","KEGG"
"EVM0037759",18,40,6,11,1450,"Oxidative phosphorylation","KEGG"
"EVM0037789",10,37,3,26,1545,"Biosynthesis of secondary metabolites","KEGG"
"EVM0037789",10,37,3,26,1545,"Butanoate metabolism","KEGG"
"EVM0037789",10,37,3,26,1545,"Carbon metabolism","KEGG"
"EVM0037789",10,37,3,26,1545,"Glycolysis / Gluconeogenesis","KEGG"
"EVM0037789",10,37,3,26,1545,"Glyoxylate and dicarboxylate metabolism","KEGG"
"EVM0037789",10,37,3,26,1545,"Metabolic pathways","KEGG"
"EVM0037789",10,37,3,26,1545,"Pyruvate metabolism","KEGG"
"EVM0037793",0,20,10,21,2549,"Lysine degradation","KEGG"
"EVM0037793",0,20,10,21,2549,"Metabolic pathways","KEGG"
"EVM0037793",0,20,10,21,2549,"Polycomb repressive complex","KEGG"
"EVM0037795",0,16,4,19,1428,"Alanine, aspartate and glutamate metabolism","KEGG"
"EVM0037795",0,16,4,19,1428,"Biosynthesis of secondary metabolites","KEGG"
"EVM0037795",0,16,4,19,1428,"Butanoate metabolism","KEGG"
"EVM0037795",0,16,4,19,1428,"Metabolic pathways","KEGG"
"EVM0037795",0,16,4,19,1428,"Taurine and hypotaurine metabolism","KEGG"
"EVM0037795",0,16,4,19,1428,"beta-Alanine metabolism","KEGG"
"EVM0037892",0,7,0,2,639,"Oxidative phosphorylation","KEGG"
"EVM0037894",0,28,0,6,467,"Basal transcription factors","KEGG"
"EVM0037906",2,57,2,28,1522,"MAPK signaling pathway - plant","KEGG"
"EVM0037906",2,57,2,28,1522,"Plant-pathogen interaction","KEGG"
"EVM0038058",0,46,1,15,5175,"Inositol phosphate metabolism","KEGG"
"EVM0038058",0,46,1,15,5175,"Metabolic pathways","KEGG"
"EVM0038058",0,46,1,15,5175,"Phosphatidylinositol signaling system","KEGG"
"EVM0038111",0,15,0,8,875,"Biosynthesis of secondary metabolites","KEGG"
"EVM0038111",0,15,0,8,875,"Fatty acid elongation","KEGG"
"EVM0038111",0,15,0,8,875,"Metabolic pathways","KEGG"
"EVM0038111",0,15,0,8,875,"Plant-pathogen interaction","KEGG"
"EVM0038135",0,4,3,15,1179,"Biosynthesis of secondary metabolites","KEGG"
"EVM0038135",0,4,3,15,1179,"Butanoate metabolism","KEGG"
"EVM0038135",0,4,3,15,1179,"Carbon metabolism","KEGG"
"EVM0038135",0,4,3,15,1179,"Fatty acid degradation","KEGG"
"EVM0038135",0,4,3,15,1179,"Fatty acid metabolism","KEGG"
"EVM0038135",0,4,3,15,1179,"Glyoxylate and dicarboxylate metabolism","KEGG"
"EVM0038135",0,4,3,15,1179,"Lysine degradation","KEGG"
"EVM0038135",0,4,3,15,1179,"Metabolic pathways","KEGG"
"EVM0038135",0,4,3,15,1179,"Metabolism and regulation","Reactome"
"EVM0038135",0,4,3,15,1179,"Mevalonate pathway","Reactome"
"EVM0038135",0,4,3,15,1179,"Pyruvate metabolism","KEGG"
"EVM0038135",0,4,3,15,1179,"Secondary metabolism","Reactome"
"EVM0038135",0,4,3,15,1179,"Terpenoid backbone biosynthesis","KEGG"
"EVM0038135",0,4,3,15,1179,"Tryptophan metabolism","KEGG"
"EVM0038135",0,4,3,15,1179,"Valine, leucine and isoleucine degradation","KEGG"
"EVM0038256",15,27,5,3,1452,"Biosynthesis of cofactors","KEGG"
"EVM0038256",15,27,5,3,1452,"Biosynthesis of secondary metabolites","KEGG"
"EVM0038256",15,27,5,3,1452,"Metabolic pathways","KEGG"
"EVM0038256",15,27,5,3,1452,"Porphyrin metabolism","KEGG"
"EVM0038341",3,19,3,13,920,"Biosynthesis of secondary metabolites","KEGG"
"EVM0038341",3,19,3,13,920,"Cyanoamino acid metabolism","KEGG"
"EVM0038341",3,19,3,13,920,"Hormone signaling, transport, and metabolism","Reactome"
"EVM0038341",3,19,3,13,920,"IAA biosynthesis I","Reactome"
"EVM0038341",3,19,3,13,920,"Metabolic pathways","KEGG"
"EVM0038341",3,19,3,13,920,"Metabolism and regulation","Reactome"
"EVM0038365",6,36,13,22,1071,"Biosynthesis of secondary metabolites","KEGG"
"EVM0038365",6,36,13,22,1071,"Cofactor biosyntheses","Reactome"
"EVM0038365",6,36,13,22,1071,"Metabolic pathways","KEGG"
"EVM0038365",6,36,13,22,1071,"Metabolism and regulation","Reactome"
"EVM0038365",6,36,13,22,1071,"Methylerythritol phosphate pathway","Reactome"
"EVM0038365",6,36,13,22,1071,"Terpenoid backbone biosynthesis","KEGG"
"EVM0038413",1,4,9,19,1160,"Fanconi anemia pathway","KEGG"
"EVM0038413",1,4,9,19,1160,"Mismatch repair","KEGG"
"EVM0038419",3,10,1,3,860,"Biosynthesis of amino acids","KEGG"
"EVM0038419",3,10,1,3,860,"Biosynthesis of secondary metabolites","KEGG"
"EVM0038419",3,10,1,3,860,"D-Amino acid metabolism","KEGG"
"EVM0038419",3,10,1,3,860,"Lysine biosynthesis","KEGG"
"EVM0038419",3,10,1,3,860,"Metabolic pathways","KEGG"
"EVM0038462",0,25,3,3,765,"Ribosome","KEGG"
"EVM0038520",4,34,3,19,552,"Galactose metabolism","KEGG"
"EVM0038520",4,34,3,19,552,"Metabolic pathways","KEGG"
"EVM0038596",0,28,0,9,947,"Autophagy - other","KEGG"
"EVM0038596",0,28,0,9,947,"Lysosome biogenesis","KEGG"
"EVM0038682",2,14,2,4,1112,"Metabolic pathways","KEGG"
"EVM0038682",2,14,2,4,1112,"N-Glycan biosynthesis","KEGG"
"EVM0038736",19,39,7,15,666,"Metabolic pathways","KEGG"
"EVM0038787",8,31,7,5,1346,"Growth and developmental processes","Reactome"
"EVM0038787",8,31,7,5,1346,"Regulatory network of nutrient accumulation","Reactome"
"EVM0038787",8,31,7,5,1346,"Reproductive structure development","Reactome"
"EVM0038787",8,31,7,5,1346,"Seed development","Reactome"
"EVM0038973",0,18,5,6,597,"Metabolism and regulation","Reactome"
"EVM0038973",0,18,5,6,597,"Pinobanksin biosynthesis","Reactome"
"EVM0038973",0,18,5,6,597,"Secondary metabolism","Reactome"
"EVM0038974",2,8,4,18,2066,"Metabolism and regulation","Reactome"
"EVM0038974",2,8,4,18,2066,"Phytic acid biosynthesis","Reactome"
"EVM0038974",2,8,4,18,2066,"Phytic acid biosynthesis (lipid-independent)","Reactome"
"EVM0038974",2,8,4,18,2066,"Secondary metabolism","Reactome"
"EVM0039096",16,41,4,26,3185,"Cofactor biosyntheses","Reactome"
"EVM0039096",16,41,4,26,3185,"Gamma-glutamyl cycle","Reactome"
"EVM0039096",16,41,4,26,3185,"Glutathione metabolism","KEGG"
"EVM0039096",16,41,4,26,3185,"Metabolic pathways","KEGG"
"EVM0039096",16,41,4,26,3185,"Metabolism and regulation","Reactome"
"EVM0039207",12,63,11,17,4877,"Arsenic uptake and detoxification","Reactome"
"EVM0039207",12,63,11,17,4877,"Response to heavy metals","Reactome"
"EVM0039207",12,63,11,17,4877,"Responses to stimuli: abiotic stimuli and stresses","Reactome"
"EVM0039215",4,20,1,11,972,"Biosynthesis of secondary metabolites","KEGG"
"EVM0039215",4,20,1,11,972,"alpha-Linolenic acid metabolism","KEGG"
"EVM0039290",11,8,4,8,1726,"Biosynthesis of secondary metabolites","KEGG"
"EVM0039290",11,8,4,8,1726,"Cutin, suberine and wax biosynthesis","KEGG"
"EVM0039357",5,19,2,18,1248,"Glycerophospholipid metabolism","KEGG"
"EVM0039357",5,19,2,18,1248,"Metabolic pathways","KEGG"
"EVM0039357",5,19,2,18,1248,"Phosphonate and phosphinate metabolism","KEGG"
"EVM0039394",3,33,3,27,1275,"mRNA surveillance pathway","KEGG"
"EVM0039453",0,5,2,2,320,"Arsenic uptake and detoxification","Reactome"
"EVM0039453",0,5,2,2,320,"Response to heavy metals","Reactome"
"EVM0039453",0,5,2,2,320,"Responses to stimuli: abiotic stimuli and stresses","Reactome"
"EVM0039576",9,58,3,30,1991,"Plant hormone signal transduction","KEGG"
"EVM0039576",9,58,3,30,1991,"Plant-pathogen interaction","KEGG"
"EVM0039603",6,11,1,3,1413,"Hormone signaling, transport, and metabolism","Reactome"
"EVM0039603",6,11,1,3,1413,"Jasmonic acid signaling","Reactome"
"EVM0039603",6,11,1,3,1413,"Metabolism and regulation","Reactome"
"EVM0039697",3,21,6,25,688,"Biosynthesis of secondary metabolites","KEGG"
"EVM0039697",3,21,6,25,688,"Flavone and flavonol biosynthesis","KEGG"
"EVM0039697",3,21,6,25,688,"Flavonoid biosynthesis","KEGG"
"EVM0039697",3,21,6,25,688,"Leucodelphinidin biosynthesis","Reactome"
"EVM0039697",3,21,6,25,688,"Leucopelargonidin and leucocyanidin biosynthesis","Reactome"
"EVM0039697",3,21,6,25,688,"Metabolic pathways","KEGG"
"EVM0039697",3,21,6,25,688,"Metabolism and regulation","Reactome"
"EVM0039697",3,21,6,25,688,"Secondary metabolism","Reactome"
"EVM0039697",3,21,6,25,688,"Tricin biosynthesis","Reactome"
"EVM0039715",0,14,4,6,3278,"Brassinosteroid signaling","Reactome"
"EVM0039715",0,14,4,6,3278,"Gravitropism under normal or artificial gravity environments","Reactome"
"EVM0039715",0,14,4,6,3278,"Growth and developmental processes","Reactome"
"EVM0039715",0,14,4,6,3278,"Hormone signaling, transport, and metabolism","Reactome"
"EVM0039715",0,14,4,6,3278,"Jasmonic acid signaling","Reactome"
"EVM0039715",0,14,4,6,3278,"Metabolism and regulation","Reactome"
"EVM0039715",0,14,4,6,3278,"Regulation of seed size","Reactome"
"EVM0039715",0,14,4,6,3278,"Reproductive structure development","Reactome"
"EVM0039715",0,14,4,6,3278,"Responses to stimuli: abiotic stimuli and stresses","Reactome"
"EVM0039715",0,14,4,6,3278,"Seed development","Reactome"
"EVM0039715",0,14,4,6,3278,"Shoot gravitropism: development, growth, and architecture of shoot in response to gravity","Reactome"
"EVM0039715",0,14,4,6,3278,"Strigolactone signaling","Reactome"
"EVM0039720",2,85,5,21,1062,"Metabolic pathways","KEGG"
"EVM0039720",2,85,5,21,1062,"Pyruvate metabolism","KEGG"
"EVM0039898",2,7,7,7,1386,"Amino sugar and nucleotide sugar metabolism","KEGG"
"EVM0039898",2,7,7,7,1386,"Biosynthesis of nucleotide sugars","KEGG"
"EVM0039898",2,7,7,7,1386,"Biosynthesis of secondary metabolites","KEGG"
"EVM0039898",2,7,7,7,1386,"Carbon metabolism","KEGG"
"EVM0039898",2,7,7,7,1386,"Fructose and mannose metabolism","KEGG"
"EVM0039898",2,7,7,7,1386,"Galactose metabolism","KEGG"
"EVM0039898",2,7,7,7,1386,"Glycolysis / Gluconeogenesis","KEGG"
"EVM0039898",2,7,7,7,1386,"Metabolic pathways","KEGG"
"EVM0039898",2,7,7,7,1386,"Starch and sucrose metabolism","KEGG"
"EVM0039966",4,42,2,9,1083,"Biosynthesis of cofactors","KEGG"
"EVM0039966",4,42,2,9,1083,"Biosynthesis of secondary metabolites","KEGG"
"EVM0039966",4,42,2,9,1083,"Metabolic pathways","KEGG"
"EVM0039966",4,42,2,9,1083,"Ubiquinone and other terpenoid-quinone biosynthesis","KEGG"
"EVM0040059",0,11,2,5,560,"Biosynthesis of secondary metabolites","KEGG"
"EVM0040059",0,11,2,5,560,"Metabolic pathways","KEGG"
"EVM0040059",0,11,2,5,560,"Phenylpropanoid biosynthesis","KEGG"
"EVM0040205",0,23,4,4,1326,"Amino acid metabolism","Reactome"
"EVM0040205",0,23,4,4,1326,"Cysteine and methionine metabolism","KEGG"
"EVM0040205",0,23,4,4,1326,"Metabolic pathways","KEGG"
"EVM0040205",0,23,4,4,1326,"Metabolism and regulation","Reactome"
"EVM0040205",0,23,4,4,1326,"One carbon pool by folate","KEGG"
"EVM0040205",0,23,4,4,1326,"S-adenosyl-L-methionine cycle","Reactome"
"EVM0040436",0,25,0,7,1202,"Biosynthesis of secondary metabolites","KEGG"
"EVM0040436",0,25,0,7,1202,"Fatty acid elongation","KEGG"
"EVM0040436",0,25,0,7,1202,"Metabolic pathways","KEGG"
"EVM0040436",0,25,0,7,1202,"Plant-pathogen interaction","KEGG"
"EVM0040522",0,26,0,9,1049,"Alanine, aspartate and glutamate metabolism","KEGG"
"EVM0040522",0,26,0,9,1049,"Arginine biosynthesis","KEGG"
"EVM0040522",0,26,0,9,1049,"Biosynthesis of amino acids","KEGG"
"EVM0040522",0,26,0,9,1049,"Biosynthesis of secondary metabolites","KEGG"
"EVM0040522",0,26,0,9,1049,"Glyoxylate and dicarboxylate metabolism","KEGG"
"EVM0040522",0,26,0,9,1049,"Metabolic pathways","KEGG"
"EVM0040522",0,26,0,9,1049,"Nitrogen metabolism","KEGG"
"EVM0040522",0,26,0,9,1049,"Plant hormone signal transduction","KEGG"
"EVM0040532",0,4,0,9,1184,"Proteasome","KEGG"
"EVM0040594",0,38,0,13,2424,"Protein processing in endoplasmic reticulum","KEGG"
"EVM0040598",2,27,1,13,1097,"Amino sugar and nucleotide sugar metabolism","KEGG"
"EVM0040598",2,27,1,13,1097,"Biosynthesis of nucleotide sugars","KEGG"
"EVM0040598",2,27,1,13,1097,"Biosynthesis of secondary metabolites","KEGG"
"EVM0040598",2,27,1,13,1097,"Carbon metabolism","KEGG"
"EVM0040598",2,27,1,13,1097,"Fructose and mannose metabolism","KEGG"
"EVM0040598",2,27,1,13,1097,"Galactose metabolism","KEGG"
"EVM0040598",2,27,1,13,1097,"Glycolysis / Gluconeogenesis","KEGG"
"EVM0040598",2,27,1,13,1097,"Metabolic pathways","KEGG"
"EVM0040598",2,27,1,13,1097,"Starch and sucrose metabolism","KEGG"
"EVM0040607",8,17,6,2,868,"Spliceosome","KEGG"
"EVM0040643",0,53,0,12,1873,"Endocytosis","KEGG"
"EVM0040643",0,53,0,12,1873,"Protein processing in endoplasmic reticulum","KEGG"
"EVM0040643",0,53,0,12,1873,"Spliceosome","KEGG"
"EVM0040650",18,74,4,32,1084,"Amino sugar and nucleotide sugar metabolism","KEGG"
"EVM0040650",18,74,4,32,1084,"Biosynthesis of nucleotide sugars","KEGG"
"EVM0040650",18,74,4,32,1084,"Biosynthesis of secondary metabolites","KEGG"
"EVM0040650",18,74,4,32,1084,"Carbohydrate metabolism","Reactome"
"EVM0040650",18,74,4,32,1084,"Carbon metabolism","KEGG"
"EVM0040650",18,74,4,32,1084,"Fructose and mannose metabolism","KEGG"
"EVM0040650",18,74,4,32,1084,"Galactose metabolism","KEGG"
"EVM0040650",18,74,4,32,1084,"Glycolysis / Gluconeogenesis","KEGG"
"EVM0040650",18,74,4,32,1084,"Metabolic pathways","KEGG"
"EVM0040650",18,74,4,32,1084,"Metabolism and regulation","Reactome"
"EVM0040650",18,74,4,32,1084,"Plastid glycolysis","Reactome"
"EVM0040650",18,74,4,32,1084,"Starch and sucrose metabolism","KEGG"
"EVM0040650",18,74,4,32,1084,"Trehalose degradation II","Reactome"
"EVM0040871",2,41,1,18,1163,"Cysteine and methionine metabolism","KEGG"
"EVM0040871",2,41,1,18,1163,"Metabolic pathways","KEGG"
"EVM0040883",0,3,4,7,1398,"Galactose metabolism","KEGG"
"EVM0040883",0,3,4,7,1398,"Starch and sucrose metabolism","KEGG"
"EVM0040890",25,19,21,15,4462,"Nucleocytoplasmic transport","KEGG"
"EVM0040890",25,19,21,15,4462,"Spliceosome","KEGG"
"EVM0040939",10,22,9,17,1750,"Base excision repair","KEGG"
"EVM0040995",7,9,2,2,699,"Efferocytosis","KEGG"
"EVM0041046",0,11,2,9,1173,"Alanine, aspartate and glutamate metabolism","KEGG"
"EVM0041046",0,11,2,9,1173,"Amino acid biosynthesis","Reactome"
"EVM0041046",0,11,2,9,1173,"Amino acid metabolism","Reactome"
"EVM0041046",0,11,2,9,1173,"Arginine biosynthesis","KEGG"
"EVM0041046",0,11,2,9,1173,"Biosynthesis of cofactors","KEGG"
"EVM0041046",0,11,2,9,1173,"Biosynthesis of secondary metabolites","KEGG"
"EVM0041046",0,11,2,9,1173,"Citrulline biosynthesis","Reactome"
"EVM0041046",0,11,2,9,1173,"Metabolic pathways","KEGG"
"EVM0041046",0,11,2,9,1173,"Metabolism and regulation","Reactome"
"EVM0041046",0,11,2,9,1173,"Pyrimidine metabolism","KEGG"
"EVM0041226",0,23,0,8,1024,"Circadian rhythm - plant","KEGG"
"EVM0041226",0,23,0,8,1024,"Ribosome biogenesis in eukaryotes","KEGG"
"EVM0041260",0,10,3,2,969,"Protein export","KEGG"
"EVM0041262",0,1,5,18,103,"Biosynthesis of secondary metabolites","KEGG"
"EVM0041262",0,1,5,18,103,"Fatty acid elongation","KEGG"
"EVM0041262",0,1,5,18,103,"Metabolic pathways","KEGG"
"EVM0041262",0,1,5,18,103,"Plant-pathogen interaction","KEGG"
"EVM0041266",2,6,2,4,1191,"Biosynthesis of cofactors","KEGG"
"EVM0041266",2,6,2,4,1191,"Biosynthesis of secondary metabolites","KEGG"
"EVM0041266",2,6,2,4,1191,"Cofactor biosyntheses","Reactome"
"EVM0041266",2,6,2,4,1191,"Flavin biosynthesis","Reactome"
"EVM0041266",2,6,2,4,1191,"Metabolic pathways","KEGG"
"EVM0041266",2,6,2,4,1191,"Metabolism and regulation","Reactome"
"EVM0041266",2,6,2,4,1191,"Riboflavin metabolism","KEGG"
"EVM0041292",1,24,0,8,756,"Biosynthesis of secondary metabolites","KEGG"
"EVM0041292",1,24,0,8,756,"Carbon metabolism","KEGG"
"EVM0041292",1,24,0,8,756,"Metabolic pathways","KEGG"
"EVM0041292",1,24,0,8,756,"Pentose phosphate pathway","KEGG"
"EVM0041354",0,19,0,10,602,"Spliceosome","KEGG"
"EVM0041392",4,18,2,4,905,"Efferocytosis","KEGG"
"EVM0041596",7,42,7,12,1249,"Biosynthesis of cofactors","KEGG"
"EVM0041596",7,42,7,12,1249,"Folate biosynthesis","KEGG"
"EVM0041596",7,42,7,12,1249,"Metabolic pathways","KEGG"
"EVM0041789",0,12,1,2,501,"Lysosome biogenesis","KEGG"
"EVM0041789",0,12,1,2,501,"SNARE interactions in vesicular transport","KEGG"
"EVM0041850",0,7,1,0,286,"Ribosome","KEGG"
"EVM0041852",25,42,6,7,1656,"Fatty acid and lipid metabolism","Reactome"
"EVM0041852",25,42,6,7,1656,"Metabolic pathways","KEGG"
"EVM0041852",25,42,6,7,1656,"Metabolism and regulation","Reactome"
"EVM0041852",25,42,6,7,1656,"Sphingolipid metabolism","KEGG;Reactome"
"EVM0041862",1,22,0,5,984,"Biosynthesis of cofactors","KEGG"
"EVM0041862",1,22,0,5,984,"Biotin biosynthesis II","Reactome"
"EVM0041862",1,22,0,5,984,"Biotin metabolism","KEGG"
"EVM0041862",1,22,0,5,984,"Cofactor biosyntheses","Reactome"
"EVM0041862",1,22,0,5,984,"Metabolic pathways","KEGG"
"EVM0041862",1,22,0,5,984,"Metabolism and regulation","Reactome"
"EVM0041864",10,25,3,10,1753,"Biosynthesis of secondary metabolites","KEGG"
"EVM0041864",10,25,3,10,1753,"Carbohydrate metabolism","Reactome"
"EVM0041864",10,25,3,10,1753,"Gravitropism under normal or artificial gravity environments","Reactome"
"EVM0041864",10,25,3,10,1753,"Growth and developmental processes","Reactome"
"EVM0041864",10,25,3,10,1753,"Metabolic pathways","KEGG"
"EVM0041864",10,25,3,10,1753,"Metabolism and regulation","Reactome"
"EVM0041864",10,25,3,10,1753,"Regulatory network of nutrient accumulation","Reactome"
"EVM0041864",10,25,3,10,1753,"Reproductive structure development","Reactome"
"EVM0041864",10,25,3,10,1753,"Responses to stimuli: abiotic stimuli and stresses","Reactome"
"EVM0041864",10,25,3,10,1753,"Root gravitropism","Reactome"
"EVM0041864",10,25,3,10,1753,"Seed development","Reactome"
"EVM0041864",10,25,3,10,1753,"Starch and sucrose metabolism","KEGG"
"EVM0041864",10,25,3,10,1753,"Starch biosynthesis","Reactome"
"EVM0041865",0,2,0,5,387,"Ribosome","KEGG"
"EVM0041986",5,40,1,21,8924,"ATP-dependent chromatin remodeling","KEGG"
"EVM0041992",2,20,0,4,871,"Protein export","KEGG"
"EVM0042023",1,10,2,3,566,"Polycomb repressive complex","KEGG"
"EVM0042028",0,5,1,11,3321,"Polycomb repressive complex","KEGG"
"EVM0042058",9,9,5,11,969,"Endocytosis","KEGG"
"EVM0042405",1,7,6,3,337,"Ribosome","KEGG"
"EVM0042405",1,7,6,3,337,"Ubiquitin mediated proteolysis","KEGG"
"EVM0042432",0,5,0,2,196,"Ribosome","KEGG"
"EVM0042441",0,18,1,9,2443,"Brassinosteroid signaling","Reactome"
"EVM0042441",0,18,1,9,2443,"Growth and developmental processes","Reactome"
"EVM0042441",0,18,1,9,2443,"Hormone signaling, transport, and metabolism","Reactome"
"EVM0042441",0,18,1,9,2443,"Metabolism and regulation","Reactome"
"EVM0042441",0,18,1,9,2443,"Regulation of seed size","Reactome"
"EVM0042441",0,18,1,9,2443,"Reproductive structure development","Reactome"
"EVM0042441",0,18,1,9,2443,"Seed development","Reactome"
"EVM0042498",2,2,2,4,1123,"Cell cycle","Reactome"
"EVM0042498",2,2,2,4,1123,"Cellular processes","Reactome"
"EVM0042498",2,2,2,4,1123,"G1/S transition","Reactome"
"EVM0042498",2,2,2,4,1123,"Mitosis","Reactome"
"EVM0042532",3,24,6,9,990,"2-Oxocarboxylic acid metabolism","KEGG"
"EVM0042532",3,24,6,9,990,"Amino acid biosynthesis","Reactome"
"EVM0042532",3,24,6,9,990,"Amino acid metabolism","Reactome"
"EVM0042532",3,24,6,9,990,"Biosynthesis of amino acids","KEGG"
"EVM0042532",3,24,6,9,990,"Biosynthesis of cofactors","KEGG"
"EVM0042532",3,24,6,9,990,"Biosynthesis of secondary metabolites","KEGG"
"EVM0042532",3,24,6,9,990,"Cofactor biosyntheses","Reactome"
"EVM0042532",3,24,6,9,990,"Cysteine and methionine metabolism","KEGG"
"EVM0042532",3,24,6,9,990,"Glucosinolate biosynthesis","KEGG"
"EVM0042532",3,24,6,9,990,"Isoleucine biosynthesis from threonine","Reactome"
"EVM0042532",3,24,6,9,990,"Leucine biosynthesis","Reactome"
"EVM0042532",3,24,6,9,990,"Metabolic pathways","KEGG"
"EVM0042532",3,24,6,9,990,"Metabolism and regulation","Reactome"
"EVM0042532",3,24,6,9,990,"Pantothenate and CoA biosynthesis","KEGG"
"EVM0042532",3,24,6,9,990,"Pantothenate biosynthesis I","Reactome"
"EVM0042532",3,24,6,9,990,"Pantothenate biosynthesis II","Reactome"
"EVM0042532",3,24,6,9,990,"Valine, leucine and isoleucine biosynthesis","KEGG"
"EVM0042532",3,24,6,9,990,"Valine, leucine and isoleucine degradation","KEGG"
"EVM0042584",4,31,0,8,1166,"Biosynthesis of amino acids","KEGG"
"EVM0042584",4,31,0,8,1166,"Biosynthesis of secondary metabolites","KEGG"
"EVM0042584",4,31,0,8,1166,"Carbon metabolism","KEGG"
"EVM0042584",4,31,0,8,1166,"Cytoskeleton in muscle cells","KEGG"
"EVM0042584",4,31,0,8,1166,"Glycolysis / Gluconeogenesis","KEGG"
"EVM0042584",4,31,0,8,1166,"Metabolic pathways","KEGG"
"EVM0042584",4,31,0,8,1166,"RNA degradation","KEGG"
"EVM0042622",0,1,3,4,307,"Amino acid biosynthesis","Reactome"
"EVM0042622",0,1,3,4,307,"Amino acid metabolism","Reactome"
"EVM0042622",0,1,3,4,307,"Homocysteine biosynthesis","Reactome"
"EVM0042622",0,1,3,4,307,"Metabolism and regulation","Reactome"
"EVM0042659",0,22,2,7,1108,"Carbohydrate metabolism","Reactome"
"EVM0042659",0,22,2,7,1108,"Carbon fixation by Calvin cycle","KEGG"
"EVM0042659",0,22,2,7,1108,"Carbon metabolism","KEGG"
"EVM0042659",0,22,2,7,1108,"Metabolic pathways","KEGG"
"EVM0042659",0,22,2,7,1108,"Metabolism and regulation","Reactome"
"EVM0042659",0,22,2,7,1108,"Plastid glycolysis","Reactome"
"EVM0042667",0,7,0,2,357,"Ribosome","KEGG"
"EVM0042676",6,29,4,19,2383,"Aminoacyl-tRNA biosynthesis","KEGG"
"EVM0042676",6,29,4,19,2383,"Metabolic pathways","KEGG"
"EVM0042676",6,29,4,19,2383,"Selenocompound metabolism","KEGG"
"EVM0042886",5,39,2,15,1064,"Amino acid catabolism","Reactome"
"EVM0042886",5,39,2,15,1064,"Amino acid metabolism","Reactome"
"EVM0042886",5,39,2,15,1064,"Metabolic pathways","KEGG"
"EVM0042886",5,39,2,15,1064,"Metabolism and regulation","Reactome"
"EVM0042886",5,39,2,15,1064,"Valine degradation","Reactome"
"EVM0042886",5,39,2,15,1064,"Valine, leucine and isoleucine degradation","KEGG"
"EVM0043045",4,12,1,6,1275,"Proteasome","KEGG"
"EVM0043112",12,24,4,20,686,"Biosynthesis of secondary metabolites","KEGG"
"EVM0043112",12,24,4,20,686,"Cofactor biosyntheses","Reactome"
"EVM0043112",12,24,4,20,686,"Metabolic pathways","KEGG"
"EVM0043112",12,24,4,20,686,"Metabolism and regulation","Reactome"
"EVM0043112",12,24,4,20,686,"Methylerythritol phosphate pathway","Reactome"
"EVM0043112",12,24,4,20,686,"Terpenoid backbone biosynthesis","KEGG"
"EVM0043130",2,12,1,3,627,"Endocytosis","KEGG"
"EVM0043142",0,6,1,4,1111,"Other types of O-glycan biosynthesis","KEGG"
"EVM0043175",0,19,0,4,613,"Ribosome","KEGG"
"EVM0043176",0,8,0,3,429,"Ribosome","KEGG"
"EVM0043207",12,3,3,4,1551,"Biosynthesis of cofactors","KEGG"
"EVM0043207",12,3,3,4,1551,"Biosynthesis of secondary metabolites","KEGG"
"EVM0043207",12,3,3,4,1551,"Cofactor biosyntheses","Reactome"
"EVM0043207",12,3,3,4,1551,"Flavin biosynthesis","Reactome"
"EVM0043207",12,3,3,4,1551,"Folate biosynthesis","KEGG"
"EVM0043207",12,3,3,4,1551,"Metabolic pathways","KEGG"
"EVM0043207",12,3,3,4,1551,"Metabolism and regulation","Reactome"
"EVM0043207",12,3,3,4,1551,"Riboflavin metabolism","KEGG"
"EVM0043212",0,6,0,1,630,"Proteasome","KEGG"
"EVM0043549",0,13,3,4,391,"Protein export","KEGG"
"EVM0043556",2,40,0,10,950,"Fatty acid and lipid metabolism","Reactome"
"EVM0043556",2,40,0,10,950,"Metabolism and regulation","Reactome"
"EVM0043556",2,40,0,10,950,"Phospholipid biosynthesis I","Reactome"
"EVM0043559",17,35,4,7,2475,"Nucleocytoplasmic transport","KEGG"
"EVM0043559",17,35,4,7,2475,"mRNA surveillance pathway","KEGG"
"EVM0043650",6,3,3,5,1290,"Ascorbate and aldarate metabolism","KEGG"
"EVM0043650",6,3,3,5,1290,"Biosynthesis of cofactors","KEGG"
"EVM0043650",6,3,3,5,1290,"Biosynthesis of secondary metabolites","KEGG"
"EVM0043650",6,3,3,5,1290,"Metabolic pathways","KEGG"
"EVM0043655",2,12,0,12,1094,"Cofactor biosyntheses","Reactome"
"EVM0043655",2,12,0,12,1094,"Metabolism and regulation","Reactome"
"EVM0043655",2,12,0,12,1094,"Pantothenate and coenzyme A biosynthesis III","Reactome"
"EVM0043697",7,41,4,15,1770,"Protein export","KEGG"
"EVM0043708",0,2,1,4,679,"RNA degradation","KEGG"
"EVM0043710",8,19,9,19,710,"Lysosome biogenesis","KEGG"
"EVM0043710",8,19,9,19,710,"Metabolic pathways","KEGG"
"EVM0043710",8,19,9,19,710,"Riboflavin metabolism","KEGG"
"EVM0043839",2,12,2,12,1016,"Metabolic pathways","KEGG"
"EVM0043839",2,12,2,12,1016,"Oxidative phosphorylation","KEGG"
"EVM0043879",6,14,10,14,1627,"Lysosome biogenesis","KEGG"
"EVM0043893",2,16,0,8,489,"Cofactor biosyntheses","Reactome"
"EVM0043893",2,16,0,8,489,"Glutathione metabolism","KEGG"
"EVM0043893",2,16,0,8,489,"Glutathione redox reactions I","Reactome"
"EVM0043893",2,16,0,8,489,"Metabolic pathways","KEGG"
"EVM0043893",2,16,0,8,489,"Metabolism and regulation","Reactome"
"EVM0043984",7,20,8,14,1017,"Biosynthesis of secondary metabolites","KEGG"
"EVM0043984",7,20,8,14,1017,"Metabolic pathways","KEGG"
"EVM0043984",7,20,8,14,1017,"Phenylpropanoid biosynthesis","KEGG"
"EVM0044068",0,23,1,7,610,"Efferocytosis","KEGG"
"EVM0044068",0,23,1,7,610,"Endocytosis","KEGG"
"EVM0044068",0,23,1,7,610,"Phagosome","KEGG"
"EVM0044124",0,3,0,4,1184,"mRNA surveillance pathway","KEGG"
"EVM0044149",12,46,3,7,588,"Biosynthesis of cofactors","KEGG"
"EVM0044149",12,46,3,7,588,"Metabolic pathways","KEGG"
"EVM0044149",12,46,3,7,588,"Nicotinate and nicotinamide metabolism","KEGG"
"EVM0044185",1,35,0,14,754,"Alanine, aspartate and glutamate metabolism","KEGG"
"EVM0044185",1,35,0,14,754,"Metabolic pathways","KEGG"
"EVM0044388",3,3,3,14,1454,"Protein export","KEGG"
"EVM0044426",3,28,1,9,1398,"Amino acid biosynthesis","Reactome"
"EVM0044426",3,28,1,9,1398,"Amino acid catabolism","Reactome"
"EVM0044426",3,28,1,9,1398,"Amino acid metabolism","Reactome"
"EVM0044426",3,28,1,9,1398,"Hormone signaling, transport, and metabolism","Reactome"
"EVM0044426",3,28,1,9,1398,"IAA biosynthesis I","Reactome"
"EVM0044426",3,28,1,9,1398,"Isoleucine biosynthesis from threonine","Reactome"
"EVM0044426",3,28,1,9,1398,"Metabolism and regulation","Reactome"
"EVM0044426",3,28,1,9,1398,"Phenylalanine degradation III","Reactome"
"EVM0044426",3,28,1,9,1398,"Valine biosynthesis","Reactome"
"EVM0044566",0,159,0,73,3338,"Spliceosome","KEGG"
"EVM0044657",5,26,5,5,499,"Detoxification","Reactome"
"EVM0044657",5,26,5,5,499,"Gravitropism under normal or artificial gravity environments","Reactome"
"EVM0044657",5,26,5,5,499,"Metabolism and regulation","Reactome"
"EVM0044657",5,26,5,5,499,"Reactive oxygen species (ROS) homeostasis","Reactome"
"EVM0044657",5,26,5,5,499,"Removal of superoxide radicals","Reactome"
"EVM0044657",5,26,5,5,499,"Responses to stimuli: abiotic stimuli and stresses","Reactome"
"EVM0044657",5,26,5,5,499,"Root angle formation: elongation and curvature response","Reactome"
"EVM0044657",5,26,5,5,499,"Root gravitropism","Reactome"
"EVM0044761",0,25,0,8,1357,"Biosynthesis of amino acids","KEGG"
"EVM0044761",0,25,0,8,1357,"Biosynthesis of cofactors","KEGG"
"EVM0044761",0,25,0,8,1357,"Biosynthesis of secondary metabolites","KEGG"
"EVM0044761",0,25,0,8,1357,"Carbon metabolism","KEGG"
"EVM0044761",0,25,0,8,1357,"Cyanoamino acid metabolism","KEGG"
"EVM0044761",0,25,0,8,1357,"Folate transport and metabolism","KEGG"
"EVM0044761",0,25,0,8,1357,"Glycine, serine and threonine metabolism","KEGG"
"EVM0044761",0,25,0,8,1357,"Glyoxylate and dicarboxylate metabolism","KEGG"
"EVM0044761",0,25,0,8,1357,"Metabolic pathways","KEGG"
"EVM0044761",0,25,0,8,1357,"One carbon pool by folate","KEGG"
"EVM0044941",0,8,0,0,369,"MAPK signaling pathway - plant","KEGG"
"EVM0044941",0,8,0,0,369,"Phosphatidylinositol signaling system","KEGG"
"EVM0044941",0,8,0,0,369,"Plant hormone signal transduction","KEGG"
"EVM0044941",0,8,0,0,369,"Plant-pathogen interaction","KEGG"
"EVM0044950",13,32,8,13,1455,"Metabolic pathways","KEGG"
"EVM0044950",13,32,8,13,1455,"N-Glycan biosynthesis","KEGG"
"EVM0044950",13,32,8,13,1455,"Various types of N-glycan biosynthesis","KEGG"
"EVM0044963",0,19,0,10,1274,"Protein processing in endoplasmic reticulum","KEGG"
"EVM0044970",2,30,0,10,1460,"mRNA surveillance pathway","KEGG"
"EVM0045006",0,6,1,2,1202,"Cornified envelope formation","KEGG"
"EVM0045006",0,6,1,2,1202,"mRNA surveillance pathway","KEGG"
"EVM0045040",2,43,1,6,1044,"Biosynthesis of secondary metabolites","KEGG"
"EVM0045040",2,43,1,6,1044,"Metabolic pathways","KEGG"
"EVM0045040",2,43,1,6,1044,"Porphyrin metabolism","KEGG"
"EVM0045183",0,5,2,5,1815,"RNA degradation","KEGG"
"EVM0045196",23,28,3,8,3405,"RNA degradation","KEGG"
"EVM0045298",7,15,2,5,1222,"Biosynthesis of secondary metabolites","KEGG"
"EVM0045298",7,15,2,5,1222,"Glycerolipid metabolism","KEGG"
"EVM0045298",7,15,2,5,1222,"Metabolic pathways","KEGG"
"EVM0045298",7,15,2,5,1222,"Sulfoquinovose metabolism","KEGG"
"EVM0045357",1,43,2,20,1134,"mRNA surveillance pathway","KEGG"
"EVM0045448",42,18,9,9,1162,"Carotenoid biosynthesis","Reactome"
"EVM0045448",42,18,9,9,1162,"Metabolism and regulation","Reactome"
"EVM0045448",42,18,9,9,1162,"Secondary metabolism","Reactome"
"EVM0045521",2,69,1,7,2017,"Biosynthesis of secondary metabolites","KEGG"
"EVM0045521",2,69,1,7,2017,"Metabolic pathways","KEGG"
"EVM0045521",2,69,1,7,2017,"Porphyrin metabolism","KEGG"
"EVM0045524",3,25,1,4,2528,"Spliceosome","KEGG"
"EVM0045686",7,24,0,8,789,"Metabolic pathways","KEGG"
"EVM0045690",8,13,2,7,934,"Circadian rhythm","Reactome"
"EVM0045690",8,13,2,7,934,"Circadian rhythm - plant","KEGG"
"EVM0045690",8,13,2,7,934,"Ribosome biogenesis in eukaryotes","KEGG"
"EVM0045711",0,10,8,10,869,"Amino acid biosynthesis","Reactome"
"EVM0045711",0,10,8,10,869,"Amino acid metabolism","Reactome"
"EVM0045711",0,10,8,10,869,"Biosynthesis of amino acids","KEGG"
"EVM0045711",0,10,8,10,869,"Biosynthesis of secondary metabolites","KEGG"
"EVM0045711",0,10,8,10,869,"Lysine biosynthesis","KEGG"
"EVM0045711",0,10,8,10,869,"Lysine biosynthesis I","Reactome"
"EVM0045711",0,10,8,10,869,"Lysine biosynthesis II","Reactome"
"EVM0045711",0,10,8,10,869,"Lysine biosynthesis VI","Reactome"
"EVM0045711",0,10,8,10,869,"Metabolic pathways","KEGG"
"EVM0045711",0,10,8,10,869,"Metabolism and regulation","Reactome"
"EVM0045711",0,10,8,10,869,"Monobactam biosynthesis","KEGG"
"EVM0045790",6,23,3,29,840,"Biosynthesis of secondary metabolites","KEGG"
"EVM0045790",6,23,3,29,840,"Hormone signaling, transport, and metabolism","Reactome"
"EVM0045790",6,23,3,29,840,"Jasmonic acid biosynthesis","Reactome"
"EVM0045790",6,23,3,29,840,"Jasmonic acid signaling","Reactome"
"EVM0045790",6,23,3,29,840,"Metabolic pathways","KEGG"
"EVM0045790",6,23,3,29,840,"Metabolism and regulation","Reactome"
"EVM0045790",6,23,3,29,840,"alpha-Linolenic acid metabolism","KEGG"
"EVM0045826",5,10,10,17,241,"Aminoacyl-tRNA biosynthesis","KEGG"
"EVM0045879",11,17,6,9,1947,"Amino acid biosynthesis","Reactome"
"EVM0045879",11,17,6,9,1947,"Amino acid metabolism","Reactome"
"EVM0045879",11,17,6,9,1947,"Beta-alanine biosynthesis II","Reactome"
"EVM0045879",11,17,6,9,1947,"Biosynthesis of secondary metabolites","KEGG"
"EVM0045879",11,17,6,9,1947,"Fatty acid degradation","KEGG"
"EVM0045879",11,17,6,9,1947,"Fatty acid metabolism","KEGG"
"EVM0045879",11,17,6,9,1947,"Metabolic pathways","KEGG"
"EVM0045879",11,17,6,9,1947,"Metabolism and regulation","Reactome"
"EVM0045879",11,17,6,9,1947,"alpha-Linolenic acid metabolism","KEGG"
"EVM0045919",2,17,4,12,1379,"Amino acid biosynthesis","Reactome"
"EVM0045919",2,17,4,12,1379,"Amino acid metabolism","Reactome"
"EVM0045919",2,17,4,12,1379,"Lysine biosynthesis VI","Reactome"
"EVM0045919",2,17,4,12,1379,"Metabolism and regulation","Reactome"
"EVM0045971",7,52,4,18,3030,"Inositol phosphate metabolism","KEGG"
"EVM0045971",7,52,4,18,3030,"Metabolic pathways","KEGG"
"EVM0045971",7,52,4,18,3030,"Phosphatidylinositol signaling system","KEGG"
"EVM0046094",0,3,7,6,2342,"Nucleocytoplasmic transport","KEGG"
"EVM0046094",0,3,7,6,2342,"Viral life cycle - HIV-1","KEGG"
"EVM0046095",2,3,1,2,300,"Biosynthesis of secondary metabolites","KEGG"
"EVM0046095",2,3,1,2,300,"Fatty acid elongation","KEGG"
"EVM0046095",2,3,1,2,300,"Metabolic pathways","KEGG"
"EVM0046095",2,3,1,2,300,"Plant-pathogen interaction","KEGG"
"EVM0046148",0,12,0,2,294,"RNA degradation","KEGG"
"EVM0046148",0,12,0,2,294,"Spliceosome","KEGG"
"EVM0046185",0,16,0,5,551,"Lysosome biogenesis","KEGG"
"EVM0046297",2,5,3,2,603,"Metabolic pathways","KEGG"
"EVM0046297",2,5,3,2,603,"Nucleotide metabolism","KEGG"
"EVM0046297",2,5,3,2,603,"Purine metabolism","KEGG"
"EVM0046401",5,56,1,8,1274,"Proteasome","KEGG"
"EVM0046486",44,54,14,16,2209,"Fanconi anemia pathway","KEGG"
"EVM0046486",44,54,14,16,2209,"Homologous recombination","KEGG"
"EVM0046523",2,32,0,10,1006,"Biosynthesis of secondary metabolites","KEGG"
"EVM0046523",2,32,0,10,1006,"Metabolic pathways","KEGG"
"EVM0046523",2,32,0,10,1006,"Terpenoid backbone biosynthesis","KEGG"
"EVM0046535",1,1,0,2,1176,"IgSF CAM signaling","KEGG"
"EVM0046615",4,40,5,18,1345,"Hormone signaling, transport, and metabolism","Reactome"
"EVM0046615",4,40,5,18,1345,"Jasmonic acid signaling","Reactome"
"EVM0046615",4,40,5,18,1345,"Metabolism and regulation","Reactome"
"EVM0046615",4,40,5,18,1345,"Plant hormone signal transduction","KEGG"
"EVM0046708",17,26,5,14,1804,"RNA degradation","KEGG"
"EVM0046717",4,4,3,4,1298,"Lysosome biogenesis","KEGG"
"EVM0046824",0,2,3,10,742,"Arsenic uptake and detoxification","Reactome"
"EVM0046824",0,2,3,10,742,"Response to heavy metals","Reactome"
"EVM0046824",0,2,3,10,742,"Responses to stimuli: abiotic stimuli and stresses","Reactome"
"EVM0046875",0,6,0,3,1203,"Calvin cycle","Reactome"
"EVM0046875",0,6,0,3,1203,"Carbohydrate metabolism","Reactome"
"EVM0046875",0,6,0,3,1203,"Carbon fixation by Calvin cycle","KEGG"
"EVM0046875",0,6,0,3,1203,"Carbon metabolism","KEGG"
"EVM0046875",0,6,0,3,1203,"Metabolic pathways","KEGG"
"EVM0046875",0,6,0,3,1203,"Metabolism and regulation","Reactome"
"EVM0046971",0,21,3,8,1302,"Amino acid biosynthesis","Reactome"
"EVM0046971",0,21,3,8,1302,"Amino acid metabolism","Reactome"
"EVM0046971",0,21,3,8,1302,"Glycine betaine biosynthesis III","Reactome"
"EVM0046971",0,21,3,8,1302,"Glycine, serine and threonine metabolism","KEGG"
"EVM0046971",0,21,3,8,1302,"Metabolic pathways","KEGG"
"EVM0046971",0,21,3,8,1302,"Metabolism and regulation","Reactome"
"EVM0046971",0,21,3,8,1302,"One carbon pool by folate","KEGG"
"EVM0047111",0,10,0,7,1339,"Ribosome biogenesis in eukaryotes","KEGG"
"EVM0047288",17,23,3,9,595,"Protein processing in endoplasmic reticulum","KEGG"
"EVM0047288",17,23,3,9,595,"Ubiquitin mediated proteolysis","KEGG"
"EVM0047305",0,3,0,2,1238,"Biosynthesis of secondary metabolites","KEGG"
"EVM0047305",0,3,0,2,1238,"Glycerolipid metabolism","KEGG"
"EVM0047305",0,3,0,2,1238,"Metabolic pathways","KEGG"
"EVM0047341",9,31,5,7,1238,"Biosynthesis of secondary metabolites","KEGG"
"EVM0047341",9,31,5,7,1238,"Metabolic pathways","KEGG"
"EVM0047341",9,31,5,7,1238,"Metabolism and regulation","Reactome"
"EVM0047341",9,31,5,7,1238,"Mevalonate pathway","Reactome"
"EVM0047341",9,31,5,7,1238,"Secondary metabolism","Reactome"
"EVM0047341",9,31,5,7,1238,"Terpenoid backbone biosynthesis","KEGG"
"EVM0047430",9,18,5,11,1134,"Ubiquitin mediated proteolysis","KEGG"
"EVM0047440",20,39,8,18,2822,"Nucleocytoplasmic transport","KEGG"
"EVM0047450",5,8,2,2,473,"Protein export","KEGG"
"EVM0047518",0,5,3,3,596,"Auxin signalling","Reactome"
"EVM0047518",0,5,3,3,596,"Growth and developmental processes","Reactome"
"EVM0047518",0,5,3,3,596,"Hormone signaling, transport, and metabolism","Reactome"
"EVM0047518",0,5,3,3,596,"Metabolism and regulation","Reactome"
"EVM0047518",0,5,3,3,596,"Plant hormone signal transduction","KEGG"
"EVM0047518",0,5,3,3,596,"Regulation of seed size","Reactome"
"EVM0047518",0,5,3,3,596,"Reproductive structure development","Reactome"
"EVM0047518",0,5,3,3,596,"Seed development","Reactome"
"EVM0047562",18,18,2,6,426,"Peroxisome","KEGG"
"EVM0047602",0,23,0,5,620,"Oxidative phosphorylation","KEGG"
"EVM0047642",19,29,4,8,3735,"Lysosome biogenesis","KEGG"
"EVM0047694",3,3,1,1,481,"Peroxisome","KEGG"
"EVM0047716",2,7,5,9,1896,"Biosynthesis of secondary metabolites","KEGG"
"EVM0047716",2,7,5,9,1896,"Carbohydrate metabolism","Reactome"
"EVM0047716",2,7,5,9,1896,"Gravitropism under normal or artificial gravity environments","Reactome"
"EVM0047716",2,7,5,9,1896,"Growth and developmental processes","Reactome"
"EVM0047716",2,7,5,9,1896,"Metabolic pathways","KEGG"
"EVM0047716",2,7,5,9,1896,"Metabolism and regulation","Reactome"
"EVM0047716",2,7,5,9,1896,"Regulatory network of nutrient accumulation","Reactome"
"EVM0047716",2,7,5,9,1896,"Reproductive structure development","Reactome"
"EVM0047716",2,7,5,9,1896,"Responses to stimuli: abiotic stimuli and stresses","Reactome"
"EVM0047716",2,7,5,9,1896,"Root gravitropism","Reactome"
"EVM0047716",2,7,5,9,1896,"Seed development","Reactome"
"EVM0047716",2,7,5,9,1896,"Starch and sucrose metabolism","KEGG"
"EVM0047716",2,7,5,9,1896,"Starch biosynthesis","Reactome"
"EVM0047799",2,20,0,8,516,"Ribosome","KEGG"
"EVM0047830",3,21,0,3,608,"Bacterial invasion of epithelial cells","KEGG"
"EVM0047830",3,21,0,3,608,"Cadherin signaling","KEGG"
"EVM0047830",3,21,0,3,608,"Efferocytosis","KEGG"
"EVM0047830",3,21,0,3,608,"IgSF CAM signaling","KEGG"
"EVM0047830",3,21,0,3,608,"Integrin signaling","KEGG"
"EVM0047830",3,21,0,3,608,"Phagosome","KEGG"
"EVM0047830",3,21,0,3,608,"Toll-like receptor signaling pathway","KEGG"
"EVM0047863",13,47,14,37,3679,"RNA degradation","KEGG"
"EVM0047942",9,42,4,23,748,"ABA biosynthesis and mediated signaling","Reactome"
"EVM0047942",9,42,4,23,748,"Abscisic acid biosynthesis","Reactome"
"EVM0047942",9,42,4,23,748,"Abscisic acid homeostasis","Reactome"
"EVM0047942",9,42,4,23,748,"Biosynthesis of secondary metabolites","KEGG"
"EVM0047942",9,42,4,23,748,"Carotenoid biosynthesis","KEGG"
"EVM0047942",9,42,4,23,748,"Hormone signaling, transport, and metabolism","Reactome"
"EVM0047942",9,42,4,23,748,"Metabolic pathways","KEGG"
"EVM0047942",9,42,4,23,748,"Metabolism and regulation","Reactome"
"EVM0047969",3,20,4,22,2151,"Aminoacyl-tRNA biosynthesis","KEGG"
"EVM0047969",3,20,4,22,2151,"Biosynthesis of cofactors","KEGG"
"EVM0047969",3,20,4,22,2151,"Biosynthesis of secondary metabolites","KEGG"
"EVM0047969",3,20,4,22,2151,"Metabolic pathways","KEGG"
"EVM0047969",3,20,4,22,2151,"Porphyrin metabolism","KEGG"
"EVM0047978",2,10,0,3,257,"Spliceosome","KEGG"
"EVM0048019",0,14,8,10,1658,"Biosynthesis of secondary metabolites","KEGG"
"EVM0048019",0,14,8,10,1658,"Fructose and mannose metabolism","KEGG"
"EVM0048019",0,14,8,10,1658,"Glycolysis / Gluconeogenesis","KEGG"
"EVM0048019",0,14,8,10,1658,"Metabolic pathways","KEGG"
"EVM0048019",0,14,8,10,1658,"Pentose phosphate pathway","KEGG"
"EVM0048066",14,31,6,9,2156,"Biosynthesis of secondary metabolites","KEGG"
"EVM0048066",14,31,6,9,2156,"Fatty acid degradation","KEGG"
"EVM0048066",14,31,6,9,2156,"Fatty acid metabolism","KEGG"
"EVM0048066",14,31,6,9,2156,"Metabolic pathways","KEGG"
"EVM0048066",14,31,6,9,2156,"alpha-Linolenic acid metabolism","KEGG"
"EVM0048107",19,19,7,5,881,"Biosynthesis of amino acids","KEGG"
"EVM0048107",19,19,7,5,881,"Biosynthesis of secondary metabolites","KEGG"
"EVM0048107",19,19,7,5,881,"Carbon metabolism","KEGG"
"EVM0048107",19,19,7,5,881,"Glycine, serine and threonine metabolism","KEGG"
"EVM0048107",19,19,7,5,881,"Metabolic pathways","KEGG"
"EVM0048108",9,49,1,17,2685,"Amino sugar and nucleotide sugar metabolism","KEGG"
"EVM0048108",9,49,1,17,2685,"Biosynthesis of nucleotide sugars","KEGG"
"EVM0048108",9,49,1,17,2685,"Carbohydrate metabolism","Reactome"
"EVM0048108",9,49,1,17,2685,"Metabolic pathways","KEGG"
"EVM0048108",9,49,1,17,2685,"Metabolism and regulation","Reactome"
"EVM0048108",9,49,1,17,2685,"UDP-L-arabinose biosynthesis and transport","Reactome"
"EVM0048128",15,57,19,32,1623,"Circadian rhythm","Reactome"
"EVM0048128",15,57,19,32,1623,"Circadian rhythm - plant","KEGG"
"EVM0048146",6,39,0,6,3366,"RNA polymerase","KEGG"
"EVM0048156",0,15,1,7,1298,"Basal transcription factors","KEGG"
"EVM0048187",6,19,1,4,1034,"Efferocytosis","KEGG"
"EVM0048243",4,46,2,13,1629,"Lysosome biogenesis","KEGG"
"EVM0048356",3,15,2,12,1329,"Metabolic pathways","KEGG"
"EVM0048356",3,15,2,12,1329,"Purine metabolism","KEGG"
"EVM0048395",3,27,1,5,809,"Spliceosome","KEGG"
"EVM0048399",10,67,4,26,1221,"Biosynthesis of secondary metabolites","KEGG"
"EVM0048399",10,67,4,26,1221,"Biosynthesis of various plant secondary metabolites; Including: Crocin biosynthesis, Ginsenoside biosynthesis, Saponin adjuvant biosynthesis, Cannabidiol biosynthesis, Mugineic acid biosynthesis, Pentagalloylglucose biosynthesis, Benzoxazinoid biosynthesis, Gramine biosynthesis, Coumarin biosynthesis, Furanocoumarin biosynthesis, Hordatine biosynthesis, Podophyllotoxin biosynthesis","KEGG"
"EVM0048399",10,67,4,26,1221,"Cyanoamino acid metabolism","KEGG"
"EVM0048399",10,67,4,26,1221,"Metabolic pathways","KEGG"
"EVM0048399",10,67,4,26,1221,"Starch and sucrose metabolism","KEGG"
"EVM0048695",5,5,6,10,2268,"Endocytosis","KEGG"
"EVM0048702",0,40,29,37,2123,"Biosynthesis of secondary metabolites","KEGG"
"EVM0048702",0,40,29,37,2123,"Diterpenoid biosynthesis; Including: Gibberellin biosynthesis","KEGG"
"EVM0048702",0,40,29,37,2123,"Ent-kaurene biosynthesis","Reactome"
"EVM0048702",0,40,29,37,2123,"Metabolic pathways","KEGG"
"EVM0048702",0,40,29,37,2123,"Metabolism and regulation","Reactome"
"EVM0048702",0,40,29,37,2123,"Secondary metabolism","Reactome"
"EVM0048831",18,43,7,10,1847,"Metabolism and regulation","Reactome"
"EVM0048831",18,43,7,10,1847,"Phytic acid biosynthesis","Reactome"
"EVM0048831",18,43,7,10,1847,"Phytic acid biosynthesis (lipid-independent)","Reactome"
"EVM0048831",18,43,7,10,1847,"Secondary metabolism","Reactome"
"EVM0049020",0,6,0,12,777,"Fructose and mannose metabolism","KEGG"
"EVM0049020",0,6,0,12,777,"Metabolic pathways","KEGG"
"EVM0049020",0,6,0,12,777,"Pentose and glucuronate interconversions","KEGG"
"EVM0049028",2,20,3,5,966,"Base excision repair","KEGG"
"EVM0049028",2,20,3,5,966,"Cell cycle","Reactome"
"EVM0049028",2,20,3,5,966,"Cellular processes","Reactome"
"EVM0049028",2,20,3,5,966,"DNA replication","KEGG"
"EVM0049028",2,20,3,5,966,"Maturation","Reactome"
"EVM0049028",2,20,3,5,966,"Mitosis","Reactome"
"EVM0049028",2,20,3,5,966,"Non-homologous end-joining","KEGG"
"EVM0049028",2,20,3,5,966,"S phase","Reactome"
"EVM0049028",2,20,3,5,966,"Synthesis of DNA","Reactome"
"EVM0049030",10,30,17,29,2138,"Biosynthesis of secondary metabolites","KEGG"
"EVM0049030",10,30,17,29,2138,"Fatty acid degradation","KEGG"
"EVM0049030",10,30,17,29,2138,"Fatty acid metabolism","KEGG"
"EVM0049030",10,30,17,29,2138,"Metabolic pathways","KEGG"
"EVM0049030",10,30,17,29,2138,"alpha-Linolenic acid metabolism","KEGG"
"EVM0049079",30,27,3,7,978,"Ribosome biogenesis in eukaryotes","KEGG"
"EVM0049206",5,33,2,12,1090,"Biosynthesis of secondary metabolites","KEGG"
"EVM0049206",5,33,2,12,1090,"Cholesterol biosynthesis I","Reactome"
"EVM0049206",5,33,2,12,1090,"Cholesterol biosynthesis II (via 24,25-dihydrolanosterol)","Reactome"
"EVM0049206",5,33,2,12,1090,"Cholesterol biosynthesis III (via desmosterol)","Reactome"
"EVM0049206",5,33,2,12,1090,"Fatty acid and lipid metabolism","Reactome"
"EVM0049206",5,33,2,12,1090,"Metabolic pathways","KEGG"
"EVM0049206",5,33,2,12,1090,"Metabolism and regulation","Reactome"
"EVM0049206",5,33,2,12,1090,"Secondary metabolism","Reactome"
"EVM0049206",5,33,2,12,1090,"Sesquiterpenoid and triterpenoid biosynthesis","KEGG"
"EVM0049206",5,33,2,12,1090,"Steroid biosynthesis","KEGG"
"EVM0049206",5,33,2,12,1090,"Sterol biosynthesis","Reactome"
"EVM0049289",0,3,2,1,714,"Arginine and proline metabolism","KEGG"
"EVM0049289",0,3,2,1,714,"Metabolic pathways","KEGG"
"EVM0049339",12,63,5,18,1135,"Aminoacyl-tRNA biosynthesis","KEGG"
"EVM0049339",12,63,5,18,1135,"Metabolic pathways","KEGG"
"EVM0049340",7,11,2,15,434,"Biosynthesis of secondary metabolites","KEGG"
"EVM0049340",7,11,2,15,434,"Metabolic pathways","KEGG"
"EVM0049340",7,11,2,15,434,"Phenylpropanoid biosynthesis","KEGG"
"EVM0049564",16,22,4,10,1984,"Polycomb repressive complex","KEGG"
"EVM0049570",0,7,1,5,742,"Efferocytosis","KEGG"
"EVM0049570",0,7,1,5,742,"Metabolic pathways","KEGG"
"EVM0049570",0,7,1,5,742,"Oxidative phosphorylation","KEGG"
"EVM0049619",0,47,1,17,3046,"Spliceosome","KEGG"
"EVM0049638",0,6,2,3,727,"Amino acid biosynthesis","Reactome"
"EVM0049638",0,6,2,3,727,"Amino acid metabolism","Reactome"
"EVM0049638",0,6,2,3,727,"Biosynthesis of amino acids","KEGG"
"EVM0049638",0,6,2,3,727,"Biosynthesis of secondary metabolites","KEGG"
"EVM0049638",0,6,2,3,727,"Histidine biosynthesis I","Reactome"
"EVM0049638",0,6,2,3,727,"Histidine metabolism","KEGG"
"EVM0049638",0,6,2,3,727,"Metabolic pathways","KEGG"
"EVM0049638",0,6,2,3,727,"Metabolism and regulation","Reactome"
"EVM0049667",1,4,1,4,1077,"Protein export","KEGG"
"EVM0049667",1,4,1,4,1077,"Protein processing in endoplasmic reticulum","KEGG"
"EVM0049675",0,6,0,2,486,"Metabolic pathways","KEGG"
"EVM0049675",0,6,0,2,486,"Oxidative phosphorylation","KEGG"
"EVM0049693",1,8,4,1,593,"Biosynthesis of secondary metabolites","KEGG"
"EVM0049693",1,8,4,1,593,"Metabolic pathways","KEGG"
"EVM0049693",1,8,4,1,593,"Phenylpropanoid biosynthesis","KEGG"
"EVM0049718",6,21,5,18,2841,"Spliceosome","KEGG"
"EVM0049742",0,1,1,4,795,"Amino sugar and nucleotide sugar metabolism","KEGG"
"EVM0049742",0,1,1,4,795,"Biosynthesis of nucleotide sugars","KEGG"
"EVM0049742",0,1,1,4,795,"Metabolic pathways","KEGG"
"EVM0049852",0,46,6,13,2534,"Efferocytosis","KEGG"
"EVM0049852",0,46,6,13,2534,"Lysosome biogenesis","KEGG"
"EVM0049867",0,5,0,1,531,"Endocytosis","KEGG"
"EVM0050333",2,39,1,13,908,"Nucleocytoplasmic transport","KEGG"
"EVM0050364",2,2,8,8,6814,"Lysosome biogenesis","KEGG"
"EVM0050558",1,8,0,9,846,"Basal transcription factors","KEGG"
"EVM0050592",0,35,0,10,1119,"Proteasome","KEGG"
"EVM0050725",12,4,6,11,1710,"Flower development","Reactome"
"EVM0050725",12,4,6,11,1710,"Growth and developmental processes","Reactome"
"EVM0050725",12,4,6,11,1710,"Reproductive structure development","Reactome"
"EVM0050727",5,21,3,9,2262,"Protein processing in endoplasmic reticulum","KEGG"
"EVM0050864",6,62,3,27,2704,"Biosynthesis of secondary metabolites","KEGG"
"EVM0050864",6,62,3,27,2704,"Metabolic pathways","KEGG"
"EVM0050864",6,62,3,27,2704,"Starch and sucrose metabolism","KEGG"
"EVM0050944",2,9,6,18,263,"Biosynthesis of secondary metabolites","KEGG"
"EVM0050944",2,9,6,18,263,"Monoterpenoid biosynthesis","KEGG"
"EVM0050955",4,17,7,15,1800,"Fatty acid biosynthesis","KEGG"
"EVM0050955",4,17,7,15,1800,"Fatty acid degradation","KEGG"
"EVM0050955",4,17,7,15,1800,"Fatty acid metabolism","KEGG"
"EVM0050955",4,17,7,15,1800,"Metabolic pathways","KEGG"
"EVM0050955",4,17,7,15,1800,"Peroxisome","KEGG"
"EVM0050959",1,40,0,17,3459,"Circadian rhythm","Reactome"
"EVM0050959",1,40,0,17,3459,"Circadian rhythm - plant","KEGG"
"EVM0050959",1,40,0,17,3459,"Drought escape (DE) via ABA-independent pathway","Reactome"
"EVM0050959",1,40,0,17,3459,"Flowering under drought stress","Reactome"
"EVM0050959",1,40,0,17,3459,"Gravitropism under normal or artificial gravity environments","Reactome"
"EVM0050959",1,40,0,17,3459,"Growth and developmental processes","Reactome"
"EVM0050959",1,40,0,17,3459,"Inflorescence development","Reactome"
"EVM0050959",1,40,0,17,3459,"Long day regulated expression of florigens","Reactome"
"EVM0050959",1,40,0,17,3459,"Mild drought","Reactome"
"EVM0050959",1,40,0,17,3459,"Reproductive structure development","Reactome"
"EVM0050959",1,40,0,17,3459,"Responses to stimuli: abiotic stimuli and stresses","Reactome"
"EVM0050959",1,40,0,17,3459,"Shoot (tiller) formation and regulation of tiller angle","Reactome"
"EVM0050959",1,40,0,17,3459,"Shoot gravitropism: development, growth, and architecture of shoot in response to gravity","Reactome"
"EVM0051118",2,13,3,9,970,"Amino acid biosynthesis","Reactome"
"EVM0051118",2,13,3,9,970,"Amino acid metabolism","Reactome"
"EVM0051118",2,13,3,9,970,"Cofactor biosyntheses","Reactome"
"EVM0051118",2,13,3,9,970,"Cytokinins-O-glucoside biosynthesis","Reactome"
"EVM0051118",2,13,3,9,970,"Hormone signaling, transport, and metabolism","Reactome"
"EVM0051118",2,13,3,9,970,"Isoleucine biosynthesis from threonine","Reactome"
"EVM0051118",2,13,3,9,970,"Leucine biosynthesis","Reactome"
"EVM0051118",2,13,3,9,970,"Metabolism and regulation","Reactome"
"EVM0051118",2,13,3,9,970,"Pantothenate biosynthesis I","Reactome"
"EVM0051118",2,13,3,9,970,"Pantothenate biosynthesis II","Reactome"
"EVM0051179",4,2,2,3,649,"SNARE interactions in vesicular transport","KEGG"
"EVM0051221",2,23,1,9,2140,"Amino acid biosynthesis","Reactome"
"EVM0051221",2,23,1,9,2140,"Amino acid metabolism","Reactome"
"EVM0051221",2,23,1,9,2140,"Arginine and proline metabolism","KEGG"
"EVM0051221",2,23,1,9,2140,"Biosynthesis of amino acids","KEGG"
"EVM0051221",2,23,1,9,2140,"Biosynthesis of secondary metabolites","KEGG"
"EVM0051221",2,23,1,9,2140,"Citrulline biosynthesis","Reactome"
"EVM0051221",2,23,1,9,2140,"Metabolic pathways","KEGG"
"EVM0051221",2,23,1,9,2140,"Metabolism and regulation","Reactome"
"EVM0051221",2,23,1,9,2140,"Proline biosynthesis I","Reactome"
"EVM0051257",4,92,2,21,1422,"Biosynthesis of secondary metabolites","KEGG"
"EVM0051257",4,92,2,21,1422,"Carbon metabolism","KEGG"
"EVM0051257",4,92,2,21,1422,"Glyoxylate and dicarboxylate metabolism","KEGG"
"EVM0051257",4,92,2,21,1422,"MAPK signaling pathway - plant","KEGG"
"EVM0051257",4,92,2,21,1422,"Metabolic pathways","KEGG"
"EVM0051257",4,92,2,21,1422,"Peroxisome","KEGG"
"EVM0051257",4,92,2,21,1422,"Tryptophan metabolism","KEGG"
"EVM0051350",0,22,0,5,531,"Ribosome","KEGG"
"EVM0051513",0,55,0,23,1226,"Amino sugar and nucleotide sugar metabolism","KEGG"
"EVM0051513",0,55,0,23,1226,"Biosynthesis of nucleotide sugars","KEGG"
"EVM0051513",0,55,0,23,1226,"Carbohydrate metabolism","Reactome"
"EVM0051513",0,55,0,23,1226,"GDP-D-rhamnose biosynthesis","Reactome"
"EVM0051513",0,55,0,23,1226,"GDP-L-fucose biosynthesis I (from GDP-D-mannose)","Reactome"
"EVM0051513",0,55,0,23,1226,"Metabolic pathways","KEGG"
"EVM0051513",0,55,0,23,1226,"Metabolism and regulation","Reactome"
"EVM0051513",0,55,0,23,1226,"UDP-L-arabinose biosynthesis and transport","Reactome"
"EVM0051729",19,17,6,5,3741,"mRNA surveillance pathway","KEGG"
"EVM0051770",0,6,0,2,399,"Metabolic pathways","KEGG"
"EVM0051770",0,6,0,2,399,"Oxidative phosphorylation","KEGG"
"EVM0051816",14,64,4,20,1952,"Growth and developmental processes","Reactome"
"EVM0051816",14,64,4,20,1952,"Primary root development","Reactome"
"EVM0051816",14,64,4,20,1952,"Root structure development","Reactome"
"EVM0051816",14,64,4,20,1952,"Vegetative structure development","Reactome"
"EVM0051823",0,12,1,6,908,"Ribosome","KEGG"
"EVM0051882",3,1,5,12,1179,"Metabolic pathways","KEGG"
"EVM0051882",3,1,5,12,1179,"Nucleotide metabolism","KEGG"
"EVM0051882",3,1,5,12,1179,"Purine metabolism","KEGG"
"EVM0051994",17,60,5,7,1740,"Metabolic pathways","KEGG"
"EVM0051994",17,60,5,7,1740,"Valine, leucine and isoleucine degradation","KEGG"
"EVM0052022",1,47,2,10,1626,"Endocytosis","KEGG"
"EVM0052037",13,64,15,32,3439,"mRNA surveillance pathway","KEGG"
"EVM0052047",10,65,12,23,3228,"Ubiquitin mediated proteolysis","KEGG"
"EVM0052067",0,31,0,12,1389,"Amino sugar and nucleotide sugar metabolism","KEGG"
"EVM0052067",0,31,0,12,1389,"Ascorbate and aldarate metabolism","KEGG"
"EVM0052067",0,31,0,12,1389,"Biosynthesis of cofactors","KEGG"
"EVM0052067",0,31,0,12,1389,"Biosynthesis of nucleotide sugars","KEGG"
"EVM0052067",0,31,0,12,1389,"Biosynthesis of various nucleotide sugars","KEGG"
"EVM0052067",0,31,0,12,1389,"Carbohydrate metabolism","Reactome"
"EVM0052067",0,31,0,12,1389,"Galactose degradation II","Reactome"
"EVM0052067",0,31,0,12,1389,"Metabolic pathways","KEGG"
"EVM0052067",0,31,0,12,1389,"Metabolism and regulation","Reactome"
"EVM0052067",0,31,0,12,1389,"Pentose and glucuronate interconversions","KEGG"
"EVM0052067",0,31,0,12,1389,"UDP-D-xylose biosynthesis","Reactome"
"EVM0052067",0,31,0,12,1389,"UDP-L-arabinose biosynthesis and transport","Reactome"
"EVM0052178",15,12,22,19,696,"Biosynthesis of secondary metabolites","KEGG"
"EVM0052178",15,12,22,19,696,"Fatty acid elongation","KEGG"
"EVM0052178",15,12,22,19,696,"Metabolic pathways","KEGG"
"EVM0052178",15,12,22,19,696,"Plant-pathogen interaction","KEGG"
"EVM0052219",3,10,1,16,1168,"2-Oxocarboxylic acid metabolism","KEGG"
"EVM0052219",3,10,1,16,1168,"Amino acid biosynthesis","Reactome"
"EVM0052219",3,10,1,16,1168,"Amino acid metabolism","Reactome"
"EVM0052219",3,10,1,16,1168,"Arginine biosynthesis","KEGG;Reactome"
"EVM0052219",3,10,1,16,1168,"Biosynthesis of amino acids","KEGG"
"EVM0052219",3,10,1,16,1168,"Biosynthesis of secondary metabolites","KEGG"
"EVM0052219",3,10,1,16,1168,"Metabolic pathways","KEGG"
"EVM0052219",3,10,1,16,1168,"Metabolism and regulation","Reactome"
"EVM0052219",3,10,1,16,1168,"Ornithine biosynthesis","Reactome"
"EVM0052238",0,31,0,21,1274,"IgSF CAM signaling","KEGG"
"EVM0052238",0,31,0,21,1274,"Motor proteins","KEGG"
"EVM0052238",0,31,0,21,1274,"Phagosome","KEGG"
"EVM0052304",21,59,6,11,3110,"RNA degradation","KEGG"
"EVM0052304",21,59,6,11,3110,"Ribosome biogenesis in eukaryotes","KEGG"
"EVM0052374",14,23,10,5,1312,"Inositol phosphate metabolism","KEGG"
"EVM0052374",14,23,10,5,1312,"Metabolic pathways","KEGG"
"EVM0052374",14,23,10,5,1312,"Metabolism and regulation","Reactome"
"EVM0052374",14,23,10,5,1312,"Phytic acid biosynthesis","Reactome"
"EVM0052374",14,23,10,5,1312,"Phytic acid biosynthesis (lipid-independent)","Reactome"
"EVM0052374",14,23,10,5,1312,"Secondary metabolism","Reactome"
"EVM0052409",36,12,5,12,993,"Biosynthesis of secondary metabolites","KEGG"
"EVM0052409",36,12,5,12,993,"Metabolic pathways","KEGG"
"EVM0052409",36,12,5,12,993,"Starch and sucrose metabolism","KEGG"
"EVM0052445",2,61,0,25,1256,"Amino acid biosynthesis","Reactome"
"EVM0052445",2,61,0,25,1256,"Amino acid metabolism","Reactome"
"EVM0052445",2,61,0,25,1256,"Glycine betaine biosynthesis III","Reactome"
"EVM0052445",2,61,0,25,1256,"Glycine, serine and threonine metabolism","KEGG"
"EVM0052445",2,61,0,25,1256,"Metabolic pathways","KEGG"
"EVM0052445",2,61,0,25,1256,"Metabolism and regulation","Reactome"
"EVM0052445",2,61,0,25,1256,"One carbon pool by folate","KEGG"
"EVM0052516",0,4,2,6,1943,"Endocytosis","KEGG"
"EVM0052516",0,4,2,6,1943,"Protein processing in endoplasmic reticulum","KEGG"
"EVM0052516",0,4,2,6,1943,"Spliceosome","KEGG"
"EVM0052755",5,14,5,1,1424,"Biosynthesis of secondary metabolites","KEGG"
"EVM0052755",5,14,5,1,1424,"Biosynthesis of various plant secondary metabolites; Including: Crocin biosynthesis, Ginsenoside biosynthesis, Saponin adjuvant biosynthesis, Cannabidiol biosynthesis, Mugineic acid biosynthesis, Pentagalloylglucose biosynthesis, Benzoxazinoid biosynthesis, Gramine biosynthesis, Coumarin biosynthesis, Furanocoumarin biosynthesis, Hordatine biosynthesis, Podophyllotoxin biosynthesis","KEGG"
"EVM0052755",5,14,5,1,1424,"Cyanoamino acid metabolism","KEGG"
"EVM0052755",5,14,5,1,1424,"Metabolic pathways","KEGG"
"EVM0052755",5,14,5,1,1424,"Starch and sucrose metabolism","KEGG"
"EVM0052895",7,9,4,2,656,"Cutin, suberine and wax biosynthesis","KEGG"
"EVM0052903",0,21,0,9,1402,"Biosynthesis of cofactors","KEGG"
"EVM0052903",0,21,0,9,1402,"Metabolic pathways","KEGG"
"EVM0052903",0,21,0,9,1402,"Nicotinate and nicotinamide metabolism","KEGG"
"EVM0053066",5,21,3,19,3064,"Ubiquitin mediated proteolysis","KEGG"
"EVM0053081",0,29,0,9,1159,"Proteasome","KEGG"
"EVM0053164",0,137,1,22,3228,"Nucleotide excision repair","KEGG"
"EVM0053164",0,137,1,22,3228,"Ubiquitin mediated proteolysis","KEGG"
"EVM0053183",0,6,3,9,951,"Protein processing in endoplasmic reticulum","KEGG"
"EVM0053399",11,18,2,13,1213,"Allantoin degradation","Reactome"
"EVM0053399",11,18,2,13,1213,"Amine and polyamine biosynthesis","Reactome"
"EVM0053399",11,18,2,13,1213,"Metabolic pathways","KEGG"
"EVM0053399",11,18,2,13,1213,"Metabolism and regulation","Reactome"
"EVM0053399",11,18,2,13,1213,"Purine metabolism","KEGG"
"EVM0053453",0,5,5,5,1018,"Hormone signaling, transport, and metabolism","Reactome"
"EVM0053453",0,5,5,5,1018,"IAA biosynthesis II","Reactome"
"EVM0053453",0,5,5,5,1018,"Metabolism and regulation","Reactome"
"EVM0053462",0,3,1,17,2619,"Circadian rhythm","Reactome"
"EVM0053462",0,3,1,17,2619,"Drought escape (DE) via ABA-dependent pathway","Reactome"
"EVM0053462",0,3,1,17,2619,"Flowering under drought stress","Reactome"
"EVM0053462",0,3,1,17,2619,"Growth and developmental processes","Reactome"
"EVM0053462",0,3,1,17,2619,"Inflorescence development","Reactome"
"EVM0053462",0,3,1,17,2619,"Long day regulated expression of florigens","Reactome"
"EVM0053462",0,3,1,17,2619,"Mild drought","Reactome"
"EVM0053462",0,3,1,17,2619,"Reproductive structure development","Reactome"
"EVM0053462",0,3,1,17,2619,"Responses to stimuli: abiotic stimuli and stresses","Reactome"
"EVM0053472",4,6,2,3,915,"Protein processing in endoplasmic reticulum","KEGG"
"EVM0053472",4,6,2,3,915,"Ubiquitin mediated proteolysis","KEGG"
"EVM0053508",0,51,0,8,841,"Biosynthesis of secondary metabolites","KEGG"
"EVM0053508",0,51,0,8,841,"Carotenoid biosynthesis","KEGG"
"EVM0053508",0,51,0,8,841,"Metabolic pathways","KEGG"
"EVM0053518",2,41,0,11,1284,"2-Oxocarboxylic acid metabolism","KEGG"
"EVM0053518",2,41,0,11,1284,"Biosynthesis of secondary metabolites","KEGG"
"EVM0053518",2,41,0,11,1284,"Carbon metabolism","KEGG"
"EVM0053518",2,41,0,11,1284,"Citrate cycle","KEGG"
"EVM0053518",2,41,0,11,1284,"Lipoic acid metabolism","KEGG"
"EVM0053518",2,41,0,11,1284,"Lysine degradation","KEGG"
"EVM0053518",2,41,0,11,1284,"Metabolic pathways","KEGG"
"EVM0053518",2,41,0,11,1284,"Tryptophan metabolism","KEGG"
"EVM0053527",0,2,1,3,1536,"Biosynthesis of secondary metabolites","KEGG"
"EVM0053527",0,2,1,3,1536,"Carbon metabolism","KEGG"
"EVM0053527",0,2,1,3,1536,"Glutathione metabolism","KEGG"
"EVM0053527",0,2,1,3,1536,"Metabolic pathways","KEGG"
"EVM0053527",0,2,1,3,1536,"Pentose phosphate pathway","KEGG"
"EVM0053528",0,2,3,12,276,"Biosynthesis of secondary metabolites","KEGG"
"EVM0053528",0,2,3,12,276,"Metabolic pathways","KEGG"
"EVM0053528",0,2,3,12,276,"Phenylpropanoid biosynthesis","KEGG"
"EVM0053531",0,3,4,6,1219,"Bacterial invasion of epithelial cells","KEGG"
"EVM0053531",0,3,4,6,1219,"Cadherin signaling","KEGG"
"EVM0053531",0,3,4,6,1219,"Endocytosis","KEGG"
"EVM0053531",0,3,4,6,1219,"IgSF CAM signaling","KEGG"
"EVM0053610",0,9,0,2,398,"Ribosome","KEGG"
"EVM0053714",0,19,0,5,558,"Ribosome","KEGG"
"EVM0053740",6,13,1,1,1275,"Biosynthesis of secondary metabolites","KEGG"
"EVM0053740",6,13,1,1,1275,"Terpenoid backbone biosynthesis","KEGG"
"EVM0053746",9,22,3,0,1435,"mRNA surveillance pathway","KEGG"
"EVM0053845",3,40,11,60,2087,"Fatty acid biosynthesis","KEGG"
"EVM0053845",3,40,11,60,2087,"Fatty acid degradation","KEGG"
"EVM0053845",3,40,11,60,2087,"Fatty acid metabolism","KEGG"
"EVM0053845",3,40,11,60,2087,"Metabolic pathways","KEGG"
"EVM0053845",3,40,11,60,2087,"Peroxisome","KEGG"
"EVM0053878",2,24,4,11,491,"Biosynthesis of secondary metabolites","KEGG"
"EVM0053878",2,24,4,11,491,"Biosynthesis of unsaturated fatty acids","KEGG"
"EVM0053878",2,24,4,11,491,"Fatty acid elongation","KEGG"
"EVM0053878",2,24,4,11,491,"Fatty acid metabolism","KEGG"
"EVM0053878",2,24,4,11,491,"Metabolic pathways","KEGG"
"EVM0053922",8,33,2,11,2016,"Lysine degradation","KEGG"
"EVM0053922",8,33,2,11,2016,"Metabolic pathways","KEGG"
"EVM0053930",12,6,11,6,995,"Ribosome","KEGG"
"EVM0053958",0,3,0,1,374,"Ribosome","KEGG"
"EVM0053975",4,15,5,19,1842,"Glycerolipid metabolism","KEGG"
"EVM0053975",4,15,5,19,1842,"Metabolic pathways","KEGG"
"EVM0054042",4,25,1,4,421,"Ribosome","KEGG"
"EVM0054090",3,44,0,14,2163,"Plant-pathogen interaction","KEGG"
"EVM0054090",3,44,0,14,2163,"Protein processing in endoplasmic reticulum","KEGG"
"EVM0054175",9,33,2,10,790,"Ascorbate and aldarate metabolism","KEGG"
"EVM0054175",9,33,2,10,790,"Biosynthesis of cofactors","KEGG"
"EVM0054175",9,33,2,10,790,"Biosynthesis of secondary metabolites","KEGG"
"EVM0054175",9,33,2,10,790,"Glycerolipid metabolism","KEGG"
"EVM0054175",9,33,2,10,790,"Glycolysis / Gluconeogenesis","KEGG"
"EVM0054175",9,33,2,10,790,"Metabolic pathways","KEGG"
"EVM0054175",9,33,2,10,790,"Pentose and glucuronate interconversions","KEGG"
"EVM0054175",9,33,2,10,790,"Pyruvate metabolism","KEGG"
"EVM0054263",6,55,2,18,2868,"RNA degradation","KEGG"
"EVM0054470",8,42,4,12,1175,"Amino acid biosynthesis","Reactome"
"EVM0054470",8,42,4,12,1175,"Amino acid metabolism","Reactome"
"EVM0054470",8,42,4,12,1175,"Biosynthesis of amino acids","KEGG"
"EVM0054470",8,42,4,12,1175,"Biosynthesis of secondary metabolites","KEGG"
"EVM0054470",8,42,4,12,1175,"Cysteine and methionine metabolism","KEGG"
"EVM0054470",8,42,4,12,1175,"Metabolic pathways","KEGG"
"EVM0054470",8,42,4,12,1175,"Metabolism and regulation","Reactome"
"EVM0054470",8,42,4,12,1175,"Methionine biosynthesis II","Reactome"
"EVM0054470",8,42,4,12,1175,"Selenocompound metabolism","KEGG"
"EVM0054485",8,47,3,15,1662,"Nucleocytoplasmic transport","KEGG"
"EVM0054565",4,8,4,13,1118,"Ubiquitin mediated proteolysis","KEGG"
"EVM0054591",2,1,3,5,583,"Nucleocytoplasmic transport","KEGG"
"EVM0054634",1,32,2,10,774,"Proteasome","KEGG"
"EVM0054667",0,25,1,9,1733,"Alanine, aspartate and glutamate metabolism","KEGG"
"EVM0054667",0,25,1,9,1733,"Biosynthesis of amino acids","KEGG"
"EVM0054667",0,25,1,9,1733,"Biosynthesis of secondary metabolites","KEGG"
"EVM0054667",0,25,1,9,1733,"Metabolic pathways","KEGG"
"EVM0054674",0,5,0,15,1045,"Hormone signaling, transport, and metabolism","Reactome"
"EVM0054674",0,5,0,15,1045,"Metabolism and regulation","Reactome"
"EVM0054674",0,5,0,15,1045,"Salicylic acid signaling","Reactome"
"EVM0054688",8,4,7,11,4934,"Inositol phosphate metabolism","KEGG"
"EVM0054688",8,4,7,11,4934,"Lysosome biogenesis","KEGG"
"EVM0054688",8,4,7,11,4934,"Metabolic pathways","KEGG"
"EVM0054688",8,4,7,11,4934,"Phagosome","KEGG"
"EVM0054688",8,4,7,11,4934,"Phosphatidylinositol signaling system","KEGG"
"EVM0054720",3,3,6,11,1689,"Auxin signalling","Reactome"
"EVM0054720",3,3,6,11,1689,"Growth and developmental processes","Reactome"
"EVM0054720",3,3,6,11,1689,"Hormone signaling, transport, and metabolism","Reactome"
"EVM0054720",3,3,6,11,1689,"Metabolism and regulation","Reactome"
"EVM0054720",3,3,6,11,1689,"Regulation of seed size","Reactome"
"EVM0054720",3,3,6,11,1689,"Reproductive structure development","Reactome"
"EVM0054720",3,3,6,11,1689,"Seed development","Reactome"
"EVM0054807",1,1,2,4,1547,"Biosynthesis of secondary metabolites","KEGG"
"EVM0054807",1,1,2,4,1547,"Metabolic pathways","KEGG"
"EVM0054807",1,1,2,4,1547,"Steroid biosynthesis","KEGG"
"EVM0054815",3,1,7,14,1082,"Biosynthesis of cofactors","KEGG"
"EVM0054815",3,1,7,14,1082,"Folate biosynthesis","KEGG"
"EVM0054815",3,1,7,14,1082,"Metabolic pathways","KEGG"
"EVM0054848",0,62,0,18,3534,"Nucleotide excision repair","KEGG"
"EVM0054848",0,62,0,18,3534,"RNA polymerase","KEGG"
"EVM0054861",3,19,1,6,2835,"Motor proteins","KEGG"
"EVM0055065",8,18,2,7,807,"Biosynthesis of cofactors","KEGG"
"EVM0055065",8,18,2,7,807,"Biosynthesis of secondary metabolites","KEGG"
"EVM0055065",8,18,2,7,807,"Metabolic pathways","KEGG"
"EVM0055065",8,18,2,7,807,"Ubiquinone and other terpenoid-quinone biosynthesis","KEGG"
"EVM0055066",3,16,3,6,2244,"Lysosome biogenesis","KEGG"
"EVM0055066",3,16,3,6,2244,"Metabolic pathways","KEGG"
"EVM0055066",3,16,3,6,2244,"Oxidative phosphorylation","KEGG"
"EVM0055066",3,16,3,6,2244,"Phagosome","KEGG"
"EVM0055077",0,4,1,5,1392,"Cofactor biosyntheses","Reactome"
"EVM0055077",0,4,1,5,1392,"Metabolism and regulation","Reactome"
"EVM0055077",0,4,1,5,1392,"Methylerythritol phosphate pathway","Reactome"
"EVM0055129",0,4,3,12,1710,"Cutin, suberine and wax biosynthesis","KEGG"
"EVM0055184",15,40,10,27,3560,"Motor proteins","KEGG"
"EVM0055222",3,41,0,15,1256,"Amino sugar and nucleotide sugar metabolism","KEGG"
"EVM0055222",3,41,0,15,1256,"Biosynthesis of nucleotide sugars","KEGG"
"EVM0055222",3,41,0,15,1256,"Carbohydrate metabolism","Reactome"
"EVM0055222",3,41,0,15,1256,"GDP-D-rhamnose biosynthesis","Reactome"
"EVM0055222",3,41,0,15,1256,"GDP-L-fucose biosynthesis I (from GDP-D-mannose)","Reactome"
"EVM0055222",3,41,0,15,1256,"Metabolic pathways","KEGG"
"EVM0055222",3,41,0,15,1256,"Metabolism and regulation","Reactome"
"EVM0055222",3,41,0,15,1256,"UDP-L-arabinose biosynthesis and transport","Reactome"
"EVM0055240",22,45,4,9,1019,"Biosynthesis of cofactors","KEGG"
"EVM0055240",22,45,4,9,1019,"Biosynthesis of secondary metabolites","KEGG"
"EVM0055240",22,45,4,9,1019,"Metabolic pathways","KEGG"
"EVM0055240",22,45,4,9,1019,"Riboflavin metabolism","KEGG"
"EVM0055258",3,10,3,2,687,"Lysosome biogenesis","KEGG"
"EVM0055258",3,10,3,2,687,"Metabolic pathways","KEGG"
"EVM0055258",3,10,3,2,687,"Oxidative phosphorylation","KEGG"
"EVM0055258",3,10,3,2,687,"Phagosome","KEGG"
"EVM0055312",6,65,2,26,1299,"Carbohydrate metabolism","Reactome"
"EVM0055312",6,65,2,26,1299,"Metabolism and regulation","Reactome"
"EVM0055312",6,65,2,26,1299,"Xylan biosynthesis","Reactome"
"EVM0055349",6,29,2,7,1341,"Amino acid biosynthesis","Reactome"
"EVM0055349",6,29,2,7,1341,"Amino acid metabolism","Reactome"
"EVM0055349",6,29,2,7,1341,"Metabolism and regulation","Reactome"
"EVM0055349",6,29,2,7,1341,"Tryptophan biosynthesis","Reactome"
"EVM0055362",0,3,2,9,1542,"Other types of O-glycan biosynthesis","KEGG"
"EVM0055421",6,11,0,2,549,"Ubiquitin mediated proteolysis","KEGG"
"EVM0055527",13,32,8,16,2850,"Aminoacyl-tRNA biosynthesis","KEGG"
"EVM0055584",5,34,6,14,1226,"Biosynthesis of cofactors","KEGG"
"EVM0055584",5,34,6,14,1226,"Biosynthesis of secondary metabolites","KEGG"
"EVM0055584",5,34,6,14,1226,"Cofactor biosyntheses","Reactome"
"EVM0055584",5,34,6,14,1226,"Metabolic pathways","KEGG"
"EVM0055584",5,34,6,14,1226,"Metabolism and regulation","Reactome"
"EVM0055584",5,34,6,14,1226,"Porphyrin metabolism","KEGG"
"EVM0055584",5,34,6,14,1226,"Tetrapyrrole biosynthesis I","Reactome"
"EVM0055789",4,36,6,21,1204,"Metabolic pathways","KEGG"
"EVM0055789",4,36,6,21,1204,"N-Glycan biosynthesis","KEGG"
"EVM0055789",4,36,6,21,1204,"Various types of N-glycan biosynthesis","KEGG"
"EVM0055828",11,17,14,39,414,"Biosynthesis of secondary metabolites","KEGG"
"EVM0055828",11,17,14,39,414,"Metabolic pathways","KEGG"
"EVM0055828",11,17,14,39,414,"Phenylpropanoid biosynthesis","KEGG"
"EVM0055851",0,10,0,12,1139,"Amino acid biosynthesis","Reactome"
"EVM0055851",0,10,0,12,1139,"Amino acid metabolism","Reactome"
"EVM0055851",0,10,0,12,1139,"Biosynthesis of amino acids","KEGG"
"EVM0055851",0,10,0,12,1139,"Biosynthesis of secondary metabolites","KEGG"
"EVM0055851",0,10,0,12,1139,"Glycine, serine and threonine metabolism","KEGG"
"EVM0055851",0,10,0,12,1139,"Metabolic pathways","KEGG"
"EVM0055851",0,10,0,12,1139,"Metabolism and regulation","Reactome"
"EVM0055851",0,10,0,12,1139,"Phenylalanine, tyrosine and tryptophan biosynthesis","KEGG"
"EVM0055851",0,10,0,12,1139,"Tryptophan biosynthesis","Reactome"
"EVM0055895",4,44,2,16,1762,"Cofactor biosyntheses","Reactome"
"EVM0055895",4,44,2,16,1762,"Metabolism and regulation","Reactome"
"EVM0055895",4,44,2,16,1762,"Methylerythritol phosphate pathway","Reactome"
"EVM0055895",4,44,2,16,1762,"Pyridoxal 5'-phosphate biosynthesis","Reactome"
"EVM0055895",4,44,2,16,1762,"Thiamine biosynthesis","Reactome"
"EVM0055928",5,32,3,11,1757,"Ubiquitin mediated proteolysis","KEGG"
"EVM0055991",0,19,1,15,873,"Hormone signaling, transport, and metabolism","Reactome"
"EVM0055991",0,19,1,15,873,"Metabolism and regulation","Reactome"
"EVM0055991",0,19,1,15,873,"Plant hormone signal transduction","KEGG"
"EVM0055991",0,19,1,15,873,"Salicylic acid signaling","Reactome"
"EVM0056079",6,16,10,9,1762,"Protein processing in endoplasmic reticulum","KEGG"
"EVM0056244",3,14,0,14,1652,"Metabolic pathways","KEGG"
"EVM0056244",3,14,0,14,1652,"N-Glycan biosynthesis","KEGG"
"EVM0056244",3,14,0,14,1652,"Various types of N-glycan biosynthesis","KEGG"
"EVM0056369",3,23,3,10,1182,"Ether lipid metabolism","KEGG"
"EVM0056369",3,23,3,10,1182,"Glycerophospholipid metabolism","KEGG"
"EVM0056369",3,23,3,10,1182,"Metabolic pathways","KEGG"
"EVM0056433",2,3,6,4,891,"Aminoacyl-tRNA biosynthesis","KEGG"
"EVM0056455",0,22,0,6,1289,"ATP-dependent chromatin remodeling","KEGG"
"EVM0056495",4,7,1,27,100,"2-Oxocarboxylic acid metabolism","KEGG"
"EVM0056495",4,7,1,27,100,"Amino acid biosynthesis","Reactome"
"EVM0056495",4,7,1,27,100,"Amino acid metabolism","Reactome"
"EVM0056495",4,7,1,27,100,"Biosynthesis of amino acids","KEGG"
"EVM0056495",4,7,1,27,100,"Biosynthesis of secondary metabolites","KEGG"
"EVM0056495",4,7,1,27,100,"Carbon metabolism","KEGG"
"EVM0056495",4,7,1,27,100,"Citrate cycle","KEGG"
"EVM0056495",4,7,1,27,100,"Generation of precursor metabolites and energy","Reactome"
"EVM0056495",4,7,1,27,100,"Leucine biosynthesis","Reactome"
"EVM0056495",4,7,1,27,100,"Metabolic pathways","KEGG"
"EVM0056495",4,7,1,27,100,"Metabolism and regulation","Reactome"
"EVM0056495",4,7,1,27,100,"TCA cycle (plant)","Reactome"
"EVM0056509",56,47,26,15,2948,"Mismatch repair","KEGG"
"EVM0056516",2,68,10,30,3014,"Motor proteins","KEGG"
"EVM0056532",0,7,2,14,898,"Spliceosome","KEGG"
"EVM0056553",3,102,0,22,2438,"Endocytosis","KEGG"
"EVM0056553",3,102,0,22,2438,"Inositol phosphate metabolism","KEGG"
"EVM0056553",3,102,0,22,2438,"Metabolic pathways","KEGG"
"EVM0056553",3,102,0,22,2438,"Phosphatidylinositol signaling system","KEGG"
"EVM0056725",0,5,0,2,360,"Ubiquitin mediated proteolysis","KEGG"
"EVM0056757",5,17,14,11,1554,"Gravitropism under normal or artificial gravity environments","Reactome"
"EVM0056757",5,17,14,11,1554,"Regulation of seed germination and coleoptile growth under submergence and normal gravity environment","Reactome"
"EVM0056757",5,17,14,11,1554,"Responses to stimuli: abiotic stimuli and stresses","Reactome"
"EVM0056764",3,43,0,7,2567,"Brassinosteroid signaling","Reactome"
"EVM0056764",3,43,0,7,2567,"Growth and developmental processes","Reactome"
"EVM0056764",3,43,0,7,2567,"Hormone signaling, transport, and metabolism","Reactome"
"EVM0056764",3,43,0,7,2567,"Metabolism and regulation","Reactome"
"EVM0056764",3,43,0,7,2567,"Regulation of seed size","Reactome"
"EVM0056764",3,43,0,7,2567,"Reproductive structure development","Reactome"
"EVM0056764",3,43,0,7,2567,"Seed development","Reactome"
"EVM0056782",9,3,2,5,1104,"Fanconi anemia pathway","KEGG"
"EVM0056782",9,3,2,5,1104,"Homologous recombination","KEGG"
"EVM0056783",3,14,5,12,792,"Spliceosome","KEGG"
"EVM0056863",0,3,3,6,2565,"Protein export","KEGG"
"EVM0056900",6,21,14,16,4140,"Biosynthesis of secondary metabolites","KEGG"
"EVM0056900",6,21,14,16,4140,"Metabolic pathways","KEGG"
"EVM0056900",6,21,14,16,4140,"Purine metabolism","KEGG"
"EVM0056908",0,15,1,8,1935,"Endocytosis","KEGG"
"EVM0056908",0,15,1,8,1935,"Protein processing in endoplasmic reticulum","KEGG"
"EVM0056908",0,15,1,8,1935,"Spliceosome","KEGG"
"EVM0056969",3,25,8,33,1309,"Biosynthesis of secondary metabolites","KEGG"
"EVM0056969",3,25,8,33,1309,"Metabolic pathways","KEGG"
"EVM0056969",3,25,8,33,1309,"Metabolism and regulation","Reactome"
"EVM0056969",3,25,8,33,1309,"Phenylpropanoid biosynthesis","KEGG;Reactome"
"EVM0056969",3,25,8,33,1309,"Secondary metabolism","Reactome"
"EVM0056999",0,9,1,5,667,"Circadian rhythm - plant","KEGG"
"EVM0056999",0,9,1,5,667,"Polycomb repressive complex","KEGG"
"EVM0056999",0,9,1,5,667,"Ribosome biogenesis in eukaryotes","KEGG"
"EVM0057040",2,17,4,15,899,"Amino acid biosynthesis","Reactome"
"EVM0057040",2,17,4,15,899,"Amino acid metabolism","Reactome"
"EVM0057040",2,17,4,15,899,"Biosynthesis of secondary metabolites","KEGG"
"EVM0057040",2,17,4,15,899,"Cysteine and methionine metabolism","KEGG"
"EVM0057040",2,17,4,15,899,"Folate transport and metabolism","KEGG"
"EVM0057040",2,17,4,15,899,"Metabolic pathways","KEGG"
"EVM0057040",2,17,4,15,899,"Metabolism and regulation","Reactome"
"EVM0057040",2,17,4,15,899,"Methionine biosynthesis II","Reactome"
"EVM0057040",2,17,4,15,899,"One carbon pool by folate","KEGG"
"EVM0057040",2,17,4,15,899,"S-methylmethionine cycle","Reactome"
"EVM0057106",0,9,0,4,329,"Glutathione metabolism","KEGG"
"EVM0057106",0,9,0,4,329,"Metabolic pathways","KEGG"
"EVM0057159",5,32,3,19,1998,"Biosynthesis of nucleotide sugars","KEGG"
"EVM0057159",5,32,3,19,1998,"Biosynthesis of various nucleotide sugars","KEGG"
"EVM0057159",5,32,3,19,1998,"Metabolic pathways","KEGG"
"EVM0057174",7,18,5,15,476,"Biosynthesis of secondary metabolites","KEGG"
"EVM0057174",7,18,5,15,476,"Metabolic pathways","KEGG"
"EVM0057174",7,18,5,15,476,"Phenylpropanoid biosynthesis","KEGG"
"EVM0057180",0,36,0,15,2150,"Biosynthesis of secondary metabolites","KEGG"
"EVM0057180",0,36,0,15,2150,"Glycine, serine and threonine metabolism","KEGG"
"EVM0057180",0,36,0,15,2150,"Isoquinoline alkaloid biosynthesis","KEGG"
"EVM0057180",0,36,0,15,2150,"Metabolic pathways","KEGG"
"EVM0057180",0,36,0,15,2150,"Phenylalanine metabolism","KEGG"
"EVM0057180",0,36,0,15,2150,"Tropane, piperidine and pyridine alkaloid biosynthesis","KEGG"
"EVM0057180",0,36,0,15,2150,"Tyrosine metabolism","KEGG"
"EVM0057180",0,36,0,15,2150,"beta-Alanine metabolism","KEGG"
"EVM0057206",7,16,3,9,800,"Nicotinate and nicotinamide metabolism","KEGG"
"EVM0057206",7,16,3,9,800,"Purine metabolism","KEGG"
"EVM0057329",5,32,1,11,1345,"Non-homologous end-joining","KEGG"
"EVM0057414",2,71,0,23,1708,"mRNA surveillance pathway","KEGG"
"EVM0057480",10,57,7,12,1223,"Endocytosis","KEGG"
"EVM0057589",4,11,2,12,2025,"Biosynthesis of nucleotide sugars","KEGG"
"EVM0057589",4,11,2,12,2025,"Biosynthesis of various nucleotide sugars","KEGG"
"EVM0057589",4,11,2,12,2025,"Carbohydrate metabolism","Reactome"
"EVM0057589",4,11,2,12,2025,"GDP-D-rhamnose biosynthesis","Reactome"
"EVM0057589",4,11,2,12,2025,"GDP-L-fucose biosynthesis I (from GDP-D-mannose)","Reactome"
"EVM0057589",4,11,2,12,2025,"Metabolic pathways","KEGG"
"EVM0057589",4,11,2,12,2025,"Metabolism and regulation","Reactome"
"EVM0057726",0,2,3,5,261,"Response to salinity","Reactome"
"EVM0057726",0,2,3,5,261,"Responses to stimuli: abiotic stimuli and stresses","Reactome"
"EVM0057726",0,2,3,5,261,"TF network involved in salinity response","Reactome"
"EVM0057756",4,2,3,15,3414,"Brassinosteroid signaling","Reactome"
"EVM0057756",4,2,3,15,3414,"Gravitropism under normal or artificial gravity environments","Reactome"
"EVM0057756",4,2,3,15,3414,"Growth and developmental processes","Reactome"
"EVM0057756",4,2,3,15,3414,"Hormone signaling, transport, and metabolism","Reactome"
"EVM0057756",4,2,3,15,3414,"Jasmonic acid signaling","Reactome"
"EVM0057756",4,2,3,15,3414,"Metabolism and regulation","Reactome"
"EVM0057756",4,2,3,15,3414,"Regulation of seed size","Reactome"
"EVM0057756",4,2,3,15,3414,"Reproductive meristem phase change","Reactome"
"EVM0057756",4,2,3,15,3414,"Reproductive structure development","Reactome"
"EVM0057756",4,2,3,15,3414,"Responses to stimuli: abiotic stimuli and stresses","Reactome"
"EVM0057756",4,2,3,15,3414,"Seed development","Reactome"
"EVM0057756",4,2,3,15,3414,"Shoot gravitropism: development, growth, and architecture of shoot in response to gravity","Reactome"
"EVM0057756",4,2,3,15,3414,"Strigolactone signaling","Reactome"
"EVM0057789",0,3,0,13,426,"RNA degradation","KEGG"
"EVM0057789",0,3,0,13,426,"Spliceosome","KEGG"
"EVM0057812",0,13,2,6,906,"Biosynthesis of cofactors","KEGG"
"EVM0057812",0,13,2,6,906,"Biosynthesis of secondary metabolites","KEGG"
"EVM0057812",0,13,2,6,906,"Cofactor biosyntheses","Reactome"
"EVM0057812",0,13,2,6,906,"Metabolic pathways","KEGG"
"EVM0057812",0,13,2,6,906,"Metabolism and regulation","Reactome"
"EVM0057812",0,13,2,6,906,"Porphyrin metabolism","KEGG"
"EVM0057812",0,13,2,6,906,"Tetrapyrrole biosynthesis I","Reactome"
"EVM0057815",6,21,4,16,1604,"Glycosaminoglycan degradation","KEGG"
"EVM0057815",6,21,4,16,1604,"Metabolic pathways","KEGG"
"EVM0057831",0,32,8,22,2285,"Protein processing in endoplasmic reticulum","KEGG"
"EVM0057851",4,24,6,14,2023,"Ubiquitin mediated proteolysis","KEGG"
"EVM0057926",0,14,0,3,397,"Ribosome","KEGG"
"EVM0057968",6,78,3,18,2091,"Motor proteins","KEGG"
"EVM0058155",0,30,0,13,1008,"Proteasome","KEGG"
"EVM0058172",12,53,4,24,1677,"Carbohydrate metabolism","Reactome"
"EVM0058172",12,53,4,24,1677,"Metabolic pathways","KEGG"
"EVM0058172",12,53,4,24,1677,"Metabolism and regulation","Reactome"
"EVM0058172",12,53,4,24,1677,"Pentose and glucuronate interconversions","KEGG"
"EVM0058172",12,53,4,24,1677,"Xylose degradation","Reactome"
"EVM0058303",0,24,1,14,1041,"Base excision repair","KEGG"
"EVM0058312",0,18,0,4,725,"Spliceosome","KEGG"
"EVM0058388",0,4,0,14,1082,"mRNA surveillance pathway","KEGG"
"EVM0058431",2,26,7,17,949,"Biosynthesis of secondary metabolites","KEGG"
"EVM0058431",2,26,7,17,949,"Carbon metabolism","KEGG"
"EVM0058431",2,26,7,17,949,"Glutathione metabolism","KEGG"
"EVM0058431",2,26,7,17,949,"Metabolic pathways","KEGG"
"EVM0058431",2,26,7,17,949,"Pentose phosphate pathway","KEGG"
"EVM0058566",0,14,2,7,501,"Biosynthesis of secondary metabolites","KEGG"
"EVM0058566",0,14,2,7,501,"Carotenoid biosynthesis","KEGG;Reactome"
"EVM0058566",0,14,2,7,501,"Metabolic pathways","KEGG"
"EVM0058566",0,14,2,7,501,"Metabolism and regulation","Reactome"
"EVM0058566",0,14,2,7,501,"Secondary metabolism","Reactome"
"EVM0058582",3,25,2,11,1217,"Biosynthesis of secondary metabolites","KEGG"
"EVM0058582",3,25,2,11,1217,"Flavonoid biosynthesis","KEGG"
"EVM0058582",3,25,2,11,1217,"Metabolic pathways","KEGG"
"EVM0058582",3,25,2,11,1217,"Phenylpropanoid biosynthesis","KEGG"
"EVM0058582",3,25,2,11,1217,"Stilbenoid, diarylheptanoid and gingerol biosynthesis","KEGG"
"EVM0058582",3,25,2,11,1217,"Ubiquinone and other terpenoid-quinone biosynthesis","KEGG"
"EVM0058656",4,35,6,15,958,"Arachidonic acid metabolism","KEGG"
"EVM0058656",4,35,6,15,958,"Cyanoamino acid metabolism","KEGG"
"EVM0058656",4,35,6,15,958,"Glutathione metabolism","KEGG"
"EVM0058656",4,35,6,15,958,"Metabolic pathways","KEGG"
"EVM0058656",4,35,6,15,958,"Taurine and hypotaurine metabolism","KEGG"
"EVM0058675",0,12,0,8,1224,"Biosynthesis of secondary metabolites","KEGG"
"EVM0058675",0,12,0,8,1224,"Carbon metabolism","KEGG"
"EVM0058675",0,12,0,8,1224,"Citrate cycle","KEGG"
"EVM0058675",0,12,0,8,1224,"Generation of precursor metabolites and energy","Reactome"
"EVM0058675",0,12,0,8,1224,"Metabolic pathways","KEGG"
"EVM0058675",0,12,0,8,1224,"Metabolism and regulation","Reactome"
"EVM0058675",0,12,0,8,1224,"Propanoate metabolism","KEGG"
"EVM0058675",0,12,0,8,1224,"TCA cycle (plant)","Reactome"
"EVM0058722",1,4,1,7,2061,"Activation of pre-replication complex","Reactome"
"EVM0058722",1,4,1,7,2061,"Assembly of pre-replication complex","Reactome"
"EVM0058722",1,4,1,7,2061,"Cell cycle","Reactome"
"EVM0058722",1,4,1,7,2061,"Cellular processes","Reactome"
"EVM0058722",1,4,1,7,2061,"DNA replication","KEGG"
"EVM0058722",1,4,1,7,2061,"DNA replication Initiation","Reactome"
"EVM0058722",1,4,1,7,2061,"G1/S transition","Reactome"
"EVM0058722",1,4,1,7,2061,"Mitosis","Reactome"
"EVM0058722",1,4,1,7,2061,"S phase","Reactome"
"EVM0058722",1,4,1,7,2061,"Synthesis of DNA","Reactome"
"EVM0058737",0,3,0,2,219,"Metabolic pathways","KEGG"
"EVM0058737",0,3,0,2,219,"Oxidative phosphorylation","KEGG"
"EVM0058768",0,15,1,6,1725,"Metabolic pathways","KEGG"
"EVM0058768",0,15,1,6,1725,"Oxidative phosphorylation","KEGG"
"EVM0058802",0,1,5,7,2098,"Biosynthesis of secondary metabolites","KEGG"
"EVM0058802",0,1,5,7,2098,"Metabolic pathways","KEGG"
"EVM0058802",0,1,5,7,2098,"Starch and sucrose metabolism","KEGG"
"EVM0058817",5,32,6,20,1430,"Aminoacyl-tRNA biosynthesis","KEGG"
"EVM0058817",5,32,6,20,1430,"Biosynthesis of cofactors","KEGG"
"EVM0058817",5,32,6,20,1430,"Biosynthesis of secondary metabolites","KEGG"
"EVM0058817",5,32,6,20,1430,"Metabolic pathways","KEGG"
"EVM0058817",5,32,6,20,1430,"Porphyrin metabolism","KEGG"
"EVM0058887",8,18,2,19,3784,"Homologous recombination","KEGG"
"EVM0058887",8,18,2,19,3784,"Non-homologous end-joining","KEGG"
"EVM0058898",0,21,1,23,2850,"2-Oxocarboxylic acid metabolism","KEGG"
"EVM0058898",0,21,1,23,2850,"Biosynthesis of secondary metabolites","KEGG"
"EVM0058898",0,21,1,23,2850,"Carbon metabolism","KEGG"
"EVM0058898",0,21,1,23,2850,"Citrate cycle","KEGG"
"EVM0058898",0,21,1,23,2850,"Lipoic acid metabolism","KEGG"
"EVM0058898",0,21,1,23,2850,"Metabolic pathways","KEGG"
"EVM0058953",0,12,0,4,893,"Proteasome","KEGG"
"EVM0058969",13,93,2,15,1573,"Biosynthesis of secondary metabolites","KEGG"
"EVM0058969",13,93,2,15,1573,"Carbohydrate metabolism","Reactome"
"EVM0058969",13,93,2,15,1573,"Glycerol degradation I","Reactome"
"EVM0058969",13,93,2,15,1573,"Glycerolipid metabolism","KEGG"
"EVM0058969",13,93,2,15,1573,"Metabolic pathways","KEGG"
"EVM0058969",13,93,2,15,1573,"Metabolism and regulation","Reactome"
"EVM0058969",13,93,2,15,1573,"Plant-pathogen interaction","KEGG"
"EVM0059093",0,8,0,5,1464,"RNA degradation","KEGG"
"EVM0059131",10,21,7,18,1557,"Biosynthesis of secondary metabolites","KEGG"
"EVM0059131",10,21,7,18,1557,"Cutin, suberine and wax biosynthesis","KEGG"
"EVM0059131",10,21,7,18,1557,"Glycerolipid metabolism","KEGG"
"EVM0059131",10,21,7,18,1557,"Metabolic pathways","KEGG"
"EVM0059136",2,1,1,4,381,"Fanconi anemia pathway","KEGG"
"EVM0059160",1,15,0,5,582,"SNARE interactions in vesicular transport","KEGG"
"EVM0059163",3,30,1,16,1261,"Glycerolipid metabolism","KEGG"
"EVM0059163",3,30,1,16,1261,"Metabolic pathways","KEGG"
"EVM0059237",7,46,1,14,1366,"Alanine, aspartate and glutamate metabolism","KEGG"
"EVM0059237",7,46,1,14,1366,"Amino acid biosynthesis","Reactome"
"EVM0059237",7,46,1,14,1366,"Amino acid metabolism","Reactome"
"EVM0059237",7,46,1,14,1366,"Arginine biosynthesis","KEGG;Reactome"
"EVM0059237",7,46,1,14,1366,"Arginine biosynthesis II (acetyl cycle)","Reactome"
"EVM0059237",7,46,1,14,1366,"Biosynthesis of amino acids","KEGG"
"EVM0059237",7,46,1,14,1366,"Biosynthesis of secondary metabolites","KEGG"
"EVM0059237",7,46,1,14,1366,"Canavanine biosynthesis","Reactome"
"EVM0059237",7,46,1,14,1366,"Citrulline-nitric oxide cycle","Reactome"
"EVM0059237",7,46,1,14,1366,"Metabolic pathways","KEGG"
"EVM0059237",7,46,1,14,1366,"Metabolism and regulation","Reactome"
"EVM0059246",0,27,4,19,1725,"Carbon metabolism","KEGG"
"EVM0059246",0,27,4,19,1725,"Metabolic pathways","KEGG"
"EVM0059246",0,27,4,19,1725,"One carbon pool by folate","KEGG"
"EVM0059252",4,9,0,2,491,"Fanconi anemia pathway","KEGG"
"EVM0059291",8,81,6,22,1662,"Amino sugar and nucleotide sugar metabolism","KEGG"
"EVM0059291",8,81,6,22,1662,"Ascorbate biosynthesis","Reactome"
"EVM0059291",8,81,6,22,1662,"Biosynthesis of nucleotide sugars","KEGG"
"EVM0059291",8,81,6,22,1662,"Biosynthesis of secondary metabolites","KEGG"
"EVM0059291",8,81,6,22,1662,"Carbohydrate metabolism","Reactome"
"EVM0059291",8,81,6,22,1662,"Carbon metabolism","KEGG"
"EVM0059291",8,81,6,22,1662,"Cofactor biosyntheses","Reactome"
"EVM0059291",8,81,6,22,1662,"Cytosolic glycolysis","Reactome"
"EVM0059291",8,81,6,22,1662,"Glycolysis / Gluconeogenesis","KEGG"
"EVM0059291",8,81,6,22,1662,"Metabolic pathways","KEGG"
"EVM0059291",8,81,6,22,1662,"Metabolism and regulation","Reactome"
"EVM0059291",8,81,6,22,1662,"Pentose phosphate pathway","KEGG"
"EVM0059291",8,81,6,22,1662,"Starch and sucrose metabolism","KEGG"
"EVM0059293",4,23,2,6,843,"Biosynthesis of secondary metabolites","KEGG"
"EVM0059293",4,23,2,6,843,"Metabolic pathways","KEGG"
"EVM0059293",4,23,2,6,843,"Purine metabolism","KEGG"
"EVM0059324",4,26,3,7,1090,"Nucleotide excision repair","KEGG"
"EVM0059324",4,26,3,7,1090,"Ubiquitin mediated proteolysis","KEGG"
"EVM0059337",10,5,11,16,1216,"Hormone signaling, transport, and metabolism","Reactome"
"EVM0059337",10,5,11,16,1216,"Metabolism and regulation","Reactome"
"EVM0059337",10,5,11,16,1216,"Salicylic acid signaling","Reactome"
"EVM0059355",0,7,0,2,559,"mRNA surveillance pathway","KEGG"
"EVM0059395",0,6,1,4,1017,"Metabolic pathways","KEGG"
"EVM0059395",0,6,1,4,1017,"Nucleotide metabolism","KEGG"
"EVM0059395",0,6,1,4,1017,"Purine metabolism","KEGG"
"EVM0059408",7,42,3,8,865,"Biosynthesis of secondary metabolites","KEGG"
"EVM0059408",7,42,3,8,865,"Metabolic pathways","KEGG"
"EVM0059408",7,42,3,8,865,"Purine metabolism","KEGG"
"EVM0059482",3,23,6,9,755,"Peroxisome","KEGG"
"EVM0059498",2,24,3,8,877,"N-Glycan biosynthesis","KEGG"
"EVM0059498",2,24,3,8,877,"Protein processing in endoplasmic reticulum","KEGG"
"EVM0059498",2,24,3,8,877,"Various types of N-glycan biosynthesis","KEGG"
"EVM0059517",5,36,4,16,995,"Amino acid biosynthesis","Reactome"
"EVM0059517",5,36,4,16,995,"Amino acid metabolism","Reactome"
"EVM0059517",5,36,4,16,995,"Biosynthesis of amino acids","KEGG"
"EVM0059517",5,36,4,16,995,"Biosynthesis of secondary metabolites","KEGG"
"EVM0059517",5,36,4,16,995,"Lysine biosynthesis","KEGG"
"EVM0059517",5,36,4,16,995,"Lysine biosynthesis I","Reactome"
"EVM0059517",5,36,4,16,995,"Lysine biosynthesis II","Reactome"
"EVM0059517",5,36,4,16,995,"Lysine biosynthesis VI","Reactome"
"EVM0059517",5,36,4,16,995,"Metabolic pathways","KEGG"
"EVM0059517",5,36,4,16,995,"Metabolism and regulation","Reactome"
"EVM0059517",5,36,4,16,995,"Monobactam biosynthesis","KEGG"
"EVM0059546",1,13,1,22,2729,"Biosynthesis of secondary metabolites","KEGG"
"EVM0059546",1,13,1,22,2729,"Carbon metabolism","KEGG"
"EVM0059546",1,13,1,22,2729,"Glycine, serine and threonine metabolism","KEGG"
"EVM0059546",1,13,1,22,2729,"Glyoxylate and dicarboxylate metabolism","KEGG"
"EVM0059546",1,13,1,22,2729,"Lipoic acid metabolism","KEGG"
"EVM0059546",1,13,1,22,2729,"Metabolic pathways","KEGG"
"EVM0059546",1,13,1,22,2729,"Metabolism and regulation","Reactome"
"EVM0059546",1,13,1,22,2729,"One carbon pool by folate","KEGG"
"EVM0059546",1,13,1,22,2729,"Photorespiration","Reactome"
"EVM0059557",2,12,0,7,654,"Peroxisome","KEGG"
"EVM0059563",0,3,5,3,1107,"Ascorbate and aldarate metabolism","KEGG"
"EVM0059563",0,3,5,3,1107,"Biosynthesis of cofactors","KEGG"
"EVM0059563",0,3,5,3,1107,"Biosynthesis of secondary metabolites","KEGG"
"EVM0059563",0,3,5,3,1107,"Metabolic pathways","KEGG"
"EVM0059573",0,29,2,8,2017,"Base excision repair","KEGG"
"EVM0059573",0,29,2,8,2017,"Cell cycle","Reactome"
"EVM0059573",0,29,2,8,2017,"Cellular processes","Reactome"
"EVM0059573",0,29,2,8,2017,"DNA replication","KEGG"
"EVM0059573",0,29,2,8,2017,"Maturation","Reactome"
"EVM0059573",0,29,2,8,2017,"Mismatch repair","KEGG"
"EVM0059573",0,29,2,8,2017,"Mitosis","Reactome"
"EVM0059573",0,29,2,8,2017,"Nucleotide excision repair","KEGG"
"EVM0059573",0,29,2,8,2017,"S phase","Reactome"
"EVM0059573",0,29,2,8,2017,"Synthesis of DNA","Reactome"
"EVM0059603",0,5,1,8,1623,"Brassinosteroid signaling","Reactome"
"EVM0059603",0,5,1,8,1623,"Cornified envelope formation","KEGG"
"EVM0059603",0,5,1,8,1623,"Growth and developmental processes","Reactome"
"EVM0059603",0,5,1,8,1623,"Hormone signaling, transport, and metabolism","Reactome"
"EVM0059603",0,5,1,8,1623,"Metabolism and regulation","Reactome"
"EVM0059603",0,5,1,8,1623,"Regulation of seed size","Reactome"
"EVM0059603",0,5,1,8,1623,"Reproductive structure development","Reactome"
"EVM0059603",0,5,1,8,1623,"Seed development","Reactome"
"EVM0059603",0,5,1,8,1623,"mRNA surveillance pathway","KEGG"
"EVM0059652",2,24,1,15,1431,"Cutin, suberine and wax biosynthesis","KEGG"
"EVM0059652",2,24,1,15,1431,"Fatty acid degradation","KEGG"
"EVM0059652",2,24,1,15,1431,"Metabolic pathways","KEGG"
"EVM0059772",0,8,4,11,949,"Other types of O-glycan biosynthesis","KEGG"
"EVM0059786",4,57,3,13,970,"Metabolic pathways","KEGG"
"EVM0059786",4,57,3,13,970,"Sulfur metabolism","KEGG"
"EVM0059815",2,19,1,5,1166,"IgSF CAM signaling","KEGG"
"EVM0059815",2,19,1,5,1166,"Motor proteins","KEGG"
"EVM0059815",2,19,1,5,1166,"Phagosome","KEGG"
"EVM0059979",4,14,3,1,1185,"Proteasome","KEGG"
"EVM0060073",1,8,0,6,1305,"Galactose metabolism","KEGG"
"EVM0060073",1,8,0,6,1305,"Starch and sucrose metabolism","KEGG"
"EVM0060157",0,6,12,42,816,"ABC transporters","KEGG"
"EVM0060269",2,20,1,16,1854,"Hormone signaling, transport, and metabolism","Reactome"
"EVM0060269",2,20,1,16,1854,"Jasmonic acid signaling","Reactome"
"EVM0060269",2,20,1,16,1854,"Metabolism and regulation","Reactome"
"EVM0060378",41,84,13,40,6481,"ATP-dependent chromatin remodeling","KEGG"
"EVM0060379",3,50,1,6,2197,"Amino acid biosynthesis","Reactome"
"EVM0060379",3,50,1,6,2197,"Amino acid metabolism","Reactome"
"EVM0060379",3,50,1,6,2197,"Metabolism and regulation","Reactome"
"EVM0060379",3,50,1,6,2197,"Methionine biosynthesis II","Reactome"
"EVM0060379",3,50,1,6,2197,"S-adenosyl-L-methionine cycle","Reactome"
"EVM0060397",2,24,4,3,515,"Porphyrin metabolism","KEGG"
"EVM0060408",0,16,4,13,610,"Arginine and proline metabolism","KEGG"
"EVM0060408",0,16,4,13,610,"Metabolic pathways","KEGG"
"EVM0060418",14,102,13,47,2285,"Endocytosis","KEGG"
"EVM0060418",14,102,13,47,2285,"Inositol phosphate metabolism","KEGG"
"EVM0060418",14,102,13,47,2285,"Metabolic pathways","KEGG"
"EVM0060418",14,102,13,47,2285,"Phosphatidylinositol signaling system","KEGG"
"EVM0060442",0,1,0,8,564,"Endocytosis","KEGG"
"EVM0060442",0,1,0,8,564,"Lysosome biogenesis","KEGG"
"EVM0060824",2,72,0,18,1163,"Base excision repair","KEGG"
"EVM0060824",2,72,0,18,1163,"Cell cycle","Reactome"
"EVM0060824",2,72,0,18,1163,"Cellular processes","Reactome"
"EVM0060824",2,72,0,18,1163,"DNA replication","KEGG"
"EVM0060824",2,72,0,18,1163,"DNA strand Elongation","Reactome"
"EVM0060824",2,72,0,18,1163,"Homologous recombination","KEGG"
"EVM0060824",2,72,0,18,1163,"Lagging strand synthesis","Reactome"
"EVM0060824",2,72,0,18,1163,"Leading strand synthesis","Reactome"
"EVM0060824",2,72,0,18,1163,"Maturation","Reactome"
"EVM0060824",2,72,0,18,1163,"Mismatch repair","KEGG"
"EVM0060824",2,72,0,18,1163,"Mitosis","Reactome"
"EVM0060824",2,72,0,18,1163,"Nucleotide excision repair","KEGG"
"EVM0060824",2,72,0,18,1163,"S phase","Reactome"
"EVM0060824",2,72,0,18,1163,"Synthesis of DNA","Reactome"
"EVM0060992",11,38,7,13,875,"Amino acid catabolism","Reactome"
"EVM0060992",11,38,7,13,875,"Amino acid metabolism","Reactome"
"EVM0060992",11,38,7,13,875,"Biosynthesis of amino acids","KEGG"
"EVM0060992",11,38,7,13,875,"Biosynthesis of secondary metabolites","KEGG"
"EVM0060992",11,38,7,13,875,"Biotin biosynthesis II","Reactome"
"EVM0060992",11,38,7,13,875,"Cofactor biosyntheses","Reactome"
"EVM0060992",11,38,7,13,875,"Glycine, serine and threonine metabolism","KEGG"
"EVM0060992",11,38,7,13,875,"Metabolic pathways","KEGG"
"EVM0060992",11,38,7,13,875,"Metabolism and regulation","Reactome"
"EVM0060992",11,38,7,13,875,"Threonine degradation","Reactome"
"EVM0061056",0,25,0,2,1457,"Biosynthesis of secondary metabolites","KEGG"
"EVM0061056",0,25,0,2,1457,"Carbon metabolism","KEGG"
"EVM0061056",0,25,0,2,1457,"Glutathione metabolism","KEGG"
"EVM0061056",0,25,0,2,1457,"Metabolic pathways","KEGG"
"EVM0061056",0,25,0,2,1457,"Pentose phosphate pathway","KEGG"
