"gene_id","PN","PS","DN","DS","length","pathway_name","source"
"AET0Gv20006200",0,8,2,7,1843,"Ethylene biosynthesis and signaling","Reactome"
"AET0Gv20006200",0,8,2,7,1843,"Ethylene mediated signaling","Reactome"
"AET0Gv20006200",0,8,2,7,1843,"Hormone signaling, transport, and metabolism","Reactome"
"AET0Gv20006200",0,8,2,7,1843,"MAPK signaling pathway - plant","KEGG"
"AET0Gv20006200",0,8,2,7,1843,"Metabolism and regulation","Reactome"
"AET0Gv20006200",0,8,2,7,1843,"Plant hormone signal transduction","KEGG"
"AET0Gv20120700",3,1,2,8,2731,"Other glycan degradation","KEGG"
"AET1Gv20011500",0,4,0,0,624,"Endocytosis","KEGG"
"AET1Gv20032100",14,53,8,51,3000,"Amino acid metabolism","Reactome"
"AET1Gv20032100",14,53,8,51,3000,"Metabolic pathways","KEGG"
"AET1Gv20032100",14,53,8,51,3000,"Metabolism and regulation","Reactome"
"AET1Gv20032100",14,53,8,51,3000,"S-methylmethionine cycle","Reactome"
"AET1Gv20032100",14,53,8,51,3000,"Selenocompound metabolism","KEGG"
"AET1Gv20124500",7,6,6,9,3057,"Nucleocytoplasmic transport","KEGG"
"AET1Gv20134600",0,3,2,18,3065,"Motor proteins","KEGG"
"AET1Gv20155400",35,18,3,1,1685,"Fanconi anemia pathway","KEGG"
"AET1Gv20197800",1,3,1,10,1086,"Plant-pathogen interaction","KEGG"
"AET1Gv20201100",1,2,11,15,980,"Biosynthesis of secondary metabolites","KEGG"
"AET1Gv20201100",1,2,11,15,980,"Glycerolipid metabolism","KEGG"
"AET1Gv20201100",1,2,11,15,980,"Metabolic pathways","KEGG"
"AET1Gv20222600",12,2,13,17,1359,"Cytoskeleton in muscle cells","KEGG"
"AET1Gv20241700",0,5,0,9,1323,"Cornified envelope formation","KEGG"
"AET1Gv20241700",0,5,0,9,1323,"mRNA surveillance pathway","KEGG"
"AET1Gv20244800",2,17,1,5,1358,"Auxin signalling","Reactome"
"AET1Gv20244800",2,17,1,5,1358,"Growth and developmental processes","Reactome"
"AET1Gv20244800",2,17,1,5,1358,"Hormone signaling, transport, and metabolism","Reactome"
"AET1Gv20244800",2,17,1,5,1358,"Lateral root development","Reactome"
"AET1Gv20244800",2,17,1,5,1358,"Lateral root initiation","Reactome"
"AET1Gv20244800",2,17,1,5,1358,"Metabolism and regulation","Reactome"
"AET1Gv20244800",2,17,1,5,1358,"Plant hormone signal transduction","KEGG"
"AET1Gv20244800",2,17,1,5,1358,"Regulation of seed size","Reactome"
"AET1Gv20244800",2,17,1,5,1358,"Reproductive meristem phase change","Reactome"
"AET1Gv20244800",2,17,1,5,1358,"Reproductive structure development","Reactome"
"AET1Gv20244800",2,17,1,5,1358,"Root structure development","Reactome"
"AET1Gv20244800",2,17,1,5,1358,"Seed development","Reactome"
"AET1Gv20244800",2,17,1,5,1358,"Vegetative structure development","Reactome"
"AET1Gv20250300",0,1,0,1,849,"Cadherin signaling","KEGG"
"AET1Gv20250300",0,1,0,1,849,"mRNA surveillance pathway","KEGG"
"AET1Gv20252300",0,3,1,6,564,"Ribosome","KEGG"
"AET1Gv20252500",0,3,0,4,1901,"MAPK signaling pathway - plant","KEGG"
"AET1Gv20252500",0,3,0,4,1901,"Plant hormone signal transduction","KEGG"
"AET1Gv20263400",0,2,0,11,1016,"Protein processing in endoplasmic reticulum","KEGG"
"AET1Gv20263700",0,3,0,1,1407,"Motor proteins","KEGG"
"AET1Gv20268300",1,3,0,7,1351,"2-Oxocarboxylic acid metabolism","KEGG"
"AET1Gv20268300",1,3,0,7,1351,"Biosynthesis of cofactors","KEGG"
"AET1Gv20268300",1,3,0,7,1351,"Biosynthesis of secondary metabolites","KEGG"
"AET1Gv20268300",1,3,0,7,1351,"Carbon metabolism","KEGG"
"AET1Gv20268300",1,3,0,7,1351,"Citrate cycle","KEGG"
"AET1Gv20268300",1,3,0,7,1351,"Glycine, serine and threonine metabolism","KEGG"
"AET1Gv20268300",1,3,0,7,1351,"Glycolysis / Gluconeogenesis","KEGG"
"AET1Gv20268300",1,3,0,7,1351,"Glyoxylate and dicarboxylate metabolism","KEGG"
"AET1Gv20268300",1,3,0,7,1351,"Lipoic acid metabolism","KEGG"
"AET1Gv20268300",1,3,0,7,1351,"Lysine degradation","KEGG"
"AET1Gv20268300",1,3,0,7,1351,"Metabolic pathways","KEGG"
"AET1Gv20268300",1,3,0,7,1351,"One carbon pool by folate","KEGG"
"AET1Gv20268300",1,3,0,7,1351,"Propanoate metabolism","KEGG"
"AET1Gv20268300",1,3,0,7,1351,"Pyruvate metabolism","KEGG"
"AET1Gv20268300",1,3,0,7,1351,"Tryptophan metabolism","KEGG"
"AET1Gv20268300",1,3,0,7,1351,"Valine, leucine and isoleucine degradation","KEGG"
"AET1Gv20275800",0,2,1,4,1311,"Biosynthesis of secondary metabolites","KEGG"
"AET1Gv20275800",0,2,1,4,1311,"Biosynthesis of unsaturated fatty acids","KEGG"
"AET1Gv20275800",0,2,1,4,1311,"Carbon metabolism","KEGG"
"AET1Gv20275800",0,2,1,4,1311,"Fatty acid degradation","KEGG"
"AET1Gv20275800",0,2,1,4,1311,"Fatty acid metabolism","KEGG"
"AET1Gv20275800",0,2,1,4,1311,"Metabolic pathways","KEGG"
"AET1Gv20275800",0,2,1,4,1311,"Peroxisome","KEGG"
"AET1Gv20275800",0,2,1,4,1311,"Propanoate metabolism","KEGG"
"AET1Gv20275800",0,2,1,4,1311,"alpha-Linolenic acid metabolism","KEGG"
"AET1Gv20275800",0,2,1,4,1311,"beta-Alanine metabolism","KEGG"
"AET1Gv20288400",0,5,0,17,3105,"Carbohydrate metabolism","Reactome"
"AET1Gv20288400",0,5,0,17,3105,"Cellulose biosynthesis","Reactome"
"AET1Gv20288400",0,5,0,17,3105,"Metabolism and regulation","Reactome"
"AET1Gv20303700",0,1,0,1,816,"Proteasome","KEGG"
"AET1Gv20304300",1,2,1,7,1321,"Amino sugar and nucleotide sugar metabolism","KEGG"
"AET1Gv20304300",1,2,1,7,1321,"Biosynthesis of nucleotide sugars","KEGG"
"AET1Gv20304300",1,2,1,7,1321,"Biosynthesis of secondary metabolites","KEGG"
"AET1Gv20304300",1,2,1,7,1321,"Carbon metabolism","KEGG"
"AET1Gv20304300",1,2,1,7,1321,"Fructose and mannose metabolism","KEGG"
"AET1Gv20304300",1,2,1,7,1321,"Galactose metabolism","KEGG"
"AET1Gv20304300",1,2,1,7,1321,"Glycolysis / Gluconeogenesis","KEGG"
"AET1Gv20304300",1,2,1,7,1321,"Metabolic pathways","KEGG"
"AET1Gv20304300",1,2,1,7,1321,"Starch and sucrose metabolism","KEGG"
"AET1Gv20328300",0,1,0,1,1511,"Endocytosis","KEGG"
"AET1Gv20328300",0,1,0,1,1511,"Protein processing in endoplasmic reticulum","KEGG"
"AET1Gv20328300",0,1,0,1,1511,"Spliceosome","KEGG"
"AET1Gv20340000",0,2,0,0,1815,"RNA degradation","KEGG"
"AET1Gv20359900",0,1,0,1,736,"Cell cycle","Reactome"
"AET1Gv20359900",0,1,0,1,736,"Cellular processes","Reactome"
"AET1Gv20359900",0,1,0,1,736,"G1/S transition","Reactome"
"AET1Gv20359900",0,1,0,1,736,"Mitosis","Reactome"
"AET1Gv20372400",0,2,4,17,1693,"RNA degradation","KEGG"
"AET1Gv20375300",0,1,0,10,472,"Ribosome","KEGG"
"AET1Gv20380800",2,2,1,1,1657,"Biosynthesis of secondary metabolites","KEGG"
"AET1Gv20380800",2,2,1,1,1657,"Cutin, suberine and wax biosynthesis","KEGG"
"AET1Gv20380800",2,2,1,1,1657,"Glycerolipid metabolism","KEGG"
"AET1Gv20380800",2,2,1,1,1657,"Metabolic pathways","KEGG"
"AET1Gv20384800",2,2,1,12,2855,"Cornified envelope formation","KEGG"
"AET1Gv20384800",2,2,1,12,2855,"Metabolic pathways","KEGG"
"AET1Gv20384800",2,2,1,12,2855,"Other glycan degradation","KEGG"
"AET1Gv20384800",2,2,1,12,2855,"Sphingolipid metabolism","KEGG"
"AET1Gv20399000",2,2,1,9,1567,"Brassinosteroid signaling","Reactome"
"AET1Gv20399000",2,2,1,9,1567,"Cornified envelope formation","KEGG"
"AET1Gv20399000",2,2,1,9,1567,"Growth and developmental processes","Reactome"
"AET1Gv20399000",2,2,1,9,1567,"Hormone signaling, transport, and metabolism","Reactome"
"AET1Gv20399000",2,2,1,9,1567,"Metabolism and regulation","Reactome"
"AET1Gv20399000",2,2,1,9,1567,"Regulation of seed size","Reactome"
"AET1Gv20399000",2,2,1,9,1567,"Reproductive structure development","Reactome"
"AET1Gv20399000",2,2,1,9,1567,"Seed development","Reactome"
"AET1Gv20399000",2,2,1,9,1567,"mRNA surveillance pathway","KEGG"
"AET1Gv20402000",2,4,1,5,2824,"Nucleocytoplasmic transport","KEGG"
"AET1Gv20402000",2,4,1,5,2824,"Viral life cycle - HIV-1","KEGG"
"AET1Gv20406400",0,1,1,3,1367,"Auxin signalling","Reactome"
"AET1Gv20406400",0,1,1,3,1367,"Growth and developmental processes","Reactome"
"AET1Gv20406400",0,1,1,3,1367,"Hormone signaling, transport, and metabolism","Reactome"
"AET1Gv20406400",0,1,1,3,1367,"Metabolism and regulation","Reactome"
"AET1Gv20406400",0,1,1,3,1367,"Plant hormone signal transduction","KEGG"
"AET1Gv20406400",0,1,1,3,1367,"Regulation of seed size","Reactome"
"AET1Gv20406400",0,1,1,3,1367,"Reproductive structure development","Reactome"
"AET1Gv20406400",0,1,1,3,1367,"Seed development","Reactome"
"AET1Gv20420300",2,5,4,12,3255,"RNA polymerase","KEGG"
"AET1Gv20426400",2,2,1,12,1356,"Spliceosome","KEGG"
"AET1Gv20432400",0,3,0,19,1656,"Generation of precursor metabolites and energy","Reactome"
"AET1Gv20432400",0,3,0,19,1656,"Metabolism and regulation","Reactome"
"AET1Gv20432400",0,3,0,19,1656,"TCA cycle (plant)","Reactome"
"AET1Gv20473600",0,1,2,6,854,"Fanconi anemia pathway","KEGG"
"AET1Gv20473600",0,1,2,6,854,"Nucleotide excision repair","KEGG"
"AET1Gv20508600",1,2,2,7,1102,"Proteasome","KEGG"
"AET1Gv20510500",0,2,0,1,573,"Endocytosis","KEGG"
"AET1Gv20538400",1,1,3,8,1527,"Biosynthesis of amino acids","KEGG"
"AET1Gv20538400",1,1,3,8,1527,"Biosynthesis of secondary metabolites","KEGG"
"AET1Gv20538400",1,1,3,8,1527,"Carbon metabolism","KEGG"
"AET1Gv20538400",1,1,3,8,1527,"Glycolysis / Gluconeogenesis","KEGG"
"AET1Gv20538400",1,1,3,8,1527,"Metabolic pathways","KEGG"
"AET1Gv20538400",1,1,3,8,1527,"Pyruvate metabolism","KEGG"
"AET1Gv20543100",0,2,0,4,754,"Circadian rhythm","Reactome"
"AET1Gv20543100",0,2,0,4,754,"Circadian rhythm - plant","KEGG"
"AET1Gv20543100",0,2,0,4,754,"Polycomb repressive complex","KEGG"
"AET1Gv20543100",0,2,0,4,754,"Ribosome biogenesis in eukaryotes","KEGG"
"AET1Gv20545800",0,1,1,5,450,"Biosynthesis of cofactors","KEGG"
"AET1Gv20545800",0,1,1,5,450,"Biosynthesis of secondary metabolites","KEGG"
"AET1Gv20545800",0,1,1,5,450,"MAPK signaling pathway - plant","KEGG"
"AET1Gv20545800",0,1,1,5,450,"Metabolic pathways","KEGG"
"AET1Gv20545800",0,1,1,5,450,"Nucleotide metabolism","KEGG"
"AET1Gv20545800",0,1,1,5,450,"Purine metabolism","KEGG"
"AET1Gv20545800",0,1,1,5,450,"Pyrimidine metabolism","KEGG"
"AET1Gv20551000",0,1,0,5,918,"Autophagy - other","KEGG"
"AET1Gv20557800",0,1,1,6,983,"Biosynthesis of secondary metabolites","KEGG"
"AET1Gv20557800",0,1,1,6,983,"Chlorophyll a biosynthesis I","Reactome"
"AET1Gv20557800",0,1,1,6,983,"Cofactor biosyntheses","Reactome"
"AET1Gv20557800",0,1,1,6,983,"Metabolic pathways","KEGG"
"AET1Gv20557800",0,1,1,6,983,"Metabolism and regulation","Reactome"
"AET1Gv20557800",0,1,1,6,983,"Porphyrin metabolism","KEGG"
"AET1Gv20563900",4,11,5,14,7419,"Autophagy - other","KEGG"
"AET1Gv20563900",4,11,5,14,7419,"Integrin signaling","KEGG"
"AET1Gv20563900",4,11,5,14,7419,"Lysosome biogenesis","KEGG"
"AET1Gv20567000",1,3,11,14,2157,"Biosynthesis of secondary metabolites","KEGG"
"AET1Gv20567000",1,3,11,14,2157,"Fatty acid degradation","KEGG"
"AET1Gv20567000",1,3,11,14,2157,"Fatty acid metabolism","KEGG"
"AET1Gv20567000",1,3,11,14,2157,"Metabolic pathways","KEGG"
"AET1Gv20567000",1,3,11,14,2157,"alpha-Linolenic acid metabolism","KEGG"
"AET1Gv20586600",2,2,1,0,1131,"Lysosome biogenesis","KEGG"
"AET1Gv20597000",1,2,0,8,1174,"Basal transcription factors","KEGG"
"AET1Gv20597000",1,2,0,8,1174,"Nucleotide excision repair","KEGG"
"AET1Gv20620300",0,3,4,14,1217,"Biosynthesis of secondary metabolites","KEGG"
"AET1Gv20620300",0,3,4,14,1217,"Cofactor biosyntheses","Reactome"
"AET1Gv20620300",0,3,4,14,1217,"Metabolic pathways","KEGG"
"AET1Gv20620300",0,3,4,14,1217,"Metabolism and regulation","Reactome"
"AET1Gv20620300",0,3,4,14,1217,"Methylerythritol phosphate pathway","Reactome"
"AET1Gv20620300",0,3,4,14,1217,"Pyridoxal 5'-phosphate biosynthesis","Reactome"
"AET1Gv20620300",0,3,4,14,1217,"Terpenoid backbone biosynthesis","KEGG"
"AET1Gv20620300",0,3,4,14,1217,"Thiamine biosynthesis","Reactome"
"AET1Gv20620300",0,3,4,14,1217,"Thiamine metabolism","KEGG"
"AET1Gv20628200",0,2,0,7,1200,"IgSF CAM signaling","KEGG"
"AET1Gv20628200",0,2,0,7,1200,"Motor proteins","KEGG"
"AET1Gv20628200",0,2,0,7,1200,"Phagosome","KEGG"
"AET1Gv20646000",0,2,2,5,561,"Spliceosome","KEGG"
"AET1Gv20648700",0,2,1,3,602,"Maackiain biosynthesis","Reactome"
"AET1Gv20648700",0,2,1,3,602,"Medicarpin biosynthesis","Reactome"
"AET1Gv20648700",0,2,1,3,602,"Metabolism and regulation","Reactome"
"AET1Gv20648700",0,2,1,3,602,"Secondary metabolism","Reactome"
"AET1Gv20666300",0,3,0,3,339,"Ribosome","KEGG"
"AET1Gv20670000",2,1,3,10,1336,"Hormone signaling, transport, and metabolism","Reactome"
"AET1Gv20670000",2,1,3,10,1336,"Jasmonic acid signaling","Reactome"
"AET1Gv20670000",2,1,3,10,1336,"Metabolism and regulation","Reactome"
"AET1Gv20670000",2,1,3,10,1336,"Plant hormone signal transduction","KEGG"
"AET1Gv20675900",4,6,4,12,2139,"Amino acid biosynthesis","Reactome"
"AET1Gv20675900",4,6,4,12,2139,"Amino acid metabolism","Reactome"
"AET1Gv20675900",4,6,4,12,2139,"Arginine and proline metabolism","KEGG"
"AET1Gv20675900",4,6,4,12,2139,"Biosynthesis of amino acids","KEGG"
"AET1Gv20675900",4,6,4,12,2139,"Biosynthesis of secondary metabolites","KEGG"
"AET1Gv20675900",4,6,4,12,2139,"Citrulline biosynthesis","Reactome"
"AET1Gv20675900",4,6,4,12,2139,"Metabolic pathways","KEGG"
"AET1Gv20675900",4,6,4,12,2139,"Metabolism and regulation","Reactome"
"AET1Gv20675900",4,6,4,12,2139,"Proline biosynthesis I","Reactome"
"AET1Gv20682100",2,10,0,44,1941,"Endocytosis","KEGG"
"AET1Gv20682100",2,10,0,44,1941,"Protein processing in endoplasmic reticulum","KEGG"
"AET1Gv20682100",2,10,0,44,1941,"Spliceosome","KEGG"
"AET1Gv20713100",0,10,0,8,2026,"Activation of pre-replication complex","Reactome"
"AET1Gv20713100",0,10,0,8,2026,"Assembly of pre-replication complex","Reactome"
"AET1Gv20713100",0,10,0,8,2026,"Cell cycle","Reactome"
"AET1Gv20713100",0,10,0,8,2026,"Cellular processes","Reactome"
"AET1Gv20713100",0,10,0,8,2026,"DNA replication","KEGG"
"AET1Gv20713100",0,10,0,8,2026,"DNA replication Initiation","Reactome"
"AET1Gv20713100",0,10,0,8,2026,"G1/S transition","Reactome"
"AET1Gv20713100",0,10,0,8,2026,"Mitosis","Reactome"
"AET1Gv20713100",0,10,0,8,2026,"S phase","Reactome"
"AET1Gv20713100",0,10,0,8,2026,"Synthesis of DNA","Reactome"
"AET1Gv20719700",2,3,1,2,658,"Biosynthesis of secondary metabolites","KEGG"
"AET1Gv20719700",2,3,1,2,658,"Metabolic pathways","KEGG"
"AET1Gv20719700",2,3,1,2,658,"Tryptophan metabolism","KEGG"
"AET1Gv20722900",2,3,0,2,1836,"RNA degradation","KEGG"
"AET1Gv20730200",4,7,0,2,695,"Proteasome","KEGG"
"AET1Gv20733500",0,15,2,16,1341,"IgSF CAM signaling","KEGG"
"AET1Gv20733500",0,15,2,16,1341,"Motor proteins","KEGG"
"AET1Gv20733500",0,15,2,16,1341,"Phagosome","KEGG"
"AET1Gv20766500",0,3,2,2,1200,"Biosynthesis of secondary metabolites","KEGG"
"AET1Gv20766500",0,3,2,2,1200,"Fatty acid and lipid metabolism","Reactome"
"AET1Gv20766500",0,3,2,2,1200,"Glycerolipid metabolism","KEGG"
"AET1Gv20766500",0,3,2,2,1200,"Glycerophospholipid metabolism","KEGG"
"AET1Gv20766500",0,3,2,2,1200,"Metabolic pathways","KEGG"
"AET1Gv20766500",0,3,2,2,1200,"Metabolism and regulation","Reactome"
"AET1Gv20766500",0,3,2,2,1200,"Phospholipid biosynthesis I","Reactome"
"AET1Gv20790500",0,1,1,4,754,"Metabolic pathways","KEGG"
"AET1Gv20790500",0,1,1,4,754,"Oxidative phosphorylation","KEGG"
"AET1Gv20791600",0,1,0,3,667,"Basal transcription factors","KEGG"
"AET1Gv20813800",1,4,0,35,2321,"Biosynthesis of secondary metabolites","KEGG"
"AET1Gv20813800",1,4,0,35,2321,"Carbohydrate metabolism","Reactome"
"AET1Gv20813800",1,4,0,35,2321,"Metabolic pathways","KEGG"
"AET1Gv20813800",1,4,0,35,2321,"Metabolism and regulation","Reactome"
"AET1Gv20813800",1,4,0,35,2321,"Starch and sucrose metabolism","KEGG"
"AET1Gv20813800",1,4,0,35,2321,"Trehalose biosynthesis I","Reactome"
"AET1Gv20815500",4,4,1,27,1874,"Ribosome biogenesis in eukaryotes","KEGG"
"AET1Gv20871600",0,5,0,7,1151,"ATP-dependent chromatin remodeling","KEGG"
"AET1Gv20872500",4,4,1,2,1980,"Lysine degradation","KEGG"
"AET1Gv20872500",4,4,1,2,1980,"Metabolic pathways","KEGG"
"AET1Gv20904600",3,3,1,2,549,"Cysteine and methionine metabolism","KEGG"
"AET1Gv20904600",3,3,1,2,549,"Metabolic pathways","KEGG"
"AET1Gv20917400",0,13,0,18,1017,"Biosynthesis of secondary metabolites","KEGG"
"AET1Gv20917400",0,13,0,18,1017,"Fatty acid and lipid metabolism","Reactome"
"AET1Gv20917400",0,13,0,18,1017,"Glycerophospholipid metabolism","KEGG"
"AET1Gv20917400",0,13,0,18,1017,"Metabolic pathways","KEGG"
"AET1Gv20917400",0,13,0,18,1017,"Metabolism and regulation","Reactome"
"AET1Gv20917400",0,13,0,18,1017,"Phospholipid biosynthesis I","Reactome"
"AET1Gv20932800",10,25,3,24,2525,"Ubiquitin mediated proteolysis","KEGG"
"AET1Gv20940700",2,3,1,21,1305,"Carbohydrate metabolism","Reactome"
"AET1Gv20940700",2,3,1,21,1305,"Metabolism and regulation","Reactome"
"AET1Gv20940700",2,3,1,21,1305,"Xylan biosynthesis","Reactome"
"AET1Gv20955500",2,8,5,12,1794,"Inositol phosphate metabolism","KEGG"
"AET1Gv20955500",2,8,5,12,1794,"Metabolic pathways","KEGG"
"AET1Gv20955500",2,8,5,12,1794,"Phosphatidylinositol signaling system","KEGG"
"AET1Gv20961200",10,19,1,15,1134,"Amino sugar and nucleotide sugar metabolism","KEGG"
"AET1Gv20961200",10,19,1,15,1134,"Ascorbate and aldarate metabolism","KEGG"
"AET1Gv20961200",10,19,1,15,1134,"Ascorbate biosynthesis","Reactome"
"AET1Gv20961200",10,19,1,15,1134,"Biosynthesis of cofactors","KEGG"
"AET1Gv20961200",10,19,1,15,1134,"Biosynthesis of nucleotide sugars","KEGG"
"AET1Gv20961200",10,19,1,15,1134,"Biosynthesis of secondary metabolites","KEGG"
"AET1Gv20961200",10,19,1,15,1134,"Cofactor biosyntheses","Reactome"
"AET1Gv20961200",10,19,1,15,1134,"Metabolic pathways","KEGG"
"AET1Gv20961200",10,19,1,15,1134,"Metabolism and regulation","Reactome"
"AET1Gv20980100",0,4,3,8,1753,"Biosynthesis of cofactors","KEGG"
"AET1Gv20980100",0,4,3,8,1753,"Metabolic pathways","KEGG"
"AET1Gv20980100",0,4,3,8,1753,"Nucleotide metabolism","KEGG"
"AET1Gv20980100",0,4,3,8,1753,"Pyrimidine metabolism","KEGG"
"AET1Gv20998300",0,7,0,12,891,"Biosynthesis of secondary metabolites","KEGG"
"AET1Gv20998300",0,7,0,12,891,"Metabolism and regulation","Reactome"
"AET1Gv20998300",0,7,0,12,891,"Polyisoprenoid biosynthesis","Reactome"
"AET1Gv20998300",0,7,0,12,891,"Secondary metabolism","Reactome"
"AET1Gv20998300",0,7,0,12,891,"Terpenoid backbone biosynthesis","KEGG"
"AET1Gv21008600",4,6,2,27,1742,"Hormone signaling, transport, and metabolism","Reactome"
"AET1Gv21008600",4,6,2,27,1742,"Jasmonic acid signaling","Reactome"
"AET1Gv21008600",4,6,2,27,1742,"Metabolism and regulation","Reactome"
"AET1Gv21008600",4,6,2,27,1742,"Plant hormone signal transduction","KEGG"
"AET2Gv20053700",8,6,4,9,664,"Metabolic pathways","KEGG"
"AET2Gv20065800",0,5,0,9,1334,"2-Oxocarboxylic acid metabolism","KEGG"
"AET2Gv20065800",0,5,0,9,1334,"Amino acid catabolism","Reactome"
"AET2Gv20065800",0,5,0,9,1334,"Amino acid metabolism","Reactome"
"AET2Gv20065800",0,5,0,9,1334,"Biosynthesis of secondary metabolites","KEGG"
"AET2Gv20065800",0,5,0,9,1334,"Carbon metabolism","KEGG"
"AET2Gv20065800",0,5,0,9,1334,"Citrate cycle","KEGG"
"AET2Gv20065800",0,5,0,9,1334,"Generation of precursor metabolites and energy","Reactome"
"AET2Gv20065800",0,5,0,9,1334,"Lipoic acid metabolism","KEGG"
"AET2Gv20065800",0,5,0,9,1334,"Lysine degradation","KEGG"
"AET2Gv20065800",0,5,0,9,1334,"Lysine degradation II","Reactome"
"AET2Gv20065800",0,5,0,9,1334,"Metabolic pathways","KEGG"
"AET2Gv20065800",0,5,0,9,1334,"Metabolism and regulation","Reactome"
"AET2Gv20065800",0,5,0,9,1334,"TCA cycle (plant)","Reactome"
"AET2Gv20065800",0,5,0,9,1334,"Tryptophan metabolism","KEGG"
"AET2Gv20071800",0,3,1,4,902,"ATP-dependent chromatin remodeling","KEGG"
"AET2Gv20123000",0,4,4,13,393,"Arsenic uptake and detoxification","Reactome"
"AET2Gv20123000",0,4,4,13,393,"Response to heavy metals","Reactome"
"AET2Gv20123000",0,4,4,13,393,"Responses to stimuli: abiotic stimuli and stresses","Reactome"
"AET2Gv20125300",4,12,4,20,1589,"Biosynthesis of secondary metabolites","KEGG"
"AET2Gv20125300",4,12,4,20,1589,"Carbon metabolism","KEGG"
"AET2Gv20125300",4,12,4,20,1589,"Glutathione metabolism","KEGG"
"AET2Gv20125300",4,12,4,20,1589,"Metabolic pathways","KEGG"
"AET2Gv20125300",4,12,4,20,1589,"Pentose phosphate pathway","KEGG"
"AET2Gv20143300",1,3,3,8,1464,"mRNA surveillance pathway","KEGG"
"AET2Gv20143900",2,2,2,8,1407,"Metabolic pathways","KEGG"
"AET2Gv20143900",2,2,2,8,1407,"Nicotinate and nicotinamide metabolism","KEGG"
"AET2Gv20157200",16,8,5,25,3572,"mRNA surveillance pathway","KEGG"
"AET2Gv20164400",14,6,6,21,2825,"Nucleocytoplasmic transport","KEGG"
"AET2Gv20164900",0,1,3,4,675,"Biosynthesis of secondary metabolites","KEGG"
"AET2Gv20164900",0,1,3,4,675,"Biosynthesis of various plant secondary metabolites; Including: Crocin biosynthesis, Ginsenoside biosynthesis, Saponin adjuvant biosynthesis, Cannabidiol biosynthesis, Mugineic acid biosynthesis, Pentagalloylglucose biosynthesis, Benzoxazinoid biosynthesis, Gramine biosynthesis, Coumarin biosynthesis, Furanocoumarin biosynthesis, Hordatine biosynthesis, Podophyllotoxin biosynthesis","KEGG"
"AET2Gv20164900",0,1,3,4,675,"Metabolic pathways","KEGG"
"AET2Gv20193300",0,2,3,18,1276,"Nucleocytoplasmic transport","KEGG"
"AET2Gv20196400",0,4,5,18,1341,"Growth and developmental processes","Reactome"
"AET2Gv20196400",0,4,5,18,1341,"Inflorescence development","Reactome"
"AET2Gv20196400",0,4,5,18,1341,"Reproductive structure development","Reactome"
"AET2Gv20196400",0,4,5,18,1341,"Transition from vegetative to reproductive shoot apical meristem","Reactome"
"AET2Gv20196800",4,8,10,27,1640,"Amino sugar and nucleotide sugar metabolism","KEGG"
"AET2Gv20196800",4,8,10,27,1640,"Metabolic pathways","KEGG"
"AET2Gv20197000",0,3,2,6,735,"CMP-KDO biosynthesis II (from D-arabinose 5-phosphate)","Reactome"
"AET2Gv20197000",0,3,2,6,735,"Carbohydrate metabolism","Reactome"
"AET2Gv20197000",0,3,2,6,735,"Metabolism and regulation","Reactome"
"AET2Gv20222100",0,3,0,10,346,"Ribosome","KEGG"
"AET2Gv20233200",0,28,1,5,1390,"Carbohydrate metabolism","Reactome"
"AET2Gv20233200",0,28,1,5,1390,"Fructose and mannose metabolism","KEGG"
"AET2Gv20233200",0,28,1,5,1390,"Metabolic pathways","KEGG"
"AET2Gv20233200",0,28,1,5,1390,"Metabolism and regulation","Reactome"
"AET2Gv20233200",0,28,1,5,1390,"Pentose and glucuronate interconversions","KEGG"
"AET2Gv20233200",0,28,1,5,1390,"Xylose degradation","Reactome"
"AET2Gv20249300",3,6,5,8,2647,"Biosynthesis of secondary metabolites","KEGG"
"AET2Gv20249300",3,6,5,8,2647,"Metabolic pathways","KEGG"
"AET2Gv20249300",3,6,5,8,2647,"Starch and sucrose metabolism","KEGG"
"AET2Gv20263400",0,1,1,14,1276,"Selenocompound metabolism","KEGG"
"AET2Gv20327200",0,3,0,2,573,"Ribosome","KEGG"
"AET2Gv20342500",0,3,0,4,1353,"Lysosome biogenesis","KEGG"
"AET2Gv20346000",2,2,1,7,495,"Plant-pathogen interaction","KEGG"
"AET2Gv20350300",0,3,0,7,912,"Ribosome","KEGG"
"AET2Gv20352600",1,1,3,4,591,"Gibberellin signaling","Reactome"
"AET2Gv20352600",1,1,3,4,591,"Hormone signaling, transport, and metabolism","Reactome"
"AET2Gv20352600",1,1,3,4,591,"Jasmonic acid signaling","Reactome"
"AET2Gv20352600",1,1,3,4,591,"Metabolism and regulation","Reactome"
"AET2Gv20352600",1,1,3,4,591,"Plant hormone signal transduction","KEGG"
"AET2Gv20356000",1,4,4,7,2192,"Nucleocytoplasmic transport","KEGG"
"AET2Gv20375200",0,3,6,12,1002,"Biosynthesis of secondary metabolites","KEGG"
"AET2Gv20375200",0,3,6,12,1002,"Galactose metabolism","KEGG"
"AET2Gv20375200",0,3,6,12,1002,"Glycolysis / Gluconeogenesis","KEGG"
"AET2Gv20375200",0,3,6,12,1002,"Metabolic pathways","KEGG"
"AET2Gv20388400",0,2,1,3,1133,"Other types of O-glycan biosynthesis","KEGG"
"AET2Gv20390100",0,2,4,8,1811,"Ubiquitin mediated proteolysis","KEGG"
"AET2Gv20402000",0,1,0,22,1079,"ATP-dependent chromatin remodeling","KEGG"
"AET2Gv20407400",0,8,0,15,1350,"IgSF CAM signaling","KEGG"
"AET2Gv20407400",0,8,0,15,1350,"Motor proteins","KEGG"
"AET2Gv20407400",0,8,0,15,1350,"Phagosome","KEGG"
"AET2Gv20419500",0,3,0,6,1299,"Plant hormone signal transduction","KEGG"
"AET2Gv20419500",0,3,0,6,1299,"Plant-pathogen interaction","KEGG"
"AET2Gv20431100",0,1,3,3,1191,"Efferocytosis","KEGG"
"AET2Gv20431100",0,1,3,3,1191,"Metabolic pathways","KEGG"
"AET2Gv20431100",0,1,3,3,1191,"Sphingolipid metabolism","KEGG"
"AET2Gv20466600",3,4,3,10,2007,"Base excision repair","KEGG"
"AET2Gv20485100",2,2,2,2,1545,"Metabolism and regulation","Reactome"
"AET2Gv20485100",2,2,2,2,1545,"Phytic acid biosynthesis","Reactome"
"AET2Gv20485100",2,2,2,2,1545,"Phytic acid biosynthesis (lipid-independent)","Reactome"
"AET2Gv20485100",2,2,2,2,1545,"Secondary metabolism","Reactome"
"AET2Gv20490800",8,9,5,7,6694,"Crown root development","Reactome"
"AET2Gv20490800",8,9,5,7,6694,"Growth and developmental processes","Reactome"
"AET2Gv20490800",8,9,5,7,6694,"Root structure development","Reactome"
"AET2Gv20490800",8,9,5,7,6694,"Vegetative structure development","Reactome"
"AET2Gv20492400",4,2,6,7,4419,"Cysteine and methionine metabolism","KEGG"
"AET2Gv20492400",4,2,6,7,4419,"Metabolic pathways","KEGG"
"AET2Gv20504000",1,5,1,0,1586,"Biosynthesis of secondary metabolites","KEGG"
"AET2Gv20504000",1,5,1,0,1586,"Carotenoid biosynthesis","KEGG;Reactome"
"AET2Gv20504000",1,5,1,0,1586,"Metabolic pathways","KEGG"
"AET2Gv20504000",1,5,1,0,1586,"Metabolism and regulation","Reactome"
"AET2Gv20504000",1,5,1,0,1586,"Secondary metabolism","Reactome"
"AET2Gv20514900",0,1,0,0,1374,"Biosynthesis of amino acids","KEGG"
"AET2Gv20514900",0,1,0,0,1374,"Biosynthesis of secondary metabolites","KEGG"
"AET2Gv20514900",0,1,0,0,1374,"Carbon metabolism","KEGG"
"AET2Gv20514900",0,1,0,0,1374,"Glycolysis / Gluconeogenesis","KEGG"
"AET2Gv20514900",0,1,0,0,1374,"Metabolic pathways","KEGG"
"AET2Gv20514900",0,1,0,0,1374,"Pyruvate metabolism","KEGG"
"AET2Gv20525100",0,2,1,0,1528,"Protein processing in endoplasmic reticulum","KEGG"
"AET2Gv20530000",0,2,0,3,1708,"Carbon fixation by Calvin cycle","KEGG"
"AET2Gv20530000",0,2,0,3,1708,"Carbon metabolism","KEGG"
"AET2Gv20530000",0,2,0,3,1708,"Generation of precursor metabolites and energy","Reactome"
"AET2Gv20530000",0,2,0,3,1708,"Metabolic pathways","KEGG"
"AET2Gv20530000",0,2,0,3,1708,"Metabolism and regulation","Reactome"
"AET2Gv20530000",0,2,0,3,1708,"Pyruvate metabolism","KEGG"
"AET2Gv20530000",0,2,0,3,1708,"TCA cycle (plant)","Reactome"
"AET2Gv20552900",0,1,0,0,795,"Metabolic pathways","KEGG"
"AET2Gv20552900",0,1,0,0,795,"Photosynthesis","KEGG"
"AET2Gv20553400",0,2,0,3,1363,"Aminoacyl-tRNA biosynthesis","KEGG"
"AET2Gv20556400",0,4,1,4,3319,"Polycomb repressive complex","KEGG"
"AET2Gv20574200",0,1,0,1,595,"Metabolic pathways","KEGG"
"AET2Gv20574200",0,1,0,1,595,"Photosynthesis","KEGG"
"AET2Gv20578700",0,1,0,3,899,"mRNA surveillance pathway","KEGG"
"AET2Gv20585300",0,2,0,1,1701,"Endocytosis","KEGG"
"AET2Gv20625100",0,2,0,2,672,"Ribosome","KEGG"
"AET2Gv20628900",2,2,5,3,955,"Biosynthesis of secondary metabolites","KEGG"
"AET2Gv20628900",2,2,5,3,955,"alpha-Linolenic acid metabolism","KEGG"
"AET2Gv20630200",0,2,0,1,362,"Ribosome","KEGG"
"AET2Gv20635600",1,3,1,3,1176,"Biosynthesis of unsaturated fatty acids","KEGG"
"AET2Gv20635600",1,3,1,3,1176,"Fatty acid biosynthesis","KEGG"
"AET2Gv20635600",1,3,1,3,1176,"Fatty acid metabolism","KEGG"
"AET2Gv20635600",1,3,1,3,1176,"Metabolic pathways","KEGG"
"AET2Gv20638900",2,2,1,9,2670,"Efferocytosis","KEGG"
"AET2Gv20638900",2,2,1,9,2670,"Lysosome biogenesis","KEGG"
"AET2Gv20643700",0,3,0,13,2735,"2-Oxocarboxylic acid metabolism","KEGG"
"AET2Gv20643700",0,3,0,13,2735,"Amino acid catabolism","Reactome"
"AET2Gv20643700",0,3,0,13,2735,"Amino acid metabolism","Reactome"
"AET2Gv20643700",0,3,0,13,2735,"Biosynthesis of secondary metabolites","KEGG"
"AET2Gv20643700",0,3,0,13,2735,"Carbon metabolism","KEGG"
"AET2Gv20643700",0,3,0,13,2735,"Citrate cycle","KEGG"
"AET2Gv20643700",0,3,0,13,2735,"Lipoic acid metabolism","KEGG"
"AET2Gv20643700",0,3,0,13,2735,"Lysine degradation II","Reactome"
"AET2Gv20643700",0,3,0,13,2735,"Metabolic pathways","KEGG"
"AET2Gv20643700",0,3,0,13,2735,"Metabolism and regulation","Reactome"
"AET2Gv20646200",0,3,0,1,1283,"Plant-pathogen interaction","KEGG"
"AET2Gv20648900",0,6,0,2,1722,"Auxin signalling","Reactome"
"AET2Gv20648900",0,6,0,2,1722,"Growth and developmental processes","Reactome"
"AET2Gv20648900",0,6,0,2,1722,"Hormone signaling, transport, and metabolism","Reactome"
"AET2Gv20648900",0,6,0,2,1722,"Metabolism and regulation","Reactome"
"AET2Gv20648900",0,6,0,2,1722,"Plant hormone signal transduction","KEGG"
"AET2Gv20648900",0,6,0,2,1722,"Regulation of seed size","Reactome"
"AET2Gv20648900",0,6,0,2,1722,"Reproductive meristem phase change","Reactome"
"AET2Gv20648900",0,6,0,2,1722,"Reproductive structure development","Reactome"
"AET2Gv20648900",0,6,0,2,1722,"Seed development","Reactome"
"AET2Gv20649800",6,1,18,29,4234,"Biosynthesis of secondary metabolites","KEGG"
"AET2Gv20649800",6,1,18,29,4234,"Metabolic pathways","KEGG"
"AET2Gv20649800",6,1,18,29,4234,"Purine metabolism","KEGG"
"AET2Gv20654200",3,2,3,3,1833,"Aminoacyl-tRNA biosynthesis","KEGG"
"AET2Gv20662900",1,1,2,9,1384,"Amino acid biosynthesis","Reactome"
"AET2Gv20662900",1,1,2,9,1384,"Amino acid metabolism","Reactome"
"AET2Gv20662900",1,1,2,9,1384,"Biosynthesis of amino acids","KEGG"
"AET2Gv20662900",1,1,2,9,1384,"Biosynthesis of secondary metabolites","KEGG"
"AET2Gv20662900",1,1,2,9,1384,"Histidine biosynthesis I","Reactome"
"AET2Gv20662900",1,1,2,9,1384,"Histidine metabolism","KEGG"
"AET2Gv20662900",1,1,2,9,1384,"Metabolic pathways","KEGG"
"AET2Gv20662900",1,1,2,9,1384,"Metabolism and regulation","Reactome"
"AET2Gv20665700",0,1,0,5,501,"Metabolic pathways","KEGG"
"AET2Gv20665700",0,1,0,5,501,"Oxidative phosphorylation","KEGG"
"AET2Gv20668900",0,1,5,10,699,"Cyanate degradation","Reactome"
"AET2Gv20668900",0,1,5,10,699,"Inorganic nutrients metabolism","Reactome"
"AET2Gv20668900",0,1,5,10,699,"Metabolic pathways","KEGG"
"AET2Gv20668900",0,1,5,10,699,"Metabolism and regulation","Reactome"
"AET2Gv20668900",0,1,5,10,699,"Nitrogen metabolism","KEGG"
"AET2Gv20685200",1,1,0,1,1589,"Biosynthesis of cofactors","KEGG"
"AET2Gv20685200",1,1,0,1,1589,"Metabolic pathways","KEGG"
"AET2Gv20685200",1,1,0,1,1589,"Nicotinate and nicotinamide metabolism","KEGG"
"AET2Gv20688500",0,2,7,9,1186,"Protein processing in endoplasmic reticulum","KEGG"
"AET2Gv20691000",0,1,3,17,814,"Ascorbate and aldarate metabolism","KEGG"
"AET2Gv20691000",0,1,3,17,814,"Glutathione metabolism","KEGG"
"AET2Gv20691000",0,1,3,17,814,"Metabolic pathways","KEGG"
"AET2Gv20700200",2,3,2,5,1962,"Auxin signalling","Reactome"
"AET2Gv20700200",2,3,2,5,1962,"Growth and developmental processes","Reactome"
"AET2Gv20700200",2,3,2,5,1962,"Hormone signaling, transport, and metabolism","Reactome"
"AET2Gv20700200",2,3,2,5,1962,"Metabolism and regulation","Reactome"
"AET2Gv20700200",2,3,2,5,1962,"Plant hormone signal transduction","KEGG"
"AET2Gv20700200",2,3,2,5,1962,"Regulation of seed size","Reactome"
"AET2Gv20700200",2,3,2,5,1962,"Reproductive structure development","Reactome"
"AET2Gv20700200",2,3,2,5,1962,"Seed development","Reactome"
"AET2Gv20702400",0,4,0,22,2205,"Lysosome biogenesis","KEGG"
"AET2Gv20740600",0,2,2,15,1326,"Amino acid biosynthesis","Reactome"
"AET2Gv20740600",0,2,2,15,1326,"Amino acid metabolism","Reactome"
"AET2Gv20740600",0,2,2,15,1326,"Glycine betaine biosynthesis III","Reactome"
"AET2Gv20740600",0,2,2,15,1326,"Glycine, serine and threonine metabolism","KEGG"
"AET2Gv20740600",0,2,2,15,1326,"Metabolic pathways","KEGG"
"AET2Gv20740600",0,2,2,15,1326,"Metabolism and regulation","Reactome"
"AET2Gv20740600",0,2,2,15,1326,"One carbon pool by folate","KEGG"
"AET2Gv20744300",2,2,1,25,1049,"Amine and polyamine biosynthesis","Reactome"
"AET2Gv20744300",2,2,1,25,1049,"Arginine and proline metabolism","KEGG"
"AET2Gv20744300",2,2,1,25,1049,"Biosynthesis of secondary metabolites","KEGG"
"AET2Gv20744300",2,2,1,25,1049,"Metabolic pathways","KEGG"
"AET2Gv20744300",2,2,1,25,1049,"Metabolism and regulation","Reactome"
"AET2Gv20744300",2,2,1,25,1049,"Putrescine biosynthesis II","Reactome"
"AET2Gv20771200",4,4,2,17,1509,"Cornified envelope formation","KEGG"
"AET2Gv20771200",4,4,2,17,1509,"mRNA surveillance pathway","KEGG"
"AET2Gv20803200",0,2,0,1,1158,"Base excision repair","KEGG"
"AET2Gv20850300",1,5,1,6,1678,"Biosynthesis of secondary metabolites","KEGG"
"AET2Gv20850300",1,5,1,6,1678,"Metabolic pathways","KEGG"
"AET2Gv20850300",1,5,1,6,1678,"Metabolism and regulation","Reactome"
"AET2Gv20850300",1,5,1,6,1678,"Phenylalanine metabolism","KEGG"
"AET2Gv20850300",1,5,1,6,1678,"Phenylpropanoid biosynthesis","KEGG"
"AET2Gv20850300",1,5,1,6,1678,"Phenylpropanoid biosynthesis, initial reactions","Reactome"
"AET2Gv20850300",1,5,1,6,1678,"Salicylate biosynthesis","Reactome"
"AET2Gv20850300",1,5,1,6,1678,"Secondary metabolism","Reactome"
"AET2Gv20850300",1,5,1,6,1678,"Suberin biosynthesis","Reactome"
"AET2Gv20863300",2,1,7,29,2770,"Motor proteins","KEGG"
"AET2Gv20903900",2,2,4,4,2664,"MAPK signaling pathway - plant","KEGG"
"AET2Gv20910600",3,3,8,12,1011,"D-Amino acid metabolism","KEGG"
"AET2Gv20910600",3,3,8,12,1011,"Glycine, serine and threonine metabolism","KEGG"
"AET2Gv20910600",3,3,8,12,1011,"Metabolic pathways","KEGG"
"AET2Gv20919500",3,4,7,13,914,"Amino acid catabolism","Reactome"
"AET2Gv20919500",3,4,7,13,914,"Amino acid metabolism","Reactome"
"AET2Gv20919500",3,4,7,13,914,"Biosynthesis of amino acids","KEGG"
"AET2Gv20919500",3,4,7,13,914,"Biosynthesis of secondary metabolites","KEGG"
"AET2Gv20919500",3,4,7,13,914,"Biotin biosynthesis II","Reactome"
"AET2Gv20919500",3,4,7,13,914,"Cofactor biosyntheses","Reactome"
"AET2Gv20919500",3,4,7,13,914,"Glycine, serine and threonine metabolism","KEGG"
"AET2Gv20919500",3,4,7,13,914,"Metabolic pathways","KEGG"
"AET2Gv20919500",3,4,7,13,914,"Metabolism and regulation","Reactome"
"AET2Gv20919500",3,4,7,13,914,"Threonine degradation","Reactome"
"AET2Gv20920600",25,6,19,19,6040,"Ribosome biogenesis in eukaryotes","KEGG"
"AET2Gv20931000",0,3,1,7,740,"Peroxisome","KEGG"
"AET2Gv20936000",0,6,3,15,1397,"Amino sugar and nucleotide sugar metabolism","KEGG"
"AET2Gv20936000",0,6,3,15,1397,"Biosynthesis of nucleotide sugars","KEGG"
"AET2Gv20936000",0,6,3,15,1397,"Biosynthesis of various nucleotide sugars","KEGG"
"AET2Gv20936000",0,6,3,15,1397,"Metabolic pathways","KEGG"
"AET2Gv20940800",3,3,15,13,1531,"Biosynthesis of secondary metabolites","KEGG"
"AET2Gv20940800",3,3,15,13,1531,"Sesquiterpenoid and triterpenoid biosynthesis","KEGG"
"AET2Gv20940800",3,3,15,13,1531,"Terpenoid backbone biosynthesis","KEGG"
"AET2Gv20953700",3,1,2,5,1646,"Metabolic pathways","KEGG"
"AET2Gv20953700",3,1,2,5,1646,"N-Glycan biosynthesis","KEGG"
"AET2Gv20953700",3,1,2,5,1646,"Protein processing in endoplasmic reticulum","KEGG"
"AET2Gv20953700",3,1,2,5,1646,"Various types of N-glycan biosynthesis","KEGG"
"AET2Gv20996300",1,4,2,9,1202,"Metabolic pathways","KEGG"
"AET2Gv20996300",1,4,2,9,1202,"N-Glycan biosynthesis","KEGG"
"AET2Gv20996300",1,4,2,9,1202,"Various types of N-glycan biosynthesis","KEGG"
"AET2Gv21011100",8,4,10,19,2497,"Peroxisome","KEGG"
"AET2Gv21014800",0,2,2,20,1236,"Amino sugar and nucleotide sugar metabolism","KEGG"
"AET2Gv21014800",0,2,2,20,1236,"Biosynthesis of nucleotide sugars","KEGG"
"AET2Gv21014800",0,2,2,20,1236,"Carbohydrate metabolism","Reactome"
"AET2Gv21014800",0,2,2,20,1236,"GDP-D-rhamnose biosynthesis","Reactome"
"AET2Gv21014800",0,2,2,20,1236,"GDP-L-fucose biosynthesis I (from GDP-D-mannose)","Reactome"
"AET2Gv21014800",0,2,2,20,1236,"Metabolic pathways","KEGG"
"AET2Gv21014800",0,2,2,20,1236,"Metabolism and regulation","Reactome"
"AET2Gv21014800",0,2,2,20,1236,"UDP-L-arabinose biosynthesis and transport","Reactome"
"AET2Gv21079400",0,2,1,11,1150,"Amino acid metabolism","Reactome"
"AET2Gv21079400",0,2,1,11,1150,"Cysteine and methionine metabolism","KEGG"
"AET2Gv21079400",0,2,1,11,1150,"Metabolic pathways","KEGG"
"AET2Gv21079400",0,2,1,11,1150,"Metabolism and regulation","Reactome"
"AET2Gv21079400",0,2,1,11,1150,"One carbon pool by folate","KEGG"
"AET2Gv21079400",0,2,1,11,1150,"S-adenosyl-L-methionine cycle","Reactome"
"AET2Gv21086800",0,14,0,10,1326,"Amino acid metabolism","Reactome"
"AET2Gv21086800",0,14,0,10,1326,"Cysteine and methionine metabolism","KEGG"
"AET2Gv21086800",0,14,0,10,1326,"Metabolic pathways","KEGG"
"AET2Gv21086800",0,14,0,10,1326,"Metabolism and regulation","Reactome"
"AET2Gv21086800",0,14,0,10,1326,"One carbon pool by folate","KEGG"
"AET2Gv21086800",0,14,0,10,1326,"S-adenosyl-L-methionine cycle","Reactome"
"AET2Gv21086900",1,12,1,10,1207,"Biosynthesis of amino acids","KEGG"
"AET2Gv21086900",1,12,1,10,1207,"Biosynthesis of cofactors","KEGG"
"AET2Gv21086900",1,12,1,10,1207,"Biosynthesis of secondary metabolites","KEGG"
"AET2Gv21086900",1,12,1,10,1207,"Carbon metabolism","KEGG"
"AET2Gv21086900",1,12,1,10,1207,"Cyanoamino acid metabolism","KEGG"
"AET2Gv21086900",1,12,1,10,1207,"Folate transport and metabolism","KEGG"
"AET2Gv21086900",1,12,1,10,1207,"Glycine, serine and threonine metabolism","KEGG"
"AET2Gv21086900",1,12,1,10,1207,"Glyoxylate and dicarboxylate metabolism","KEGG"
"AET2Gv21086900",1,12,1,10,1207,"Metabolic pathways","KEGG"
"AET2Gv21086900",1,12,1,10,1207,"One carbon pool by folate","KEGG"
"AET2Gv21096500",1,1,2,13,1041,"Amino sugar and nucleotide sugar metabolism","KEGG"
"AET2Gv21096500",1,1,2,13,1041,"Biosynthesis of nucleotide sugars","KEGG"
"AET2Gv21096500",1,1,2,13,1041,"Carbohydrate metabolism","Reactome"
"AET2Gv21096500",1,1,2,13,1041,"Metabolic pathways","KEGG"
"AET2Gv21096500",1,1,2,13,1041,"Metabolism and regulation","Reactome"
"AET2Gv21096500",1,1,2,13,1041,"UDP-L-arabinose biosynthesis and transport","Reactome"
"AET2Gv21136600",9,49,4,32,1566,"Biosynthesis of secondary metabolites","KEGG"
"AET2Gv21136600",9,49,4,32,1566,"Carbohydrate metabolism","Reactome"
"AET2Gv21136600",9,49,4,32,1566,"Glycerol degradation I","Reactome"
"AET2Gv21136600",9,49,4,32,1566,"Glycerolipid metabolism","KEGG"
"AET2Gv21136600",9,49,4,32,1566,"Metabolic pathways","KEGG"
"AET2Gv21136600",9,49,4,32,1566,"Metabolism and regulation","Reactome"
"AET2Gv21136600",9,49,4,32,1566,"Plant-pathogen interaction","KEGG"
"AET2Gv21144900",2,9,2,8,1906,"Plant-pathogen interaction","KEGG"
"AET2Gv21145600",0,3,1,18,1020,"Fatty acid biosynthesis","KEGG"
"AET2Gv21145600",0,3,1,18,1020,"Fatty acid metabolism","KEGG"
"AET2Gv21145600",0,3,1,18,1020,"Metabolic pathways","KEGG"
"AET2Gv21148200",0,8,2,21,2193,"Ubiquitin mediated proteolysis","KEGG"
"AET2Gv21153900",4,11,3,9,3572,"RNA polymerase","KEGG"
"AET2Gv21188900",4,14,1,9,931,"Amino acid metabolism","Reactome"
"AET2Gv21188900",4,14,1,9,931,"Cysteine and methionine metabolism","KEGG"
"AET2Gv21188900",4,14,1,9,931,"Metabolic pathways","KEGG"
"AET2Gv21188900",4,14,1,9,931,"Metabolism and regulation","Reactome"
"AET2Gv21188900",4,14,1,9,931,"Methionine salvage pathway","Reactome"
"AET2Gv21191900",1,17,0,20,463,"Ribosome","KEGG"
"AET2Gv21208000",0,32,1,16,2610,"Efferocytosis","KEGG"
"AET2Gv21208000",0,32,1,16,2610,"Lysosome biogenesis","KEGG"
"AET2Gv21221800",3,3,0,11,1623,"Metabolic pathways","KEGG"
"AET2Gv21221800",3,3,0,11,1623,"N-Glycan biosynthesis","KEGG"
"AET2Gv21221800",3,3,0,11,1623,"Protein processing in endoplasmic reticulum","KEGG"
"AET2Gv21221800",3,3,0,11,1623,"Various types of N-glycan biosynthesis","KEGG"
"AET2Gv21230700",1,47,0,29,1304,"Biosynthesis of amino acids","KEGG"
"AET2Gv21230700",1,47,0,29,1304,"Biosynthesis of secondary metabolites","KEGG"
"AET2Gv21230700",1,47,0,29,1304,"Carbon metabolism","KEGG"
"AET2Gv21230700",1,47,0,29,1304,"Glycolysis / Gluconeogenesis","KEGG"
"AET2Gv21230700",1,47,0,29,1304,"Metabolic pathways","KEGG"
"AET2Gv21230700",1,47,0,29,1304,"Pyruvate metabolism","KEGG"
"AET2Gv21251600",1,27,0,8,1195,"Plant hormone signal transduction","KEGG"
"AET3Gv20046800",4,13,10,23,2541,"Aminoacyl-tRNA biosynthesis","KEGG"
"AET3Gv20053100",0,17,0,7,1062,"Biosynthesis of amino acids","KEGG"
"AET3Gv20053100",0,17,0,7,1062,"Biosynthesis of secondary metabolites","KEGG"
"AET3Gv20053100",0,17,0,7,1062,"Calvin cycle","Reactome"
"AET3Gv20053100",0,17,0,7,1062,"Carbohydrate metabolism","Reactome"
"AET3Gv20053100",0,17,0,7,1062,"Carbon fixation by Calvin cycle","KEGG"
"AET3Gv20053100",0,17,0,7,1062,"Carbon metabolism","KEGG"
"AET3Gv20053100",0,17,0,7,1062,"Fructose and mannose metabolism","KEGG"
"AET3Gv20053100",0,17,0,7,1062,"Glycolysis / Gluconeogenesis","KEGG"
"AET3Gv20053100",0,17,0,7,1062,"Metabolic pathways","KEGG"
"AET3Gv20053100",0,17,0,7,1062,"Metabolism and regulation","Reactome"
"AET3Gv20053100",0,17,0,7,1062,"Pentose phosphate pathway","KEGG"
"AET3Gv20081200",8,8,2,8,783,"Ascorbate and aldarate metabolism","KEGG"
"AET3Gv20081200",8,8,2,8,783,"Biosynthesis of cofactors","KEGG"
"AET3Gv20081200",8,8,2,8,783,"Biosynthesis of secondary metabolites","KEGG"
"AET3Gv20081200",8,8,2,8,783,"Glycerolipid metabolism","KEGG"
"AET3Gv20081200",8,8,2,8,783,"Glycolysis / Gluconeogenesis","KEGG"
"AET3Gv20081200",8,8,2,8,783,"Metabolic pathways","KEGG"
"AET3Gv20081200",8,8,2,8,783,"Pentose and glucuronate interconversions","KEGG"
"AET3Gv20081200",8,8,2,8,783,"Pyruvate metabolism","KEGG"
"AET3Gv20147500",0,5,1,7,1784,"ATP-dependent chromatin remodeling","KEGG"
"AET3Gv20165500",2,5,2,10,930,"Biosynthesis of secondary metabolites","KEGG"
"AET3Gv20165500",2,5,2,10,930,"Biosynthesis of unsaturated fatty acids","KEGG"
"AET3Gv20165500",2,5,2,10,930,"Brassinosteroid biosynthesis II","Reactome"
"AET3Gv20165500",2,5,2,10,930,"Fatty acid elongation","KEGG"
"AET3Gv20165500",2,5,2,10,930,"Fatty acid metabolism","KEGG"
"AET3Gv20165500",2,5,2,10,930,"Hormone signaling, transport, and metabolism","Reactome"
"AET3Gv20165500",2,5,2,10,930,"Metabolic pathways","KEGG"
"AET3Gv20165500",2,5,2,10,930,"Metabolism and regulation","Reactome"
"AET3Gv20168400",3,2,10,32,2057,"Biosynthesis of cofactors","KEGG"
"AET3Gv20168400",3,2,10,32,2057,"Cofactor biosyntheses","Reactome"
"AET3Gv20168400",3,2,10,32,2057,"Metabolic pathways","KEGG"
"AET3Gv20168400",3,2,10,32,2057,"Metabolism and regulation","Reactome"
"AET3Gv20168400",3,2,10,32,2057,"NAD biosynthesis I (from aspartate)","Reactome"
"AET3Gv20168400",3,2,10,32,2057,"Nicotinate and nicotinamide metabolism","KEGG"
"AET3Gv20169900",6,2,7,14,2107,"Amino acid biosynthesis","Reactome"
"AET3Gv20169900",6,2,7,14,2107,"Amino acid metabolism","Reactome"
"AET3Gv20169900",6,2,7,14,2107,"Beta-alanine biosynthesis II","Reactome"
"AET3Gv20169900",6,2,7,14,2107,"Biosynthesis of secondary metabolites","KEGG"
"AET3Gv20169900",6,2,7,14,2107,"Fatty acid degradation","KEGG"
"AET3Gv20169900",6,2,7,14,2107,"Fatty acid metabolism","KEGG"
"AET3Gv20169900",6,2,7,14,2107,"Metabolic pathways","KEGG"
"AET3Gv20169900",6,2,7,14,2107,"Metabolism and regulation","Reactome"
"AET3Gv20169900",6,2,7,14,2107,"alpha-Linolenic acid metabolism","KEGG"
"AET3Gv20178700",6,7,11,26,3147,"Nucleotide excision repair","KEGG"
"AET3Gv20183300",2,26,4,17,1427,"Fatty acid and lipid metabolism","Reactome"
"AET3Gv20183300",2,26,4,17,1427,"Metabolic pathways","KEGG"
"AET3Gv20183300",2,26,4,17,1427,"Metabolism and regulation","Reactome"
"AET3Gv20183300",2,26,4,17,1427,"Sphingolipid metabolism","KEGG;Reactome"
"AET3Gv20212000",1,2,7,17,772,"Metabolic pathways","KEGG"
"AET3Gv20238800",0,2,0,8,1690,"Carbon fixation by Calvin cycle","KEGG"
"AET3Gv20238800",0,2,0,8,1690,"Carbon metabolism","KEGG"
"AET3Gv20238800",0,2,0,8,1690,"Metabolic pathways","KEGG"
"AET3Gv20238800",0,2,0,8,1690,"Pyruvate metabolism","KEGG"
"AET3Gv20239100",0,2,3,9,1002,"Gibberellin biosynthesis I (non C-3, non C-13 hydroxylation)","Reactome"
"AET3Gv20239100",0,2,3,9,1002,"Gibberellin biosynthesis III (early C-13 hydroxylation)","Reactome"
"AET3Gv20239100",0,2,3,9,1002,"Hormone signaling, transport, and metabolism","Reactome"
"AET3Gv20239100",0,2,3,9,1002,"Metabolism and regulation","Reactome"
"AET3Gv20247000",1,4,5,12,2302,"Aminoacyl-tRNA biosynthesis","KEGG"
"AET3Gv20247000",1,4,5,12,2302,"Metabolic pathways","KEGG"
"AET3Gv20269200",1,1,0,9,4016,"ABC transporters","KEGG"
"AET3Gv20283800",1,5,3,11,2433,"Biosynthesis of secondary metabolites","KEGG"
"AET3Gv20283800",1,5,3,11,2433,"Choline biosynthesis III","Reactome"
"AET3Gv20283800",1,5,3,11,2433,"Endocytosis","KEGG"
"AET3Gv20283800",1,5,3,11,2433,"Ether lipid metabolism","KEGG"
"AET3Gv20283800",1,5,3,11,2433,"Fatty acid and lipid metabolism","Reactome"
"AET3Gv20283800",1,5,3,11,2433,"Glycerophospholipid metabolism","KEGG"
"AET3Gv20283800",1,5,3,11,2433,"Metabolic pathways","KEGG"
"AET3Gv20283800",1,5,3,11,2433,"Metabolism and regulation","Reactome"
"AET3Gv20298000",2,2,8,8,1470,"Base excision repair","KEGG"
"AET3Gv20298000",2,2,8,8,1470,"Cell cycle","Reactome"
"AET3Gv20298000",2,2,8,8,1470,"Cellular processes","Reactome"
"AET3Gv20298000",2,2,8,8,1470,"DNA replication","KEGG"
"AET3Gv20298000",2,2,8,8,1470,"DNA strand Elongation","Reactome"
"AET3Gv20298000",2,2,8,8,1470,"Homologous recombination","KEGG"
"AET3Gv20298000",2,2,8,8,1470,"Lagging strand synthesis","Reactome"
"AET3Gv20298000",2,2,8,8,1470,"Leading strand synthesis","Reactome"
"AET3Gv20298000",2,2,8,8,1470,"Maturation","Reactome"
"AET3Gv20298000",2,2,8,8,1470,"Mismatch repair","KEGG"
"AET3Gv20298000",2,2,8,8,1470,"Mitosis","Reactome"
"AET3Gv20298000",2,2,8,8,1470,"Nucleotide excision repair","KEGG"
"AET3Gv20298000",2,2,8,8,1470,"S phase","Reactome"
"AET3Gv20298000",2,2,8,8,1470,"Synthesis of DNA","Reactome"
"AET3Gv20322100",0,3,2,5,1641,"Metabolic pathways","KEGG"
"AET3Gv20322100",0,3,2,5,1641,"N-Glycan biosynthesis","KEGG"
"AET3Gv20322100",0,3,2,5,1641,"Various types of N-glycan biosynthesis","KEGG"
"AET3Gv20332000",0,1,1,3,657,"Lysosome biogenesis","KEGG"
"AET3Gv20332000",0,1,1,3,657,"Metabolic pathways","KEGG"
"AET3Gv20332000",0,1,1,3,657,"Oxidative phosphorylation","KEGG"
"AET3Gv20332000",0,1,1,3,657,"Phagosome","KEGG"
"AET3Gv20346700",1,1,0,14,556,"Peroxisome","KEGG"
"AET3Gv20360600",2,1,2,2,1854,"Hormone signaling, transport, and metabolism","Reactome"
"AET3Gv20360600",2,1,2,2,1854,"Jasmonic acid signaling","Reactome"
"AET3Gv20360600",2,1,2,2,1854,"Metabolism and regulation","Reactome"
"AET3Gv20377300",3,3,2,16,3261,"Aminoacyl-tRNA biosynthesis","KEGG"
"AET3Gv20385700",0,1,0,0,432,"Ribosome","KEGG"
"AET3Gv20393900",2,3,2,0,1366,"Growth and developmental processes","Reactome"
"AET3Gv20393900",2,3,2,0,1366,"Lateral root development","Reactome"
"AET3Gv20393900",2,3,2,0,1366,"Lateral root initiation","Reactome"
"AET3Gv20393900",2,3,2,0,1366,"Root structure development","Reactome"
"AET3Gv20393900",2,3,2,0,1366,"Vegetative structure development","Reactome"
"AET3Gv20396200",0,2,0,0,564,"Protein processing in endoplasmic reticulum","KEGG"
"AET3Gv20402100",4,3,7,20,1749,"Cutin, suberine and wax biosynthesis","KEGG"
"AET3Gv20408300",1,1,5,9,834,"Amino acid biosynthesis","Reactome"
"AET3Gv20408300",1,1,5,9,834,"Amino acid metabolism","Reactome"
"AET3Gv20408300",1,1,5,9,834,"Ascorbate and aldarate metabolism","KEGG"
"AET3Gv20408300",1,1,5,9,834,"Biosynthesis of amino acids","KEGG"
"AET3Gv20408300",1,1,5,9,834,"Biosynthesis of secondary metabolites","KEGG"
"AET3Gv20408300",1,1,5,9,834,"Histidine biosynthesis I","Reactome"
"AET3Gv20408300",1,1,5,9,834,"Histidine metabolism","KEGG"
"AET3Gv20408300",1,1,5,9,834,"Inositol phosphate metabolism","KEGG"
"AET3Gv20408300",1,1,5,9,834,"Metabolic pathways","KEGG"
"AET3Gv20408300",1,1,5,9,834,"Metabolism and regulation","Reactome"
"AET3Gv20408300",1,1,5,9,834,"Phosphatidylinositol signaling system","KEGG"
"AET3Gv20410500",2,2,2,9,622,"Biosynthesis of secondary metabolites","KEGG"
"AET3Gv20410500",2,2,2,9,622,"Metabolic pathways","KEGG"
"AET3Gv20410500",2,2,2,9,622,"Phenylpropanoid biosynthesis","KEGG"
"AET3Gv20421300",4,1,3,1,2154,"Aminoacyl-tRNA biosynthesis","KEGG"
"AET3Gv20421300",4,1,3,1,2154,"Biosynthesis of cofactors","KEGG"
"AET3Gv20421300",4,1,3,1,2154,"Biosynthesis of secondary metabolites","KEGG"
"AET3Gv20421300",4,1,3,1,2154,"Metabolic pathways","KEGG"
"AET3Gv20421300",4,1,3,1,2154,"Porphyrin metabolism","KEGG"
"AET3Gv20427000",3,2,2,0,1187,"Fanconi anemia pathway","KEGG"
"AET3Gv20427000",3,2,2,0,1187,"Homologous recombination","KEGG"
"AET3Gv20445100",1,2,1,1,1464,"Endocytosis","KEGG"
"AET3Gv20448900",0,5,0,2,1182,"Amino acid metabolism","Reactome"
"AET3Gv20448900",0,5,0,2,1182,"Biosynthesis of amino acids","KEGG"
"AET3Gv20448900",0,5,0,2,1182,"Biosynthesis of cofactors","KEGG"
"AET3Gv20448900",0,5,0,2,1182,"Biosynthesis of secondary metabolites","KEGG"
"AET3Gv20448900",0,5,0,2,1182,"Biosynthesis of various plant secondary metabolites; Including: Crocin biosynthesis, Ginsenoside biosynthesis, Saponin adjuvant biosynthesis, Cannabidiol biosynthesis, Mugineic acid biosynthesis, Pentagalloylglucose biosynthesis, Benzoxazinoid biosynthesis, Gramine biosynthesis, Coumarin biosynthesis, Furanocoumarin biosynthesis, Hordatine biosynthesis, Podophyllotoxin biosynthesis","KEGG"
"AET3Gv20448900",0,5,0,2,1182,"Cysteine and methionine metabolism","KEGG"
"AET3Gv20448900",0,5,0,2,1182,"Ethylene biosynthesis and signaling","Reactome"
"AET3Gv20448900",0,5,0,2,1182,"Ethylene biosynthesis from methionine","Reactome"
"AET3Gv20448900",0,5,0,2,1182,"Hormone signaling, transport, and metabolism","Reactome"
"AET3Gv20448900",0,5,0,2,1182,"Inorganic nutrients metabolism","Reactome"
"AET3Gv20448900",0,5,0,2,1182,"Metabolic pathways","KEGG"
"AET3Gv20448900",0,5,0,2,1182,"Metabolism and regulation","Reactome"
"AET3Gv20448900",0,5,0,2,1182,"Methionine salvage pathway","Reactome"
"AET3Gv20448900",0,5,0,2,1182,"Mugineic acid biosynthesis","Reactome"
"AET3Gv20448900",0,5,0,2,1182,"One carbon pool by folate","KEGG"
"AET3Gv20448900",0,5,0,2,1182,"Response to iron deficiency","Reactome"
"AET3Gv20448900",0,5,0,2,1182,"S-adenosyl-L-methionine cycle","Reactome"
"AET3Gv20485600",8,3,10,6,6497,"Lysosome biogenesis","KEGG"
"AET3Gv20503700",1,1,2,0,1009,"Hormone signaling, transport, and metabolism","Reactome"
"AET3Gv20503700",1,1,2,0,1009,"IAA biosynthesis II","Reactome"
"AET3Gv20503700",1,1,2,0,1009,"Metabolism and regulation","Reactome"
"AET3Gv20508200",0,3,0,15,2896,"Alanine, aspartate and glutamate metabolism","KEGG"
"AET3Gv20508200",0,3,0,15,2896,"Arginine biosynthesis","KEGG"
"AET3Gv20508200",0,3,0,15,2896,"Biosynthesis of cofactors","KEGG"
"AET3Gv20508200",0,3,0,15,2896,"Biosynthesis of secondary metabolites","KEGG"
"AET3Gv20508200",0,3,0,15,2896,"Metabolic pathways","KEGG"
"AET3Gv20508200",0,3,0,15,2896,"Pyrimidine metabolism","KEGG"
"AET3Gv20537800",0,1,0,1,531,"Lysosome biogenesis","KEGG"
"AET3Gv20537800",0,1,0,1,531,"Metabolic pathways","KEGG"
"AET3Gv20537800",0,1,0,1,531,"Oxidative phosphorylation","KEGG"
"AET3Gv20537800",0,1,0,1,531,"Phagosome","KEGG"
"AET3Gv20549300",1,1,0,2,862,"Nucleocytoplasmic transport","KEGG"
"AET3Gv20552100",0,1,0,3,1253,"Plant hormone signal transduction","KEGG"
"AET3Gv20552100",0,1,0,3,1253,"Plant-pathogen interaction","KEGG"
"AET3Gv20560000",0,1,1,3,407,"Ribosome","KEGG"
"AET3Gv20574000",5,2,5,0,1747,"Ribosome biogenesis in eukaryotes","KEGG"
"AET3Gv20580700",2,2,1,4,1829,"Fatty acid biosynthesis","KEGG"
"AET3Gv20580700",2,2,1,4,1829,"Fatty acid degradation","KEGG"
"AET3Gv20580700",2,2,1,4,1829,"Fatty acid metabolism","KEGG"
"AET3Gv20580700",2,2,1,4,1829,"Metabolic pathways","KEGG"
"AET3Gv20580700",2,2,1,4,1829,"Peroxisome","KEGG"
"AET3Gv20582900",0,1,0,5,657,"Lysosome biogenesis","KEGG"
"AET3Gv20582900",0,1,0,5,657,"Metabolic pathways","KEGG"
"AET3Gv20582900",0,1,0,5,657,"Oxidative phosphorylation","KEGG"
"AET3Gv20582900",0,1,0,5,657,"Phagosome","KEGG"
"AET3Gv20586300",0,1,0,1,335,"Ribosome","KEGG"
"AET3Gv20592700",1,3,1,4,2001,"Efferocytosis","KEGG"
"AET3Gv20592700",1,3,1,4,2001,"Lysosome biogenesis","KEGG"
"AET3Gv20629000",5,4,8,8,3710,"mRNA surveillance pathway","KEGG"
"AET3Gv20633200",0,1,0,8,909,"Brassinosteroid signaling","Reactome"
"AET3Gv20633200",0,1,0,8,909,"Growth and developmental processes","Reactome"
"AET3Gv20633200",0,1,0,8,909,"Hormone signaling, transport, and metabolism","Reactome"
"AET3Gv20633200",0,1,0,8,909,"Metabolism and regulation","Reactome"
"AET3Gv20633200",0,1,0,8,909,"Regulation of seed size","Reactome"
"AET3Gv20633200",0,1,0,8,909,"Reproductive structure development","Reactome"
"AET3Gv20633200",0,1,0,8,909,"Seed development","Reactome"
"AET3Gv20640600",0,1,0,4,861,"Allantoin degradation","Reactome"
"AET3Gv20640600",0,1,0,4,861,"Amine and polyamine biosynthesis","Reactome"
"AET3Gv20640600",0,1,0,4,861,"Biosynthesis of secondary metabolites","KEGG"
"AET3Gv20640600",0,1,0,4,861,"Carbon metabolism","KEGG"
"AET3Gv20640600",0,1,0,4,861,"Glycerolipid metabolism","KEGG"
"AET3Gv20640600",0,1,0,4,861,"Glycine, serine and threonine metabolism","KEGG"
"AET3Gv20640600",0,1,0,4,861,"Glyoxylate and dicarboxylate metabolism","KEGG"
"AET3Gv20640600",0,1,0,4,861,"Metabolic pathways","KEGG"
"AET3Gv20640600",0,1,0,4,861,"Metabolism and regulation","Reactome"
"AET3Gv20640700",3,1,3,8,2109,"Glycosylphosphatidylinositol","KEGG"
"AET3Gv20640700",3,1,3,8,2109,"Metabolic pathways","KEGG"
"AET3Gv20655400",4,5,5,9,1885,"Nucleocytoplasmic transport","KEGG"
"AET3Gv20660300",3,1,2,2,990,"Aminoacyl-tRNA biosynthesis","KEGG"
"AET3Gv20669100",1,5,0,13,1891,"Detoxification","Reactome"
"AET3Gv20669100",1,5,0,13,1891,"Generation of superoxide radicals","Reactome"
"AET3Gv20669100",1,5,0,13,1891,"Gravitropism under normal or artificial gravity environments","Reactome"
"AET3Gv20669100",1,5,0,13,1891,"MAPK signaling pathway - plant","KEGG"
"AET3Gv20669100",1,5,0,13,1891,"Metabolism and regulation","Reactome"
"AET3Gv20669100",1,5,0,13,1891,"Plant-pathogen interaction","KEGG"
"AET3Gv20669100",1,5,0,13,1891,"Reactive oxygen species (ROS) homeostasis","Reactome"
"AET3Gv20669100",1,5,0,13,1891,"Responses to stimuli: abiotic stimuli and stresses","Reactome"
"AET3Gv20669100",1,5,0,13,1891,"Root angle formation: elongation and curvature response","Reactome"
"AET3Gv20669100",1,5,0,13,1891,"Root gravitropism","Reactome"
"AET3Gv20678000",0,1,5,13,1660,"Carbon fixation by Calvin cycle","KEGG"
"AET3Gv20678000",0,1,5,13,1660,"Carbon metabolism","KEGG"
"AET3Gv20678000",0,1,5,13,1660,"Metabolic pathways","KEGG"
"AET3Gv20678000",0,1,5,13,1660,"Pyruvate metabolism","KEGG"
"AET3Gv20697800",2,1,1,1,1275,"Cardiolipin biosynthesis","Reactome"
"AET3Gv20697800",2,1,1,1,1275,"Fatty acid and lipid metabolism","Reactome"
"AET3Gv20697800",2,1,1,1,1275,"Metabolism and regulation","Reactome"
"AET3Gv20697800",2,1,1,1,1275,"Phospholipid biosynthesis I","Reactome"
"AET3Gv20704200",2,2,9,15,2362,"Arachidonic acid metabolism","KEGG"
"AET3Gv20704200",2,2,9,15,2362,"Biosynthesis of secondary metabolites","KEGG"
"AET3Gv20704200",2,2,9,15,2362,"Ether lipid metabolism","KEGG"
"AET3Gv20704200",2,2,9,15,2362,"Glycerolipid metabolism","KEGG"
"AET3Gv20704200",2,2,9,15,2362,"Glycerophospholipid metabolism","KEGG"
"AET3Gv20704200",2,2,9,15,2362,"Linoleic acid metabolism","KEGG"
"AET3Gv20704200",2,2,9,15,2362,"Metabolic pathways","KEGG"
"AET3Gv20704200",2,2,9,15,2362,"Steroid biosynthesis","KEGG"
"AET3Gv20704200",2,2,9,15,2362,"alpha-Linolenic acid metabolism","KEGG"
"AET3Gv20713000",1,6,4,9,3417,"RNA degradation","KEGG"
"AET3Gv20714400",3,1,5,2,2310,"RNA degradation","KEGG"
"AET3Gv20719900",12,5,12,9,1968,"Biosynthesis of secondary metabolites","KEGG"
"AET3Gv20719900",12,5,12,9,1968,"Biosynthesis of various plant secondary metabolites; Including: Crocin biosynthesis, Ginsenoside biosynthesis, Saponin adjuvant biosynthesis, Cannabidiol biosynthesis, Mugineic acid biosynthesis, Pentagalloylglucose biosynthesis, Benzoxazinoid biosynthesis, Gramine biosynthesis, Coumarin biosynthesis, Furanocoumarin biosynthesis, Hordatine biosynthesis, Podophyllotoxin biosynthesis","KEGG"
"AET3Gv20719900",12,5,12,9,1968,"Cyanoamino acid metabolism","KEGG"
"AET3Gv20719900",12,5,12,9,1968,"Metabolic pathways","KEGG"
"AET3Gv20719900",12,5,12,9,1968,"Starch and sucrose metabolism","KEGG"
"AET3Gv20723500",1,4,4,3,1828,"Protein processing in endoplasmic reticulum","KEGG"
"AET3Gv20727300",3,4,7,10,1488,"Ribosome biogenesis in eukaryotes","KEGG"
"AET3Gv20751800",0,5,0,4,741,"Ribosome","KEGG"
"AET3Gv20755700",0,8,0,15,1341,"IgSF CAM signaling","KEGG"
"AET3Gv20755700",0,8,0,15,1341,"Motor proteins","KEGG"
"AET3Gv20755700",0,8,0,15,1341,"Phagosome","KEGG"
"AET3Gv20771500",4,4,2,9,1669,"Biosynthesis of amino acids","KEGG"
"AET3Gv20771500",4,4,2,9,1669,"Biosynthesis of secondary metabolites","KEGG"
"AET3Gv20771500",4,4,2,9,1669,"Carbon metabolism","KEGG"
"AET3Gv20771500",4,4,2,9,1669,"Glycine, serine and threonine metabolism","KEGG"
"AET3Gv20771500",4,4,2,9,1669,"Glycolysis / Gluconeogenesis","KEGG"
"AET3Gv20771500",4,4,2,9,1669,"Metabolic pathways","KEGG"
"AET3Gv20817600",1,1,1,11,2041,"Arginine and proline metabolism","KEGG"
"AET3Gv20817600",1,1,1,11,2041,"Biosynthesis of amino acids","KEGG"
"AET3Gv20817600",1,1,1,11,2041,"Biosynthesis of secondary metabolites","KEGG"
"AET3Gv20817600",1,1,1,11,2041,"Metabolic pathways","KEGG"
"AET3Gv20842900",0,13,0,4,875,"Biosynthesis of secondary metabolites","KEGG"
"AET3Gv20842900",0,13,0,4,875,"Carbon fixation by Calvin cycle","KEGG"
"AET3Gv20842900",0,13,0,4,875,"Carbon metabolism","KEGG"
"AET3Gv20842900",0,13,0,4,875,"Fructose and mannose metabolism","KEGG"
"AET3Gv20842900",0,13,0,4,875,"Glycolysis / Gluconeogenesis","KEGG"
"AET3Gv20842900",0,13,0,4,875,"Metabolic pathways","KEGG"
"AET3Gv20842900",0,13,0,4,875,"Pentose phosphate pathway","KEGG"
"AET3Gv20881000",1,2,1,2,1101,"Plant-pathogen interaction","KEGG"
"AET3Gv20898300",7,16,3,6,1752,"Protein export","KEGG"
"AET3Gv20930500",3,3,1,4,1626,"Basal transcription factors","KEGG"
"AET3Gv20930500",3,3,1,4,1626,"Nucleotide excision repair","KEGG"
"AET3Gv20955400",12,6,7,8,2270,"Growth and developmental processes","Reactome"
"AET3Gv20955400",12,6,7,8,2270,"Metabolic pathways","KEGG"
"AET3Gv20955400",12,6,7,8,2270,"N-Glycan biosynthesis","KEGG"
"AET3Gv20955400",12,6,7,8,2270,"Primary root development","Reactome"
"AET3Gv20955400",12,6,7,8,2270,"Protein processing in endoplasmic reticulum","KEGG"
"AET3Gv20955400",12,6,7,8,2270,"Root structure development","Reactome"
"AET3Gv20955400",12,6,7,8,2270,"Vegetative structure development","Reactome"
"AET3Gv20976400",0,5,0,16,1176,"Biosynthesis of amino acids","KEGG"
"AET3Gv20976400",0,5,0,16,1176,"Biosynthesis of secondary metabolites","KEGG"
"AET3Gv20976400",0,5,0,16,1176,"Carbon fixation by Calvin cycle","KEGG"
"AET3Gv20976400",0,5,0,16,1176,"Carbon metabolism","KEGG"
"AET3Gv20976400",0,5,0,16,1176,"Metabolic pathways","KEGG"
"AET3Gv20976400",0,5,0,16,1176,"Pentose phosphate pathway","KEGG"
"AET3Gv20978300",0,9,2,3,1604,"Lysine degradation","KEGG"
"AET3Gv20978300",0,9,2,3,1604,"Metabolic pathways","KEGG"
"AET3Gv21182100",2,9,5,5,689,"Cadherin signaling","KEGG"
"AET3Gv21247200",0,2,5,16,1068,"Gravitropism under normal or artificial gravity environments","Reactome"
"AET3Gv21247200",0,2,5,16,1068,"Metabolism and regulation","Reactome"
"AET3Gv21247200",0,2,5,16,1068,"Responses to stimuli: abiotic stimuli and stresses","Reactome"
"AET3Gv21247200",0,2,5,16,1068,"Root angle formation: elongation and curvature response","Reactome"
"AET3Gv21247200",0,2,5,16,1068,"Root gravitropism","Reactome"
"AET3Gv21247200",0,2,5,16,1068,"Secondary metabolism","Reactome"
"AET3Gv21247200",0,2,5,16,1068,"Tricin biosynthesis","Reactome"
"AET4Gv20019600",7,5,3,15,2391,"RNA degradation","KEGG"
"AET4Gv20073500",2,10,3,22,1905,"MAPK signaling pathway - plant","KEGG"
"AET4Gv20073500",2,10,3,22,1905,"Plant hormone signal transduction","KEGG"
"AET4Gv20075500",2,3,1,12,1311,"mRNA surveillance pathway","KEGG"
"AET4Gv20092200",0,13,3,11,5113,"Inositol phosphate metabolism","KEGG"
"AET4Gv20092200",0,13,3,11,5113,"Metabolic pathways","KEGG"
"AET4Gv20092200",0,13,3,11,5113,"Phosphatidylinositol signaling system","KEGG"
"AET4Gv20101800",4,5,5,12,2545,"Efferocytosis","KEGG"
"AET4Gv20101800",4,5,5,12,2545,"Lysosome biogenesis","KEGG"
"AET4Gv20108000",2,5,3,19,1749,"Lysosome biogenesis","KEGG"
"AET4Gv20129100",0,2,3,9,914,"Lysosome biogenesis","KEGG"
"AET4Gv20129800",3,3,0,3,1207,"Biosynthesis of secondary metabolites","KEGG"
"AET4Gv20129800",3,3,0,3,1207,"Cofactor biosyntheses","Reactome"
"AET4Gv20129800",3,3,0,3,1207,"Metabolic pathways","KEGG"
"AET4Gv20129800",3,3,0,3,1207,"Metabolism and regulation","Reactome"
"AET4Gv20129800",3,3,0,3,1207,"Methylerythritol phosphate pathway","Reactome"
"AET4Gv20129800",3,3,0,3,1207,"Terpenoid backbone biosynthesis","KEGG"
"AET4Gv20137200",0,3,0,35,1749,"Metabolic pathways","KEGG"
"AET4Gv20137200",0,3,0,35,1749,"Starch and sucrose metabolism","KEGG"
"AET4Gv20139100",0,1,0,5,615,"Amino acid biosynthesis","Reactome"
"AET4Gv20139100",0,1,0,5,615,"Amino acid metabolism","Reactome"
"AET4Gv20139100",0,1,0,5,615,"Isoleucine biosynthesis from threonine","Reactome"
"AET4Gv20139100",0,1,0,5,615,"Metabolism and regulation","Reactome"
"AET4Gv20139100",0,1,0,5,615,"Valine biosynthesis","Reactome"
"AET4Gv20176000",3,3,3,14,2289,"Protein processing in endoplasmic reticulum","KEGG"
"AET4Gv20176300",1,1,1,9,1157,"2-Oxocarboxylic acid metabolism","KEGG"
"AET4Gv20176300",1,1,1,9,1157,"Biosynthesis of amino acids","KEGG"
"AET4Gv20176300",1,1,1,9,1157,"Biosynthesis of secondary metabolites","KEGG"
"AET4Gv20176300",1,1,1,9,1157,"Butanoate metabolism","KEGG"
"AET4Gv20176300",1,1,1,9,1157,"C5-Branched dibasic acid metabolism","KEGG"
"AET4Gv20176300",1,1,1,9,1157,"Metabolic pathways","KEGG"
"AET4Gv20176300",1,1,1,9,1157,"Pantothenate and CoA biosynthesis","KEGG"
"AET4Gv20176300",1,1,1,9,1157,"Valine, leucine and isoleucine biosynthesis","KEGG"
"AET4Gv20190400",3,14,3,9,2736,"Plant-pathogen interaction","KEGG"
"AET4Gv20203200",3,3,2,9,1337,"Arginine and proline metabolism","KEGG"
"AET4Gv20203200",3,3,2,9,1337,"Ascorbate and aldarate metabolism","KEGG"
"AET4Gv20203200",3,3,2,9,1337,"Biosynthesis of cofactors","KEGG"
"AET4Gv20203200",3,3,2,9,1337,"Biosynthesis of secondary metabolites","KEGG"
"AET4Gv20203200",3,3,2,9,1337,"Fatty acid degradation","KEGG"
"AET4Gv20203200",3,3,2,9,1337,"Glycerolipid metabolism","KEGG"
"AET4Gv20203200",3,3,2,9,1337,"Glycolysis / Gluconeogenesis","KEGG"
"AET4Gv20203200",3,3,2,9,1337,"Histidine metabolism","KEGG"
"AET4Gv20203200",3,3,2,9,1337,"Lysine degradation","KEGG"
"AET4Gv20203200",3,3,2,9,1337,"Metabolic pathways","KEGG"
"AET4Gv20203200",3,3,2,9,1337,"Pantothenate and CoA biosynthesis","KEGG"
"AET4Gv20203200",3,3,2,9,1337,"Pyruvate metabolism","KEGG"
"AET4Gv20203200",3,3,2,9,1337,"Tryptophan metabolism","KEGG"
"AET4Gv20203200",3,3,2,9,1337,"Valine, leucine and isoleucine degradation","KEGG"
"AET4Gv20203200",3,3,2,9,1337,"beta-Alanine metabolism","KEGG"
"AET4Gv20203800",0,1,1,2,729,"Proteasome","KEGG"
"AET4Gv20206300",4,3,9,21,2687,"Protein export","KEGG"
"AET4Gv20213100",0,2,0,1,447,"Biosynthesis of cofactors","KEGG"
"AET4Gv20213100",0,2,0,1,447,"Biosynthesis of secondary metabolites","KEGG"
"AET4Gv20213100",0,2,0,1,447,"MAPK signaling pathway - plant","KEGG"
"AET4Gv20213100",0,2,0,1,447,"Metabolic pathways","KEGG"
"AET4Gv20213100",0,2,0,1,447,"Nucleotide metabolism","KEGG"
"AET4Gv20213100",0,2,0,1,447,"Purine metabolism","KEGG"
"AET4Gv20213100",0,2,0,1,447,"Pyrimidine metabolism","KEGG"
"AET4Gv20220400",2,4,2,9,1293,"Ascorbate and aldarate metabolism","KEGG"
"AET4Gv20220400",2,4,2,9,1293,"Biosynthesis of cofactors","KEGG"
"AET4Gv20220400",2,4,2,9,1293,"Biosynthesis of secondary metabolites","KEGG"
"AET4Gv20220400",2,4,2,9,1293,"Metabolic pathways","KEGG"
"AET4Gv20220600",0,4,9,31,2658,"Inositol phosphate metabolism","KEGG"
"AET4Gv20220600",0,4,9,31,2658,"Metabolic pathways","KEGG"
"AET4Gv20220600",0,4,9,31,2658,"Phosphatidylinositol signaling system","KEGG"
"AET4Gv20224800",0,2,1,1,1590,"Biosynthesis of amino acids","KEGG"
"AET4Gv20224800",0,2,1,1,1590,"Biosynthesis of secondary metabolites","KEGG"
"AET4Gv20224800",0,2,1,1,1590,"Carbon metabolism","KEGG"
"AET4Gv20224800",0,2,1,1,1590,"Glycolysis / Gluconeogenesis","KEGG"
"AET4Gv20224800",0,2,1,1,1590,"Metabolic pathways","KEGG"
"AET4Gv20224800",0,2,1,1,1590,"Pyruvate metabolism","KEGG"
"AET4Gv20235500",0,9,0,5,1167,"Ribosome","KEGG"
"AET4Gv20235600",3,3,0,2,651,"SNARE interactions in vesicular transport","KEGG"
"AET4Gv20241100",0,6,0,4,1812,"Glycerolipid metabolism","KEGG"
"AET4Gv20241100",0,6,0,4,1812,"Metabolic pathways","KEGG"
"AET4Gv20242400",2,3,3,4,1705,"Circadian rhythm - plant","KEGG"
"AET4Gv20247400",1,3,6,9,1457,"Protein export","KEGG"
"AET4Gv20258800",2,1,1,14,1270,"Biosynthesis of secondary metabolites","KEGG"
"AET4Gv20258800",2,1,1,14,1270,"Metabolic pathways","KEGG"
"AET4Gv20258800",2,1,1,14,1270,"Steroid biosynthesis","KEGG"
"AET4Gv20282200",2,2,5,8,2937,"Ubiquitin mediated proteolysis","KEGG"
"AET4Gv20283900",4,3,6,5,2506,"Nucleocytoplasmic transport","KEGG"
"AET4Gv20286700",0,2,0,1,795,"Biosynthesis of secondary metabolites","KEGG"
"AET4Gv20286700",0,2,0,1,795,"Cholesterol biosynthesis I","Reactome"
"AET4Gv20286700",0,2,0,1,795,"Cholesterol biosynthesis II (via 24,25-dihydrolanosterol)","Reactome"
"AET4Gv20286700",0,2,0,1,795,"Cholesterol biosynthesis III (via desmosterol)","Reactome"
"AET4Gv20286700",0,2,0,1,795,"Fatty acid and lipid metabolism","Reactome"
"AET4Gv20286700",0,2,0,1,795,"Metabolic pathways","KEGG"
"AET4Gv20286700",0,2,0,1,795,"Metabolism and regulation","Reactome"
"AET4Gv20286700",0,2,0,1,795,"Steroid biosynthesis","KEGG"
"AET4Gv20300300",0,2,1,4,1875,"Endocytosis","KEGG"
"AET4Gv20300300",0,2,1,4,1875,"Protein processing in endoplasmic reticulum","KEGG"
"AET4Gv20300300",0,2,1,4,1875,"Spliceosome","KEGG"
"AET4Gv20307700",6,4,7,8,1946,"Ribosome biogenesis in eukaryotes","KEGG"
"AET4Gv20352100",0,1,0,0,1429,"Other types of O-glycan biosynthesis","KEGG"
"AET4Gv20365600",0,3,0,0,1605,"Amino sugar and nucleotide sugar metabolism","KEGG"
"AET4Gv20365600",0,3,0,0,1605,"Metabolic pathways","KEGG"
"AET4Gv20398700",1,1,1,3,1380,"mRNA surveillance pathway","KEGG"
"AET4Gv20402600",0,6,0,3,2137,"Protein processing in endoplasmic reticulum","KEGG"
"AET4Gv20424200",9,3,3,2,2208,"Nucleocytoplasmic transport","KEGG"
"AET4Gv20424200",9,3,3,2,2208,"Spliceosome","KEGG"
"AET4Gv20424200",9,3,3,2,2208,"mRNA surveillance pathway","KEGG"
"AET4Gv20444400",2,2,1,3,2449,"Metabolic pathways","KEGG"
"AET4Gv20444400",2,2,1,3,2449,"Purine metabolism","KEGG"
"AET4Gv20448500",0,1,0,2,1046,"Biosynthesis of cofactors","KEGG"
"AET4Gv20448500",0,1,0,2,1046,"Biosynthesis of secondary metabolites","KEGG"
"AET4Gv20448500",0,1,0,2,1046,"Metabolic pathways","KEGG"
"AET4Gv20448500",0,1,0,2,1046,"Porphyrin metabolism","KEGG"
"AET4Gv20454100",3,2,7,18,3435,"Ribosome biogenesis in eukaryotes","KEGG"
"AET4Gv20458900",0,1,0,3,1465,"Metabolic pathways","KEGG"
"AET4Gv20458900",0,1,0,3,1465,"Starch and sucrose metabolism","KEGG"
"AET4Gv20459000",0,1,0,4,1240,"Biosynthesis of secondary metabolites","KEGG"
"AET4Gv20459000",0,1,0,4,1240,"Metabolic pathways","KEGG"
"AET4Gv20459000",0,1,0,4,1240,"Nucleotide metabolism","KEGG"
"AET4Gv20459000",0,1,0,4,1240,"Purine metabolism","KEGG"
"AET4Gv20459000",0,1,0,4,1240,"Pyrimidine metabolism","KEGG"
"AET4Gv20467500",1,1,5,2,1957,"Amino sugar and nucleotide sugar metabolism","KEGG"
"AET4Gv20467500",1,1,5,2,1957,"Metabolic pathways","KEGG"
"AET4Gv20470100",2,2,4,2,1798,"Biosynthesis of secondary metabolites","KEGG"
"AET4Gv20470100",2,2,4,2,1798,"Carbon metabolism","KEGG"
"AET4Gv20470100",2,2,4,2,1798,"Glutathione metabolism","KEGG"
"AET4Gv20470100",2,2,4,2,1798,"Metabolic pathways","KEGG"
"AET4Gv20470100",2,2,4,2,1798,"Pentose phosphate pathway","KEGG"
"AET4Gv20482800",0,2,5,17,909,"Protein processing in endoplasmic reticulum","KEGG"
"AET4Gv20482800",0,2,5,17,909,"Ubiquitin mediated proteolysis","KEGG"
"AET4Gv20502100",4,5,4,2,2924,"Ubiquitin mediated proteolysis","KEGG"
"AET4Gv20524800",4,2,2,4,587,"Nucleocytoplasmic transport","KEGG"
"AET4Gv20524800",4,2,2,4,587,"Spliceosome","KEGG"
"AET4Gv20524800",4,2,2,4,587,"mRNA surveillance pathway","KEGG"
"AET4Gv20525100",2,2,1,17,2025,"Carbohydrate metabolism","Reactome"
"AET4Gv20525100",2,2,1,17,2025,"GDP-D-rhamnose biosynthesis","Reactome"
"AET4Gv20525100",2,2,1,17,2025,"GDP-L-fucose biosynthesis I (from GDP-D-mannose)","Reactome"
"AET4Gv20525100",2,2,1,17,2025,"Metabolism and regulation","Reactome"
"AET4Gv20525200",0,2,0,2,1041,"Amino sugar and nucleotide sugar metabolism","KEGG"
"AET4Gv20525200",0,2,0,2,1041,"Biosynthesis of nucleotide sugars","KEGG"
"AET4Gv20525200",0,2,0,2,1041,"Carbohydrate metabolism","Reactome"
"AET4Gv20525200",0,2,0,2,1041,"GDP-D-rhamnose biosynthesis","Reactome"
"AET4Gv20525200",0,2,0,2,1041,"GDP-L-fucose biosynthesis I (from GDP-D-mannose)","Reactome"
"AET4Gv20525200",0,2,0,2,1041,"Metabolic pathways","KEGG"
"AET4Gv20525200",0,2,0,2,1041,"Metabolism and regulation","Reactome"
"AET4Gv20525200",0,2,0,2,1041,"UDP-D-xylose biosynthesis","Reactome"
"AET4Gv20535700",7,3,15,15,2475,"Nucleocytoplasmic transport","KEGG"
"AET4Gv20535700",7,3,15,15,2475,"mRNA surveillance pathway","KEGG"
"AET4Gv20539600",2,3,2,8,1032,"Biosynthesis of secondary metabolites","KEGG"
"AET4Gv20539600",2,3,2,8,1032,"Calvin cycle","Reactome"
"AET4Gv20539600",2,3,2,8,1032,"Carbohydrate metabolism","Reactome"
"AET4Gv20539600",2,3,2,8,1032,"Carbon fixation by Calvin cycle","KEGG"
"AET4Gv20539600",2,3,2,8,1032,"Carbon metabolism","KEGG"
"AET4Gv20539600",2,3,2,8,1032,"Fructose and mannose metabolism","KEGG"
"AET4Gv20539600",2,3,2,8,1032,"Glycolysis / Gluconeogenesis","KEGG"
"AET4Gv20539600",2,3,2,8,1032,"Metabolic pathways","KEGG"
"AET4Gv20539600",2,3,2,8,1032,"Metabolism and regulation","Reactome"
"AET4Gv20539600",2,3,2,8,1032,"Pentose phosphate pathway","KEGG"
"AET4Gv20549700",3,3,2,2,1334,"Growth and developmental processes","Reactome"
"AET4Gv20549700",3,3,2,2,1334,"Regulatory network of nutrient accumulation","Reactome"
"AET4Gv20549700",3,3,2,2,1334,"Reproductive structure development","Reactome"
"AET4Gv20549700",3,3,2,2,1334,"Seed development","Reactome"
"AET4Gv20561900",6,1,2,1,1399,"Biosynthesis of secondary metabolites","KEGG"
"AET4Gv20561900",6,1,2,1,1399,"Metabolic pathways","KEGG"
"AET4Gv20561900",6,1,2,1,1399,"Terpenoid backbone biosynthesis","KEGG"
"AET4Gv20574600",0,2,2,14,1200,"Proteasome","KEGG"
"AET4Gv20581600",1,1,8,12,902,"Lysosome biogenesis","KEGG"
"AET4Gv20581600",1,1,8,12,902,"Metabolic pathways","KEGG"
"AET4Gv20581600",1,1,8,12,902,"Riboflavin metabolism","KEGG"
"AET4Gv20585200",1,2,1,10,1521,"Lysosome biogenesis","KEGG"
"AET4Gv20599100",0,4,1,25,1634,"Biosynthesis of secondary metabolites","KEGG"
"AET4Gv20599100",0,4,1,25,1634,"Carbohydrate metabolism","Reactome"
"AET4Gv20599100",0,4,1,25,1634,"Metabolic pathways","KEGG"
"AET4Gv20599100",0,4,1,25,1634,"Metabolism and regulation","Reactome"
"AET4Gv20599100",0,4,1,25,1634,"Starch and sucrose metabolism","KEGG"
"AET4Gv20599100",0,4,1,25,1634,"Trehalose biosynthesis I","Reactome"
"AET4Gv20613200",0,3,1,20,1746,"Activation of pre-replication complex","Reactome"
"AET4Gv20613200",0,3,1,20,1746,"Cell cycle","Reactome"
"AET4Gv20613200",0,3,1,20,1746,"Cellular processes","Reactome"
"AET4Gv20613200",0,3,1,20,1746,"DNA replication","KEGG"
"AET4Gv20613200",0,3,1,20,1746,"Fanconi anemia pathway","KEGG"
"AET4Gv20613200",0,3,1,20,1746,"G1/S transition","Reactome"
"AET4Gv20613200",0,3,1,20,1746,"Homologous recombination","KEGG"
"AET4Gv20613200",0,3,1,20,1746,"Mismatch repair","KEGG"
"AET4Gv20613200",0,3,1,20,1746,"Mitosis","Reactome"
"AET4Gv20613200",0,3,1,20,1746,"Nucleotide excision repair","KEGG"
"AET4Gv20646600",1,2,4,12,1395,"Aminoacyl-tRNA biosynthesis","KEGG"
"AET4Gv20649800",0,3,4,5,804,"Biosynthesis of secondary metabolites","KEGG"
"AET4Gv20649800",0,3,4,5,804,"Terpenoid backbone biosynthesis","KEGG"
"AET4Gv20657400",0,1,0,3,319,"Metabolic pathways","KEGG"
"AET4Gv20657400",0,1,0,3,319,"Oxidative phosphorylation","KEGG"
"AET4Gv20659400",0,6,0,19,2454,"Protein processing in endoplasmic reticulum","KEGG"
"AET4Gv20660000",0,6,0,13,2428,"Protein processing in endoplasmic reticulum","KEGG"
"AET4Gv20660300",0,1,0,1,536,"Efferocytosis","KEGG"
"AET4Gv20660300",0,1,0,1,536,"Endocytosis","KEGG"
"AET4Gv20660300",0,1,0,1,536,"Phagosome","KEGG"
"AET4Gv20700200",0,2,0,4,1276,"2-Oxocarboxylic acid metabolism","KEGG"
"AET4Gv20700200",0,2,0,4,1276,"Alanine, aspartate and glutamate metabolism","KEGG"
"AET4Gv20700200",0,2,0,4,1276,"Biosynthesis of secondary metabolites","KEGG"
"AET4Gv20700200",0,2,0,4,1276,"Carbon metabolism","KEGG"
"AET4Gv20700200",0,2,0,4,1276,"Cysteine and methionine metabolism","KEGG"
"AET4Gv20700200",0,2,0,4,1276,"Glycine, serine and threonine metabolism","KEGG"
"AET4Gv20700200",0,2,0,4,1276,"Glyoxylate and dicarboxylate metabolism","KEGG"
"AET4Gv20700200",0,2,0,4,1276,"Metabolic pathways","KEGG"
"AET4Gv20700200",0,2,0,4,1276,"Valine, leucine and isoleucine degradation","KEGG"
"AET4Gv20737600",0,2,4,15,1447,"Aminoacyl-tRNA biosynthesis","KEGG"
"AET4Gv20738200",0,2,0,9,1653,"RNA degradation","KEGG"
"AET4Gv20754000",5,8,2,21,2341,"Ribosome biogenesis in eukaryotes","KEGG"
"AET4Gv20818800",3,7,6,8,1392,"Metabolism and regulation","Reactome"
"AET4Gv20818800",3,7,6,8,1392,"Mevalonate pathway","Reactome"
"AET4Gv20818800",3,7,6,8,1392,"Secondary metabolism","Reactome"
"AET4Gv20822700",1,23,0,11,1277,"Proteasome","KEGG"
"AET4Gv20835300",10,8,6,24,1515,"Biosynthesis of secondary metabolites","KEGG"
"AET4Gv20835300",10,8,6,24,1515,"Cutin, suberine and wax biosynthesis","KEGG"
"AET4Gv20835300",10,8,6,24,1515,"Peroxisome","KEGG"
"AET5Gv20038000",7,12,7,45,2237,"Metabolic pathways","KEGG"
"AET5Gv20038000",7,12,7,45,2237,"Sphingolipid metabolism","KEGG"
"AET5Gv20039200",0,15,1,8,1338,"Biosynthesis of amino acids","KEGG"
"AET5Gv20039200",0,15,1,8,1338,"Biosynthesis of secondary metabolites","KEGG"
"AET5Gv20039200",0,15,1,8,1338,"Carbon metabolism","KEGG"
"AET5Gv20039200",0,15,1,8,1338,"Cytoskeleton in muscle cells","KEGG"
"AET5Gv20039200",0,15,1,8,1338,"Glycolysis / Gluconeogenesis","KEGG"
"AET5Gv20039200",0,15,1,8,1338,"Metabolic pathways","KEGG"
"AET5Gv20039200",0,15,1,8,1338,"RNA degradation","KEGG"
"AET5Gv20039200",0,15,1,8,1338,"Response to cold temperature","Reactome"
"AET5Gv20039200",0,15,1,8,1338,"Responses to stimuli: abiotic stimuli and stresses","Reactome"
"AET5Gv20060100",0,1,1,8,711,"Fatty acid and lipid metabolism","Reactome"
"AET5Gv20060100",0,1,1,8,711,"Metabolism and regulation","Reactome"
"AET5Gv20060100",0,1,1,8,711,"Sphingolipid metabolism","Reactome"
"AET5Gv20150200",1,4,5,11,2077,"Ribosome biogenesis in eukaryotes","KEGG"
"AET5Gv20153000",3,3,4,8,1784,"Non-homologous end-joining","KEGG"
"AET5Gv20159500",1,1,7,9,1852,"Metabolic pathways","KEGG"
"AET5Gv20159500",1,1,7,9,1852,"Valine, leucine and isoleucine degradation","KEGG"
"AET5Gv20160500",0,6,0,12,2212,"Autophagy - other","KEGG"
"AET5Gv20160500",0,6,0,12,2212,"Inositol phosphate metabolism","KEGG"
"AET5Gv20160500",0,6,0,12,2212,"Metabolic pathways","KEGG"
"AET5Gv20160500",0,6,0,12,2212,"Phagosome","KEGG"
"AET5Gv20160500",0,6,0,12,2212,"Phosphatidylinositol signaling system","KEGG"
"AET5Gv20212600",3,3,2,2,1608,"Glycosaminoglycan degradation","KEGG"
"AET5Gv20212600",3,3,2,2,1608,"Metabolic pathways","KEGG"
"AET5Gv20218600",0,1,2,7,870,"Ribosome biogenesis in eukaryotes","KEGG"
"AET5Gv20219500",5,4,1,3,3768,"Homologous recombination","KEGG"
"AET5Gv20219500",5,4,1,3,3768,"Non-homologous end-joining","KEGG"
"AET5Gv20244300",1,1,3,1,1227,"Biosynthesis of cofactors","KEGG"
"AET5Gv20244300",1,1,3,1,1227,"Metabolic pathways","KEGG"
"AET5Gv20244300",1,1,3,1,1227,"Nucleotide metabolism","KEGG"
"AET5Gv20244300",1,1,3,1,1227,"Pyrimidine metabolism","KEGG"
"AET5Gv20250200",2,3,2,7,1290,"Biosynthesis of amino acids","KEGG"
"AET5Gv20250200",2,3,2,7,1290,"Biosynthesis of secondary metabolites","KEGG"
"AET5Gv20250200",2,3,2,7,1290,"Carbon metabolism","KEGG"
"AET5Gv20250200",2,3,2,7,1290,"Fructose and mannose metabolism","KEGG"
"AET5Gv20250200",2,3,2,7,1290,"Galactose metabolism","KEGG"
"AET5Gv20250200",2,3,2,7,1290,"Glycolysis / Gluconeogenesis","KEGG"
"AET5Gv20250200",2,3,2,7,1290,"Metabolic pathways","KEGG"
"AET5Gv20250200",2,3,2,7,1290,"Pentose phosphate pathway","KEGG"
"AET5Gv20250200",2,3,2,7,1290,"RNA degradation","KEGG"
"AET5Gv20256400",1,1,2,13,1982,"Virion - Hepatitis viruses","KEGG"
"AET5Gv20261300",6,2,7,7,2010,"Growth and developmental processes","Reactome"
"AET5Gv20261300",6,2,7,7,2010,"Inflorescence development","Reactome"
"AET5Gv20261300",6,2,7,7,2010,"Reproductive structure development","Reactome"
"AET5Gv20261300",6,2,7,7,2010,"Short day regulated expression of florigens","Reactome"
"AET5Gv20262200",1,2,1,3,1340,"Biosynthesis of amino acids","KEGG"
"AET5Gv20262200",1,2,1,3,1340,"Biosynthesis of secondary metabolites","KEGG"
"AET5Gv20262200",1,2,1,3,1340,"Biosynthesis of various plant secondary metabolites; Including: Crocin biosynthesis, Ginsenoside biosynthesis, Saponin adjuvant biosynthesis, Cannabidiol biosynthesis, Mugineic acid biosynthesis, Pentagalloylglucose biosynthesis, Benzoxazinoid biosynthesis, Gramine biosynthesis, Coumarin biosynthesis, Furanocoumarin biosynthesis, Hordatine biosynthesis, Podophyllotoxin biosynthesis","KEGG"
"AET5Gv20262200",1,2,1,3,1340,"Metabolic pathways","KEGG"
"AET5Gv20262200",1,2,1,3,1340,"Phenylalanine, tyrosine and tryptophan biosynthesis","KEGG"
"AET5Gv20264800",0,1,1,2,782,"Ubiquitin mediated proteolysis","KEGG"
"AET5Gv20268600",4,5,10,10,2596,"Glycosylphosphatidylinositol","KEGG"
"AET5Gv20268600",4,5,10,10,2596,"Metabolic pathways","KEGG"
"AET5Gv20285200",0,1,0,0,1290,"Ascorbate and aldarate metabolism","KEGG"
"AET5Gv20285200",0,1,0,0,1290,"Biosynthesis of cofactors","KEGG"
"AET5Gv20285200",0,1,0,0,1290,"Biosynthesis of secondary metabolites","KEGG"
"AET5Gv20285200",0,1,0,0,1290,"Metabolic pathways","KEGG"
"AET5Gv20288100",0,1,0,3,1578,"Viral life cycle - HIV-1","KEGG"
"AET5Gv20294300",9,3,4,2,1985,"Biosynthesis of secondary metabolites","KEGG"
"AET5Gv20294300",9,3,4,2,1985,"Glycerolipid metabolism","KEGG"
"AET5Gv20294300",9,3,4,2,1985,"Glycerophospholipid metabolism","KEGG"
"AET5Gv20294300",9,3,4,2,1985,"Metabolic pathways","KEGG"
"AET5Gv20294300",9,3,4,2,1985,"Phosphatidylinositol signaling system","KEGG"
"AET5Gv20309000",0,1,0,1,710,"Biosynthesis of cofactors","KEGG"
"AET5Gv20309000",0,1,0,1,710,"Biosynthesis of secondary metabolites","KEGG"
"AET5Gv20309000",0,1,0,1,710,"Metabolic pathways","KEGG"
"AET5Gv20309000",0,1,0,1,710,"Nucleotide metabolism","KEGG"
"AET5Gv20309000",0,1,0,1,710,"Purine metabolism","KEGG"
"AET5Gv20309000",0,1,0,1,710,"Thiamine metabolism","KEGG"
"AET5Gv20312000",1,1,3,3,1857,"Endocytosis","KEGG"
"AET5Gv20312000",1,1,3,3,1857,"Protein processing in endoplasmic reticulum","KEGG"
"AET5Gv20312000",1,1,3,3,1857,"Spliceosome","KEGG"
"AET5Gv20326400",0,3,1,8,1966,"ATP-dependent chromatin remodeling","KEGG"
"AET5Gv20331500",0,1,0,1,1164,"Ribosome","KEGG"
"AET5Gv20332800",9,13,4,8,2062,"Biosynthesis of secondary metabolites","KEGG"
"AET5Gv20332800",9,13,4,8,2062,"Metabolic pathways","KEGG"
"AET5Gv20332800",9,13,4,8,2062,"Starch and sucrose metabolism","KEGG"
"AET5Gv20336000",0,4,4,2,2259,"Ribosome biogenesis in eukaryotes","KEGG"
"AET5Gv20344000",0,1,5,4,1101,"Lysosome biogenesis","KEGG"
"AET5Gv20360800",2,2,2,5,1159,"Autophagy - other","KEGG"
"AET5Gv20365500",1,4,0,3,1344,"Inorganic nutrients metabolism","Reactome"
"AET5Gv20365500",1,4,0,3,1344,"Iron uptake and transport in root vascular system","Reactome"
"AET5Gv20365500",1,4,0,3,1344,"Metabolism and regulation","Reactome"
"AET5Gv20365500",1,4,0,3,1344,"Response to iron deficiency","Reactome"
"AET5Gv20369300",0,3,4,5,926,"Plant hormone signal transduction","KEGG"
"AET5Gv20393100",2,2,4,27,1644,"Alanine, aspartate and glutamate metabolism","KEGG"
"AET5Gv20393100",2,2,4,27,1644,"Biosynthesis of amino acids","KEGG"
"AET5Gv20393100",2,2,4,27,1644,"Biosynthesis of secondary metabolites","KEGG"
"AET5Gv20393100",2,2,4,27,1644,"Metabolic pathways","KEGG"
"AET5Gv20395900",2,3,4,5,1491,"Metabolic pathways","KEGG"
"AET5Gv20395900",2,3,4,5,1491,"Starch and sucrose metabolism","KEGG"
"AET5Gv20397400",1,3,3,14,1154,"Alanine, aspartate and glutamate metabolism","KEGG"
"AET5Gv20397400",1,3,3,14,1154,"Amino acid biosynthesis","Reactome"
"AET5Gv20397400",1,3,3,14,1154,"Amino acid metabolism","Reactome"
"AET5Gv20397400",1,3,3,14,1154,"Arginine biosynthesis","KEGG"
"AET5Gv20397400",1,3,3,14,1154,"Biosynthesis of cofactors","KEGG"
"AET5Gv20397400",1,3,3,14,1154,"Biosynthesis of secondary metabolites","KEGG"
"AET5Gv20397400",1,3,3,14,1154,"Citrulline biosynthesis","Reactome"
"AET5Gv20397400",1,3,3,14,1154,"Metabolic pathways","KEGG"
"AET5Gv20397400",1,3,3,14,1154,"Metabolism and regulation","Reactome"
"AET5Gv20397400",1,3,3,14,1154,"Pyrimidine metabolism","KEGG"
"AET5Gv20409800",1,4,0,10,1823,"RNA degradation","KEGG"
"AET5Gv20409800",1,4,0,10,1823,"mRNA surveillance pathway","KEGG"
"AET5Gv20422500",0,3,0,1,1761,"Cornified envelope formation","KEGG"
"AET5Gv20422500",0,3,0,1,1761,"mRNA surveillance pathway","KEGG"
"AET5Gv20425700",0,6,0,1,2184,"Acyl-CoA synthetase pathway","Reactome"
"AET5Gv20425700",0,6,0,1,2184,"Fatty acid and lipid metabolism","Reactome"
"AET5Gv20425700",0,6,0,1,2184,"Metabolism and regulation","Reactome"
"AET5Gv20426800",0,5,0,4,461,"Ribosome","KEGG"
"AET5Gv20438300",0,3,0,2,1261,"ATP-dependent chromatin remodeling","KEGG"
"AET5Gv20442600",1,1,4,10,1449,"Biosynthesis of cofactors","KEGG"
"AET5Gv20442600",1,1,4,10,1449,"Biosynthesis of secondary metabolites","KEGG"
"AET5Gv20442600",1,1,4,10,1449,"Metabolic pathways","KEGG"
"AET5Gv20442600",1,1,4,10,1449,"Porphyrin metabolism","KEGG"
"AET5Gv20471000",2,1,3,11,1077,"Amino acid catabolism","Reactome"
"AET5Gv20471000",2,1,3,11,1077,"Amino acid metabolism","Reactome"
"AET5Gv20471000",2,1,3,11,1077,"Biosynthesis of secondary metabolites","KEGG"
"AET5Gv20471000",2,1,3,11,1077,"Fatty acid degradation","KEGG"
"AET5Gv20471000",2,1,3,11,1077,"Glycolysis / Gluconeogenesis","KEGG"
"AET5Gv20471000",2,1,3,11,1077,"Metabolic pathways","KEGG"
"AET5Gv20471000",2,1,3,11,1077,"Metabolism and regulation","Reactome"
"AET5Gv20471000",2,1,3,11,1077,"Phenylalanine degradation III","Reactome"
"AET5Gv20471000",2,1,3,11,1077,"Pyruvate metabolism","KEGG"
"AET5Gv20471000",2,1,3,11,1077,"Tyrosine metabolism","KEGG"
"AET5Gv20471000",2,1,3,11,1077,"alpha-Linolenic acid metabolism","KEGG"
"AET5Gv20493400",3,2,3,2,2517,"Choline biosynthesis III","Reactome"
"AET5Gv20493400",3,2,3,2,2517,"Fatty acid and lipid metabolism","Reactome"
"AET5Gv20493400",3,2,3,2,2517,"Metabolism and regulation","Reactome"
"AET5Gv20493800",1,1,1,4,1410,"Hormone signaling, transport, and metabolism","Reactome"
"AET5Gv20493800",1,1,1,4,1410,"Metabolism and regulation","Reactome"
"AET5Gv20493800",1,1,1,4,1410,"Plant-pathogen interaction","KEGG"
"AET5Gv20493800",1,1,1,4,1410,"Salicylic acid signaling","Reactome"
"AET5Gv20494600",2,2,0,1,1078,"Metabolic pathways","KEGG"
"AET5Gv20494600",2,2,0,1,1078,"Peroxisome","KEGG"
"AET5Gv20494600",2,2,0,1,1078,"Propanoate metabolism","KEGG"
"AET5Gv20494600",2,2,0,1,1078,"beta-Alanine metabolism","KEGG"
"AET5Gv20507000",1,2,2,7,1659,"Biosynthesis of secondary metabolites","KEGG"
"AET5Gv20507000",1,2,2,7,1659,"Glycerolipid metabolism","KEGG"
"AET5Gv20507000",1,2,2,7,1659,"Metabolic pathways","KEGG"
"AET5Gv20517200",1,2,0,2,1430,"Amino acid biosynthesis","Reactome"
"AET5Gv20517200",1,2,0,2,1430,"Amino acid catabolism","Reactome"
"AET5Gv20517200",1,2,0,2,1430,"Amino acid metabolism","Reactome"
"AET5Gv20517200",1,2,0,2,1430,"Arginine and proline metabolism","KEGG"
"AET5Gv20517200",1,2,0,2,1430,"Ascorbate and aldarate metabolism","KEGG"
"AET5Gv20517200",1,2,0,2,1430,"Beta-alanine biosynthesis I","Reactome"
"AET5Gv20517200",1,2,0,2,1430,"Biosynthesis of secondary metabolites","KEGG"
"AET5Gv20517200",1,2,0,2,1430,"Fatty acid degradation","KEGG"
"AET5Gv20517200",1,2,0,2,1430,"Glycerolipid metabolism","KEGG"
"AET5Gv20517200",1,2,0,2,1430,"Glycine, serine and threonine metabolism","KEGG"
"AET5Gv20517200",1,2,0,2,1430,"Glycolysis / Gluconeogenesis","KEGG"
"AET5Gv20517200",1,2,0,2,1430,"Histidine metabolism","KEGG"
"AET5Gv20517200",1,2,0,2,1430,"Lysine degradation","KEGG"
"AET5Gv20517200",1,2,0,2,1430,"Lysine degradation II","Reactome"
"AET5Gv20517200",1,2,0,2,1430,"Metabolic pathways","KEGG"
"AET5Gv20517200",1,2,0,2,1430,"Metabolism and regulation","Reactome"
"AET5Gv20517200",1,2,0,2,1430,"One carbon pool by folate","KEGG"
"AET5Gv20517200",1,2,0,2,1430,"Proline degradation","Reactome"
"AET5Gv20517200",1,2,0,2,1430,"Pyruvate metabolism","KEGG"
"AET5Gv20517200",1,2,0,2,1430,"Tryptophan metabolism","KEGG"
"AET5Gv20517200",1,2,0,2,1430,"Valine, leucine and isoleucine degradation","KEGG"
"AET5Gv20517200",1,2,0,2,1430,"beta-Alanine metabolism","KEGG"
"AET5Gv20537200",0,5,3,15,2942,"Carbohydrate metabolism","Reactome"
"AET5Gv20537200",0,5,3,15,2942,"Cellulose biosynthesis","Reactome"
"AET5Gv20537200",0,5,3,15,2942,"Metabolism and regulation","Reactome"
"AET5Gv20547400",0,2,0,3,1314,"Biosynthesis of amino acids","KEGG"
"AET5Gv20547400",0,2,0,3,1314,"Biosynthesis of secondary metabolites","KEGG"
"AET5Gv20547400",0,2,0,3,1314,"Carbon metabolism","KEGG"
"AET5Gv20547400",0,2,0,3,1314,"Fructose and mannose metabolism","KEGG"
"AET5Gv20547400",0,2,0,3,1314,"Galactose metabolism","KEGG"
"AET5Gv20547400",0,2,0,3,1314,"Glycolysis / Gluconeogenesis","KEGG"
"AET5Gv20547400",0,2,0,3,1314,"Metabolic pathways","KEGG"
"AET5Gv20547400",0,2,0,3,1314,"Pentose phosphate pathway","KEGG"
"AET5Gv20547400",0,2,0,3,1314,"RNA degradation","KEGG"
"AET5Gv20561400",1,2,1,5,1076,"Protein processing in endoplasmic reticulum","KEGG"
"AET5Gv20607100",8,4,11,22,1742,"Plant-pathogen interaction","KEGG"
"AET5Gv20623800",4,6,5,12,1779,"Hormone signaling, transport, and metabolism","Reactome"
"AET5Gv20623800",4,6,5,12,1779,"Jasmonic acid signaling","Reactome"
"AET5Gv20623800",4,6,5,12,1779,"MAPK signaling pathway - plant","KEGG"
"AET5Gv20623800",4,6,5,12,1779,"Metabolism and regulation","Reactome"
"AET5Gv20623800",4,6,5,12,1779,"Plant hormone signal transduction","KEGG"
"AET5Gv20629700",1,23,2,15,1931,"RNA degradation","KEGG"
"AET5Gv20649500",10,2,3,2,2488,"Fanconi anemia pathway","KEGG"
"AET5Gv20649500",10,2,3,2,2488,"Homologous recombination","KEGG"
"AET5Gv20664300",0,1,0,7,1247,"Cofactor biosyntheses","Reactome"
"AET5Gv20664300",0,1,0,7,1247,"Metabolic pathways","KEGG"
"AET5Gv20664300",0,1,0,7,1247,"Metabolism and regulation","Reactome"
"AET5Gv20664300",0,1,0,7,1247,"Nucleotide metabolism","KEGG"
"AET5Gv20664300",0,1,0,7,1247,"Pantothenate and coenzyme A biosynthesis III","Reactome"
"AET5Gv20664300",0,1,0,7,1247,"Pyrimidine metabolism","KEGG"
"AET5Gv20678200",2,5,2,11,1263,"Amino sugar and nucleotide sugar metabolism","KEGG"
"AET5Gv20678200",2,5,2,11,1263,"Biosynthesis of nucleotide sugars","KEGG"
"AET5Gv20678200",2,5,2,11,1263,"Carbohydrate metabolism","Reactome"
"AET5Gv20678200",2,5,2,11,1263,"GDP-D-rhamnose biosynthesis","Reactome"
"AET5Gv20678200",2,5,2,11,1263,"GDP-L-fucose biosynthesis I (from GDP-D-mannose)","Reactome"
"AET5Gv20678200",2,5,2,11,1263,"Metabolic pathways","KEGG"
"AET5Gv20678200",2,5,2,11,1263,"Metabolism and regulation","Reactome"
"AET5Gv20678200",2,5,2,11,1263,"UDP-L-arabinose biosynthesis and transport","Reactome"
"AET5Gv20680400",0,5,1,4,930,"Biosynthesis of secondary metabolites","KEGG"
"AET5Gv20680400",0,5,1,4,930,"Metabolic pathways","KEGG"
"AET5Gv20680400",0,5,1,4,930,"Phenylpropanoid biosynthesis","KEGG"
"AET5Gv20691200",0,3,1,5,1092,"Plant-pathogen interaction","KEGG"
"AET5Gv20697100",0,1,1,6,732,"Proteasome","KEGG"
"AET5Gv20761100",18,18,0,9,1072,"Amino acid biosynthesis","Reactome"
"AET5Gv20761100",18,18,0,9,1072,"Amino acid metabolism","Reactome"
"AET5Gv20761100",18,18,0,9,1072,"Biosynthesis of amino acids","KEGG"
"AET5Gv20761100",18,18,0,9,1072,"Biosynthesis of secondary metabolites","KEGG"
"AET5Gv20761100",18,18,0,9,1072,"Chorismate biosynthesis","Reactome"
"AET5Gv20761100",18,18,0,9,1072,"Metabolic pathways","KEGG"
"AET5Gv20761100",18,18,0,9,1072,"Metabolism and regulation","Reactome"
"AET5Gv20761100",18,18,0,9,1072,"Phenylalanine, tyrosine and tryptophan biosynthesis","KEGG"
"AET5Gv20770400",6,6,1,11,2446,"Crown root development","Reactome"
"AET5Gv20770400",6,6,1,11,2446,"Growth and developmental processes","Reactome"
"AET5Gv20770400",6,6,1,11,2446,"Root structure development","Reactome"
"AET5Gv20770400",6,6,1,11,2446,"Vegetative structure development","Reactome"
"AET5Gv20837300",0,14,13,26,1942,"Plant hormone signal transduction","KEGG"
"AET5Gv20837300",0,14,13,26,1942,"Plant-pathogen interaction","KEGG"
"AET5Gv20874400",8,24,3,25,1372,"Ribosome biogenesis in eukaryotes","KEGG"
"AET5Gv20875300",0,6,0,10,3518,"Nucleotide excision repair","KEGG"
"AET5Gv20875300",0,6,0,10,3518,"RNA polymerase","KEGG"
"AET5Gv20884600",0,3,3,17,1555,"Linoleic acid metabolism","KEGG"
"AET5Gv20887800",4,6,1,7,2766,"Efferocytosis","KEGG"
"AET5Gv20887800",4,6,1,7,2766,"Lysosome biogenesis","KEGG"
"AET5Gv20903300",0,3,0,24,3039,"RNA degradation","KEGG"
"AET5Gv20906700",48,12,11,20,2843,"Motor proteins","KEGG"
"AET5Gv20940500",0,2,0,4,600,"Metabolic pathways","KEGG"
"AET5Gv20940500",0,2,0,4,600,"Oxidative phosphorylation","KEGG"
"AET5Gv20946700",0,7,8,7,1438,"Glycosylphosphatidylinositol","KEGG"
"AET5Gv20946700",0,7,8,7,1438,"Metabolic pathways","KEGG"
"AET5Gv20962900",0,7,1,17,1249,"IgSF CAM signaling","KEGG"
"AET5Gv20962900",0,7,1,17,1249,"Motor proteins","KEGG"
"AET5Gv20962900",0,7,1,17,1249,"Phagosome","KEGG"
"AET5Gv20988900",2,9,0,6,920,"Efferocytosis","KEGG"
"AET5Gv20992300",0,21,0,27,1263,"Protein processing in endoplasmic reticulum","KEGG"
"AET5Gv21025700",0,12,0,9,1194,"Biosynthesis of secondary metabolites","KEGG"
"AET5Gv21025700",0,12,0,9,1194,"Metabolic pathways","KEGG"
"AET5Gv21025700",0,12,0,9,1194,"Metabolism and regulation","Reactome"
"AET5Gv21025700",0,12,0,9,1194,"Mevalonate pathway","Reactome"
"AET5Gv21025700",0,12,0,9,1194,"Secondary metabolism","Reactome"
"AET5Gv21025700",0,12,0,9,1194,"Terpenoid backbone biosynthesis","KEGG"
"AET5Gv21079700",1,1,1,8,711,"ABA biosynthesis and mediated signaling","Reactome"
"AET5Gv21079700",1,1,1,8,711,"Abscisic acid biosynthesis","Reactome"
"AET5Gv21079700",1,1,1,8,711,"Abscisic acid homeostasis","Reactome"
"AET5Gv21079700",1,1,1,8,711,"Biosynthesis of secondary metabolites","KEGG"
"AET5Gv21079700",1,1,1,8,711,"Carotenoid biosynthesis","KEGG"
"AET5Gv21079700",1,1,1,8,711,"Hormone signaling, transport, and metabolism","Reactome"
"AET5Gv21079700",1,1,1,8,711,"Metabolic pathways","KEGG"
"AET5Gv21079700",1,1,1,8,711,"Metabolism and regulation","Reactome"
"AET5Gv21114000",3,3,4,14,929,"Protein processing in endoplasmic reticulum","KEGG"
"AET5Gv21121900",4,9,4,9,2401,"Anther and pollen development","Reactome"
"AET5Gv21121900",4,9,4,9,2401,"Growth and developmental processes","Reactome"
"AET5Gv21121900",4,9,4,9,2401,"Reproductive structure development","Reactome"
"AET5Gv21138700",1,3,2,10,1192,"Efferocytosis","KEGG"
"AET5Gv21138700",1,3,2,10,1192,"Phagosome","KEGG"
"AET5Gv21138700",1,3,2,10,1192,"Protein processing in endoplasmic reticulum","KEGG"
"AET5Gv21152100",0,7,3,8,1598,"Biosynthesis of cofactors","KEGG"
"AET5Gv21152100",0,7,3,8,1598,"Metabolic pathways","KEGG"
"AET5Gv21152100",0,7,3,8,1598,"Nicotinate and nicotinamide metabolism","KEGG"
"AET5Gv21154300",0,3,5,17,1417,"Biosynthesis of cofactors","KEGG"
"AET5Gv21154300",0,3,5,17,1417,"Biosynthesis of secondary metabolites","KEGG"
"AET5Gv21154300",0,3,5,17,1417,"Metabolic pathways","KEGG"
"AET5Gv21154300",0,3,5,17,1417,"Ubiquinone and other terpenoid-quinone biosynthesis","KEGG"
"AET5Gv21156500",0,1,7,11,1044,"Glycosylphosphatidylinositol","KEGG"
"AET5Gv21156500",0,1,7,11,1044,"Metabolic pathways","KEGG"
"AET5Gv21182300",4,4,4,5,1713,"Fatty acid biosynthesis","KEGG"
"AET5Gv21182300",4,4,4,5,1713,"Fatty acid degradation","KEGG"
"AET5Gv21182300",4,4,4,5,1713,"Fatty acid metabolism","KEGG"
"AET5Gv21182300",4,4,4,5,1713,"Metabolic pathways","KEGG"
"AET5Gv21182300",4,4,4,5,1713,"Peroxisome","KEGG"
"AET5Gv21191400",0,4,2,11,558,"Protein processing in endoplasmic reticulum","KEGG"
"AET5Gv21229100",4,12,4,15,1239,"Endocytosis","KEGG"
"AET6Gv20015200",2,9,6,39,1764,"RNA degradation","KEGG"
"AET6Gv20086900",0,25,1,15,921,"2-Oxocarboxylic acid metabolism","KEGG"
"AET6Gv20086900",0,25,1,15,921,"Amino acid catabolism","Reactome"
"AET6Gv20086900",0,25,1,15,921,"Amino acid metabolism","Reactome"
"AET6Gv20086900",0,25,1,15,921,"Biosynthesis of secondary metabolites","KEGG"
"AET6Gv20086900",0,25,1,15,921,"Lipoic acid metabolism","KEGG"
"AET6Gv20086900",0,25,1,15,921,"Metabolic pathways","KEGG"
"AET6Gv20086900",0,25,1,15,921,"Metabolism and regulation","Reactome"
"AET6Gv20086900",0,25,1,15,921,"Propanoate metabolism","KEGG"
"AET6Gv20086900",0,25,1,15,921,"Valine degradation","Reactome"
"AET6Gv20086900",0,25,1,15,921,"Valine, leucine and isoleucine degradation","KEGG"
"AET6Gv20106200",0,3,1,15,1058,"Biosynthesis of secondary metabolites","KEGG"
"AET6Gv20106200",0,3,1,15,1058,"Carbon metabolism","KEGG"
"AET6Gv20106200",0,3,1,15,1058,"Glyoxylate and dicarboxylate metabolism","KEGG"
"AET6Gv20106200",0,3,1,15,1058,"MAPK signaling pathway - plant","KEGG"
"AET6Gv20106200",0,3,1,15,1058,"Metabolic pathways","KEGG"
"AET6Gv20106200",0,3,1,15,1058,"Peroxisome","KEGG"
"AET6Gv20106200",0,3,1,15,1058,"Tryptophan metabolism","KEGG"
"AET6Gv20138800",2,6,3,15,1214,"Ribosome biogenesis in eukaryotes","KEGG"
"AET6Gv20187800",0,3,0,4,766,"Ribosome","KEGG"
"AET6Gv20196800",0,3,0,3,859,"Cell cycle","Reactome"
"AET6Gv20196800",0,3,0,3,859,"Cellular processes","Reactome"
"AET6Gv20196800",0,3,0,3,859,"G1 phase","Reactome"
"AET6Gv20196800",0,3,0,3,859,"G1/S transition","Reactome"
"AET6Gv20196800",0,3,0,3,859,"Mitosis","Reactome"
"AET6Gv20214100",0,6,0,13,1296,"Plant hormone signal transduction","KEGG"
"AET6Gv20214100",0,6,0,13,1296,"Plant-pathogen interaction","KEGG"
"AET6Gv20217800",0,2,0,5,790,"Ubiquitin mediated proteolysis","KEGG"
"AET6Gv20244500",0,3,0,9,1338,"Amino acid biosynthesis","Reactome"
"AET6Gv20244500",0,3,0,9,1338,"Amino acid metabolism","Reactome"
"AET6Gv20244500",0,3,0,9,1338,"Metabolism and regulation","Reactome"
"AET6Gv20244500",0,3,0,9,1338,"Tryptophan biosynthesis","Reactome"
"AET6Gv20255600",2,2,4,5,1839,"Alanine, aspartate and glutamate metabolism","KEGG"
"AET6Gv20255600",2,2,4,5,1839,"Biosynthesis of cofactors","KEGG"
"AET6Gv20255600",2,2,4,5,1839,"Cofactor biosyntheses","Reactome"
"AET6Gv20255600",2,2,4,5,1839,"Metabolic pathways","KEGG"
"AET6Gv20255600",2,2,4,5,1839,"Metabolism and regulation","Reactome"
"AET6Gv20255600",2,2,4,5,1839,"NAD biosynthesis I (from aspartate)","Reactome"
"AET6Gv20255600",2,2,4,5,1839,"Nicotinate and nicotinamide metabolism","KEGG"
"AET6Gv20268200",3,11,9,18,1641,"Aminoacyl-tRNA biosynthesis","KEGG"
"AET6Gv20268200",3,11,9,18,1641,"Growth and developmental processes","Reactome"
"AET6Gv20268200",3,11,9,18,1641,"Metabolic pathways","KEGG"
"AET6Gv20268200",3,11,9,18,1641,"Primary root development","Reactome"
"AET6Gv20268200",3,11,9,18,1641,"Root structure development","Reactome"
"AET6Gv20268200",3,11,9,18,1641,"Vegetative structure development","Reactome"
"AET6Gv20277400",0,6,1,29,3164,"Spliceosome","KEGG"
"AET6Gv20284600",0,9,0,12,1320,"Metabolic pathways","KEGG"
"AET6Gv20284600",0,9,0,12,1320,"Starch and sucrose metabolism","KEGG"
"AET6Gv20296700",0,14,0,18,3217,"Spliceosome","KEGG"
"AET6Gv20296900",6,3,6,22,1394,"Metabolic pathways","KEGG"
"AET6Gv20296900",6,3,6,22,1394,"N-Glycan biosynthesis","KEGG"
"AET6Gv20299700",0,5,0,19,2589,"Proteasome","KEGG"
"AET6Gv20318800",0,2,0,6,1016,"Amino acid biosynthesis","Reactome"
"AET6Gv20318800",0,2,0,6,1016,"Amino acid metabolism","Reactome"
"AET6Gv20318800",0,2,0,6,1016,"Biosynthesis of amino acids","KEGG"
"AET6Gv20318800",0,2,0,6,1016,"Biosynthesis of secondary metabolites","KEGG"
"AET6Gv20318800",0,2,0,6,1016,"D-Amino acid metabolism","KEGG"
"AET6Gv20318800",0,2,0,6,1016,"Lysine biosynthesis","KEGG"
"AET6Gv20318800",0,2,0,6,1016,"Lysine biosynthesis I","Reactome"
"AET6Gv20318800",0,2,0,6,1016,"Lysine biosynthesis II","Reactome"
"AET6Gv20318800",0,2,0,6,1016,"Lysine biosynthesis VI","Reactome"
"AET6Gv20318800",0,2,0,6,1016,"Metabolic pathways","KEGG"
"AET6Gv20318800",0,2,0,6,1016,"Metabolism and regulation","Reactome"
"AET6Gv20324000",4,6,5,20,2250,"Growth and developmental processes","Reactome"
"AET6Gv20324000",4,6,5,20,2250,"Inflorescence development","Reactome"
"AET6Gv20324000",4,6,5,20,2250,"Reproductive structure development","Reactome"
"AET6Gv20324000",4,6,5,20,2250,"Short day regulated expression of florigens","Reactome"
"AET6Gv20344600",2,4,0,1,784,"Biosynthesis of secondary metabolites","KEGG"
"AET6Gv20344600",2,4,0,1,784,"Metabolic pathways","KEGG"
"AET6Gv20344600",2,4,0,1,784,"Nicotinate and nicotinamide metabolism","KEGG"
"AET6Gv20344600",2,4,0,1,784,"Nucleotide metabolism","KEGG"
"AET6Gv20344600",2,4,0,1,784,"Purine metabolism","KEGG"
"AET6Gv20344600",2,4,0,1,784,"Pyrimidine metabolism","KEGG"
"AET6Gv20372200",2,2,1,16,2774,"Biosynthesis of secondary metabolites","KEGG"
"AET6Gv20372200",2,2,1,16,2774,"Carbohydrate metabolism","Reactome"
"AET6Gv20372200",2,2,1,16,2774,"Metabolic pathways","KEGG"
"AET6Gv20372200",2,2,1,16,2774,"Metabolism and regulation","Reactome"
"AET6Gv20372200",2,2,1,16,2774,"Starch and sucrose metabolism","KEGG"
"AET6Gv20372200",2,2,1,16,2774,"Sucrose biosynthesis","Reactome"
"AET6Gv20379900",4,7,3,8,2808,"Spliceosome","KEGG"
"AET6Gv20381600",8,10,3,6,2892,"Autophagy - other","KEGG"
"AET6Gv20382200",1,2,1,1,1101,"Nucleotide excision repair","KEGG"
"AET6Gv20382200",1,2,1,1,1101,"Protein processing in endoplasmic reticulum","KEGG"
"AET6Gv20388700",12,30,3,11,1636,"Carbohydrate metabolism","Reactome"
"AET6Gv20388700",12,30,3,11,1636,"Glycerol degradation I","Reactome"
"AET6Gv20388700",12,30,3,11,1636,"Metabolic pathways","KEGG"
"AET6Gv20388700",12,30,3,11,1636,"Metabolism and regulation","Reactome"
"AET6Gv20388700",12,30,3,11,1636,"Pentose and glucuronate interconversions","KEGG"
"AET6Gv20398800",6,2,1,11,2676,"MAPK signaling pathway - plant","KEGG"
"AET6Gv20400200",0,1,0,5,1166,"Amino acid biosynthesis","Reactome"
"AET6Gv20400200",0,1,0,5,1166,"Amino acid metabolism","Reactome"
"AET6Gv20400200",0,1,0,5,1166,"Biosynthesis of amino acids","KEGG"
"AET6Gv20400200",0,1,0,5,1166,"Biosynthesis of secondary metabolites","KEGG"
"AET6Gv20400200",0,1,0,5,1166,"Carbon fixation by Calvin cycle","KEGG"
"AET6Gv20400200",0,1,0,5,1166,"Carbon metabolism","KEGG"
"AET6Gv20400200",0,1,0,5,1166,"Glycolysis / Gluconeogenesis","KEGG"
"AET6Gv20400200",0,1,0,5,1166,"Lysine biosynthesis I","Reactome"
"AET6Gv20400200",0,1,0,5,1166,"Lysine biosynthesis II","Reactome"
"AET6Gv20400200",0,1,0,5,1166,"Metabolic pathways","KEGG"
"AET6Gv20400200",0,1,0,5,1166,"Metabolism and regulation","Reactome"
"AET6Gv20415200",0,1,1,5,998,"Biosynthesis of cofactors","KEGG"
"AET6Gv20415200",0,1,1,5,998,"Biotin metabolism","KEGG"
"AET6Gv20415200",0,1,1,5,998,"Fatty acid biosynthesis","KEGG"
"AET6Gv20415200",0,1,1,5,998,"Fatty acid metabolism","KEGG"
"AET6Gv20415200",0,1,1,5,998,"Metabolic pathways","KEGG"
"AET6Gv20415600",1,4,1,6,1179,"Amino acid catabolism","Reactome"
"AET6Gv20415600",1,4,1,6,1179,"Amino acid metabolism","Reactome"
"AET6Gv20415600",1,4,1,6,1179,"Metabolic pathways","KEGG"
"AET6Gv20415600",1,4,1,6,1179,"Metabolism and regulation","Reactome"
"AET6Gv20415600",1,4,1,6,1179,"Tyrosine metabolism","KEGG"
"AET6Gv20415600",1,4,1,6,1179,"tyrosine degradation I","Reactome"
"AET6Gv20425100",2,5,3,9,4240,"Endocytosis","KEGG"
"AET6Gv20449600",1,1,2,12,1448,"Biosynthesis of secondary metabolites","KEGG"
"AET6Gv20449600",1,1,2,12,1448,"Fatty acid elongation","KEGG"
"AET6Gv20449600",1,1,2,12,1448,"Metabolic pathways","KEGG"
"AET6Gv20449600",1,1,2,12,1448,"Plant-pathogen interaction","KEGG"
"AET6Gv20459900",0,3,1,6,1058,"mRNA surveillance pathway","KEGG"
"AET6Gv20511100",1,1,4,2,1664,"Circadian rhythm","Reactome"
"AET6Gv20511100",1,1,4,2,1664,"Circadian rhythm - plant","KEGG"
"AET6Gv20540500",2,5,1,2,2794,"Carbon fixation by Calvin cycle","KEGG"
"AET6Gv20540500",2,5,1,2,2794,"Carbon metabolism","KEGG"
"AET6Gv20540500",2,5,1,2,2794,"Metabolic pathways","KEGG"
"AET6Gv20540500",2,5,1,2,2794,"Pyruvate metabolism","KEGG"
"AET6Gv20548400",1,3,0,4,1512,"Biosynthesis of cofactors","KEGG"
"AET6Gv20548400",1,3,0,4,1512,"Biosynthesis of secondary metabolites","KEGG"
"AET6Gv20548400",1,3,0,4,1512,"Cofactor biosyntheses","Reactome"
"AET6Gv20548400",1,3,0,4,1512,"Flavin biosynthesis","Reactome"
"AET6Gv20548400",1,3,0,4,1512,"Folate biosynthesis","KEGG"
"AET6Gv20548400",1,3,0,4,1512,"Metabolic pathways","KEGG"
"AET6Gv20548400",1,3,0,4,1512,"Metabolism and regulation","Reactome"
"AET6Gv20548400",1,3,0,4,1512,"Riboflavin metabolism","KEGG"
"AET6Gv20552000",2,2,9,5,1030,"Biosynthesis of cofactors","KEGG"
"AET6Gv20552000",2,2,9,5,1030,"Folate biosynthesis","KEGG"
"AET6Gv20552000",2,2,9,5,1030,"Metabolic pathways","KEGG"
"AET6Gv20552700",1,2,3,10,2305,"Fanconi anemia pathway","KEGG"
"AET6Gv20552700",1,2,3,10,2305,"Mismatch repair","KEGG"
"AET6Gv20559200",1,1,3,1,687,"Endocytosis","KEGG"
"AET6Gv20559200",1,1,3,1,687,"Viral life cycle - HIV-1","KEGG"
"AET6Gv20579800",0,2,2,12,1215,"2-Oxocarboxylic acid metabolism","KEGG"
"AET6Gv20579800",0,2,2,12,1215,"Amino acid biosynthesis","Reactome"
"AET6Gv20579800",0,2,2,12,1215,"Amino acid metabolism","Reactome"
"AET6Gv20579800",0,2,2,12,1215,"Biosynthesis of amino acids","KEGG"
"AET6Gv20579800",0,2,2,12,1215,"Biosynthesis of secondary metabolites","KEGG"
"AET6Gv20579800",0,2,2,12,1215,"Butanoate metabolism","KEGG"
"AET6Gv20579800",0,2,2,12,1215,"C5-Branched dibasic acid metabolism","KEGG"
"AET6Gv20579800",0,2,2,12,1215,"Isoleucine biosynthesis from threonine","Reactome"
"AET6Gv20579800",0,2,2,12,1215,"Metabolic pathways","KEGG"
"AET6Gv20579800",0,2,2,12,1215,"Metabolism and regulation","Reactome"
"AET6Gv20579800",0,2,2,12,1215,"Pantothenate and CoA biosynthesis","KEGG"
"AET6Gv20579800",0,2,2,12,1215,"Valine biosynthesis","Reactome"
"AET6Gv20579800",0,2,2,12,1215,"Valine, leucine and isoleucine biosynthesis","KEGG"
"AET6Gv20593300",0,2,5,15,1474,"Circadian rhythm","Reactome"
"AET6Gv20593300",0,2,5,15,1474,"Circadian rhythm - plant","KEGG"
"AET6Gv20593300",0,2,5,15,1474,"Drought escape (DE) via ABA-dependent pathway","Reactome"
"AET6Gv20593300",0,2,5,15,1474,"Flowering under drought stress","Reactome"
"AET6Gv20593300",0,2,5,15,1474,"Mild drought","Reactome"
"AET6Gv20593300",0,2,5,15,1474,"Responses to stimuli: abiotic stimuli and stresses","Reactome"
"AET6Gv20603300",4,2,3,2,1783,"Circadian rhythm","Reactome"
"AET6Gv20605500",2,4,1,11,1802,"Biosynthesis of secondary metabolites","KEGG"
"AET6Gv20605500",2,4,1,11,1802,"Metabolic pathways","KEGG"
"AET6Gv20605500",2,4,1,11,1802,"Metabolism and regulation","Reactome"
"AET6Gv20605500",2,4,1,11,1802,"Phenylalanine metabolism","KEGG"
"AET6Gv20605500",2,4,1,11,1802,"Phenylpropanoid biosynthesis","KEGG"
"AET6Gv20605500",2,4,1,11,1802,"Phenylpropanoid biosynthesis, initial reactions","Reactome"
"AET6Gv20605500",2,4,1,11,1802,"Salicylate biosynthesis","Reactome"
"AET6Gv20605500",2,4,1,11,1802,"Secondary metabolism","Reactome"
"AET6Gv20605500",2,4,1,11,1802,"Suberin biosynthesis","Reactome"
"AET6Gv20660900",1,2,1,6,846,"Basal transcription factors","KEGG"
"AET6Gv20666300",1,1,4,5,1275,"Biosynthesis of secondary metabolites","KEGG"
"AET6Gv20666300",1,1,4,5,1275,"Terpenoid backbone biosynthesis","KEGG"
"AET6Gv20674900",0,2,0,4,1080,"2-Oxocarboxylic acid metabolism","KEGG"
"AET6Gv20674900",0,2,0,4,1080,"Amino acid biosynthesis","Reactome"
"AET6Gv20674900",0,2,0,4,1080,"Amino acid metabolism","Reactome"
"AET6Gv20674900",0,2,0,4,1080,"Arginine biosynthesis","KEGG;Reactome"
"AET6Gv20674900",0,2,0,4,1080,"Biosynthesis of amino acids","KEGG"
"AET6Gv20674900",0,2,0,4,1080,"Biosynthesis of secondary metabolites","KEGG"
"AET6Gv20674900",0,2,0,4,1080,"Metabolic pathways","KEGG"
"AET6Gv20674900",0,2,0,4,1080,"Metabolism and regulation","Reactome"
"AET6Gv20674900",0,2,0,4,1080,"Ornithine biosynthesis","Reactome"
"AET6Gv20689900",1,11,2,8,948,"Amino acid biosynthesis","Reactome"
"AET6Gv20689900",1,11,2,8,948,"Amino acid metabolism","Reactome"
"AET6Gv20689900",1,11,2,8,948,"Arginine biosynthesis","KEGG;Reactome"
"AET6Gv20689900",1,11,2,8,948,"Biosynthesis of amino acids","KEGG"
"AET6Gv20689900",1,11,2,8,948,"Biosynthesis of secondary metabolites","KEGG"
"AET6Gv20689900",1,11,2,8,948,"Canavanine biosynthesis","Reactome"
"AET6Gv20689900",1,11,2,8,948,"Metabolic pathways","KEGG"
"AET6Gv20689900",1,11,2,8,948,"Metabolism and regulation","Reactome"
"AET6Gv20689900",1,11,2,8,948,"Proline biosynthesis V (from arginine)","Reactome"
"AET6Gv20690000",0,5,0,14,642,"Oxidative phosphorylation","KEGG"
"AET6Gv20713100",0,2,1,13,1713,"Aminoacyl-tRNA biosynthesis","KEGG"
"AET6Gv20736800",0,1,0,5,552,"Lysosome biogenesis","KEGG"
"AET6Gv20743700",0,2,1,10,1011,"Alanine, aspartate and glutamate metabolism","KEGG"
"AET6Gv20743700",0,2,1,10,1011,"Arginine biosynthesis","KEGG"
"AET6Gv20743700",0,2,1,10,1011,"Biosynthesis of amino acids","KEGG"
"AET6Gv20743700",0,2,1,10,1011,"Biosynthesis of secondary metabolites","KEGG"
"AET6Gv20743700",0,2,1,10,1011,"Glyoxylate and dicarboxylate metabolism","KEGG"
"AET6Gv20743700",0,2,1,10,1011,"Metabolic pathways","KEGG"
"AET6Gv20743700",0,2,1,10,1011,"Nitrogen metabolism","KEGG"
"AET6Gv20743700",0,2,1,10,1011,"Plant hormone signal transduction","KEGG"
"AET6Gv20746200",14,18,7,8,1941,"Cadherin signaling","KEGG"
"AET6Gv20756100",3,2,3,8,738,"Amino acid biosynthesis","Reactome"
"AET6Gv20756100",3,2,3,8,738,"Amino acid metabolism","Reactome"
"AET6Gv20756100",3,2,3,8,738,"Biosynthesis of amino acids","KEGG"
"AET6Gv20756100",3,2,3,8,738,"Biosynthesis of secondary metabolites","KEGG"
"AET6Gv20756100",3,2,3,8,738,"Chorismate biosynthesis","Reactome"
"AET6Gv20756100",3,2,3,8,738,"Metabolic pathways","KEGG"
"AET6Gv20756100",3,2,3,8,738,"Metabolism and regulation","Reactome"
"AET6Gv20756100",3,2,3,8,738,"Phenylalanine, tyrosine and tryptophan biosynthesis","KEGG"
"AET6Gv20761300",0,3,1,5,1033,"Biosynthesis of secondary metabolites","KEGG"
"AET6Gv20761300",0,3,1,5,1033,"Chlorophyll a biosynthesis II","Reactome"
"AET6Gv20761300",0,3,1,5,1033,"Cofactor biosyntheses","Reactome"
"AET6Gv20761300",0,3,1,5,1033,"Metabolic pathways","KEGG"
"AET6Gv20761300",0,3,1,5,1033,"Metabolism and regulation","Reactome"
"AET6Gv20761300",0,3,1,5,1033,"Phytyl-PP biosynthesis","Reactome"
"AET6Gv20761300",0,3,1,5,1033,"Porphyrin metabolism","KEGG"
"AET6Gv20761300",0,3,1,5,1033,"Secondary metabolism","Reactome"
"AET6Gv20761300",0,3,1,5,1033,"Terpenoid backbone biosynthesis","KEGG"
"AET6Gv20796900",0,1,5,8,612,"Biosynthesis of secondary metabolites","KEGG"
"AET6Gv20796900",0,1,5,8,612,"Metabolic pathways","KEGG"
"AET6Gv20796900",0,1,5,8,612,"Phenylpropanoid biosynthesis","KEGG"
"AET6Gv20800100",4,5,7,6,1900,"Viral life cycle - HIV-1","KEGG"
"AET6Gv20812300",0,1,2,6,620,"Oxidative phosphorylation","KEGG"
"AET6Gv20823000",6,4,5,8,2574,"Motor proteins","KEGG"
"AET6Gv20839300",10,2,7,13,2105,"Fanconi anemia pathway","KEGG"
"AET6Gv20839300",10,2,7,13,2105,"Homologous recombination","KEGG"
"AET6Gv20847700",1,3,3,5,2073,"Inositol phosphate metabolism","KEGG"
"AET6Gv20847700",1,3,3,5,2073,"Lysosome biogenesis","KEGG"
"AET6Gv20847700",1,3,3,5,2073,"Metabolic pathways","KEGG"
"AET6Gv20854500",6,4,11,33,1665,"Amino acid catabolism","Reactome"
"AET6Gv20854500",6,4,11,33,1665,"Amino acid metabolism","Reactome"
"AET6Gv20854500",6,4,11,33,1665,"Biosynthesis of secondary metabolites","KEGG"
"AET6Gv20854500",6,4,11,33,1665,"Lysine degradation","KEGG"
"AET6Gv20854500",6,4,11,33,1665,"Lysine degradation II","Reactome"
"AET6Gv20854500",6,4,11,33,1665,"Metabolic pathways","KEGG"
"AET6Gv20854500",6,4,11,33,1665,"Metabolism and regulation","Reactome"
"AET6Gv20872500",1,22,3,23,956,"Autophagy - other","KEGG"
"AET6Gv20941700",0,11,4,142,420,"Ribosome","KEGG"
"AET6Gv20949400",0,3,2,5,1076,"Metabolic pathways","KEGG"
"AET6Gv20949400",0,3,2,5,1076,"Oxidative phosphorylation","KEGG"
"AET6Gv20954700",4,8,2,20,4497,"Motor proteins","KEGG"
"AET6Gv20956100",0,5,1,4,1053,"Bacterial invasion of epithelial cells","KEGG"
"AET6Gv20956100",0,5,1,4,1053,"Cadherin signaling","KEGG"
"AET6Gv20956100",0,5,1,4,1053,"Endocytosis","KEGG"
"AET6Gv20956100",0,5,1,4,1053,"IgSF CAM signaling","KEGG"
"AET7Gv20177900",1,34,2,15,1938,"Biosynthesis of amino acids","KEGG"
"AET7Gv20177900",1,34,2,15,1938,"Biosynthesis of secondary metabolites","KEGG"
"AET7Gv20177900",1,34,2,15,1938,"Calvin cycle","Reactome"
"AET7Gv20177900",1,34,2,15,1938,"Carbohydrate metabolism","Reactome"
"AET7Gv20177900",1,34,2,15,1938,"Carbon fixation by Calvin cycle","KEGG"
"AET7Gv20177900",1,34,2,15,1938,"Carbon metabolism","KEGG"
"AET7Gv20177900",1,34,2,15,1938,"Metabolic pathways","KEGG"
"AET7Gv20177900",1,34,2,15,1938,"Metabolism and regulation","Reactome"
"AET7Gv20177900",1,34,2,15,1938,"Pentose phosphate pathway","KEGG"
"AET7Gv20233700",2,2,1,5,1152,"Spliceosome","KEGG"
"AET7Gv20261400",5,14,1,22,1419,"Metabolic pathways","KEGG"
"AET7Gv20261400",5,14,1,22,1419,"Valine, leucine and isoleucine degradation","KEGG"
"AET7Gv20298800",0,1,1,1,593,"Ribosome biogenesis in eukaryotes","KEGG"
"AET7Gv20318600",0,2,4,23,1311,"Biosynthesis of cofactors","KEGG"
"AET7Gv20318600",0,2,4,23,1311,"Biosynthesis of secondary metabolites","KEGG"
"AET7Gv20318600",0,2,4,23,1311,"Metabolic pathways","KEGG"
"AET7Gv20318600",0,2,4,23,1311,"Porphyrin metabolism","KEGG"
"AET7Gv20328100",1,14,2,45,6869,"Spliceosome","KEGG"
"AET7Gv20396500",0,2,1,3,688,"Protein processing in endoplasmic reticulum","KEGG"
"AET7Gv20396500",0,2,1,3,688,"Ubiquitin mediated proteolysis","KEGG"
"AET7Gv20411400",3,1,2,1,2342,"Inositol phosphate metabolism","KEGG"
"AET7Gv20411400",3,1,2,1,2342,"Lysosome biogenesis","KEGG"
"AET7Gv20411400",3,1,2,1,2342,"Metabolic pathways","KEGG"
"AET7Gv20436300",2,2,3,9,1787,"Biosynthesis of cofactors","KEGG"
"AET7Gv20436300",2,2,3,9,1787,"Metabolic pathways","KEGG"
"AET7Gv20436300",2,2,3,9,1787,"Pantothenate and CoA biosynthesis","KEGG"
"AET7Gv20446600",0,1,0,2,825,"Lysosome biogenesis","KEGG"
"AET7Gv20486000",1,1,0,2,1054,"Amino sugar and nucleotide sugar metabolism","KEGG"
"AET7Gv20486000",1,1,0,2,1054,"Biosynthesis of nucleotide sugars","KEGG"
"AET7Gv20486000",1,1,0,2,1054,"Biosynthesis of secondary metabolites","KEGG"
"AET7Gv20486000",1,1,0,2,1054,"Fructose and mannose metabolism","KEGG"
"AET7Gv20486000",1,1,0,2,1054,"Metabolic pathways","KEGG"
"AET7Gv20486000",1,1,0,2,1054,"Starch and sucrose metabolism","KEGG"
"AET7Gv20487600",0,1,1,10,602,"Bacterial invasion of epithelial cells","KEGG"
"AET7Gv20487600",0,1,1,10,602,"Cadherin signaling","KEGG"
"AET7Gv20487600",0,1,1,10,602,"Efferocytosis","KEGG"
"AET7Gv20487600",0,1,1,10,602,"IgSF CAM signaling","KEGG"
"AET7Gv20487600",0,1,1,10,602,"Integrin signaling","KEGG"
"AET7Gv20487600",0,1,1,10,602,"Phagosome","KEGG"
"AET7Gv20487600",0,1,1,10,602,"Toll-like receptor signaling pathway","KEGG"
"AET7Gv20502400",2,4,1,14,798,"Metabolic pathways","KEGG"
"AET7Gv20502400",2,4,1,14,798,"Photosynthesis - antenna proteins","KEGG"
"AET7Gv20519400",8,8,8,7,3862,"Calvin cycle","Reactome"
"AET7Gv20519400",8,8,8,7,3862,"Carbohydrate metabolism","Reactome"
"AET7Gv20519400",8,8,8,7,3862,"Metabolism and regulation","Reactome"
"AET7Gv20519500",6,9,6,11,4639,"Inositol phosphate metabolism","KEGG"
"AET7Gv20519500",6,9,6,11,4639,"Lysosome biogenesis","KEGG"
"AET7Gv20519500",6,9,6,11,4639,"Metabolic pathways","KEGG"
"AET7Gv20519500",6,9,6,11,4639,"Phagosome","KEGG"
"AET7Gv20519500",6,9,6,11,4639,"Phosphatidylinositol signaling system","KEGG"
"AET7Gv20523100",18,6,14,13,5334,"Autophagy - other","KEGG"
"AET7Gv20528700",6,3,4,12,2730,"Nucleocytoplasmic transport","KEGG"
"AET7Gv20529200",3,3,2,6,807,"Biosynthesis of secondary metabolites","KEGG"
"AET7Gv20529200",3,3,2,6,807,"Biosynthesis of various plant secondary metabolites; Including: Crocin biosynthesis, Ginsenoside biosynthesis, Saponin adjuvant biosynthesis, Cannabidiol biosynthesis, Mugineic acid biosynthesis, Pentagalloylglucose biosynthesis, Benzoxazinoid biosynthesis, Gramine biosynthesis, Coumarin biosynthesis, Furanocoumarin biosynthesis, Hordatine biosynthesis, Podophyllotoxin biosynthesis","KEGG"
"AET7Gv20529200",3,3,2,6,807,"Metabolic pathways","KEGG"
"AET7Gv20553500",6,3,11,6,5274,"Proteasome","KEGG"
"AET7Gv20557900",0,1,2,2,1711,"Amino acid biosynthesis","Reactome"
"AET7Gv20557900",0,1,2,2,1711,"Amino acid metabolism","Reactome"
"AET7Gv20557900",0,1,2,2,1711,"Beta-alanine biosynthesis II","Reactome"
"AET7Gv20557900",0,1,2,2,1711,"Biosynthesis of secondary metabolites","KEGG"
"AET7Gv20557900",0,1,2,2,1711,"Biosynthesis of unsaturated fatty acids","KEGG"
"AET7Gv20557900",0,1,2,2,1711,"Carbon metabolism","KEGG"
"AET7Gv20557900",0,1,2,2,1711,"Fatty acid degradation","KEGG"
"AET7Gv20557900",0,1,2,2,1711,"Fatty acid metabolism","KEGG"
"AET7Gv20557900",0,1,2,2,1711,"Metabolic pathways","KEGG"
"AET7Gv20557900",0,1,2,2,1711,"Metabolism and regulation","Reactome"
"AET7Gv20557900",0,1,2,2,1711,"Peroxisome","KEGG"
"AET7Gv20557900",0,1,2,2,1711,"Propanoate metabolism","KEGG"
"AET7Gv20557900",0,1,2,2,1711,"alpha-Linolenic acid metabolism","KEGG"
"AET7Gv20557900",0,1,2,2,1711,"beta-Alanine metabolism","KEGG"
"AET7Gv20558100",3,5,10,10,1372,"Endocytosis","KEGG"
"AET7Gv20558300",2,3,13,21,1047,"Toll-like receptor signaling pathway","KEGG"
"AET7Gv20601500",0,3,0,2,366,"Ribosome","KEGG"
"AET7Gv20627300",1,1,2,8,678,"Protein export","KEGG"
"AET7Gv20638700",1,1,4,13,1342,"Biosynthesis of cofactors","KEGG"
"AET7Gv20638700",1,1,4,13,1342,"Biosynthesis of secondary metabolites","KEGG"
"AET7Gv20638700",1,1,4,13,1342,"Cofactor biosyntheses","Reactome"
"AET7Gv20638700",1,1,4,13,1342,"Metabolic pathways","KEGG"
"AET7Gv20638700",1,1,4,13,1342,"Metabolism and regulation","Reactome"
"AET7Gv20638700",1,1,4,13,1342,"Porphyrin metabolism","KEGG"
"AET7Gv20638700",1,1,4,13,1342,"Tetrapyrrole biosynthesis I","Reactome"
"AET7Gv20645300",0,2,0,1,1010,"2-Oxocarboxylic acid metabolism","KEGG"
"AET7Gv20645300",0,2,0,1,1010,"Biosynthesis of secondary metabolites","KEGG"
"AET7Gv20645300",0,2,0,1,1010,"Carbon metabolism","KEGG"
"AET7Gv20645300",0,2,0,1,1010,"Citrate cycle","KEGG"
"AET7Gv20645300",0,2,0,1,1010,"Glycolysis / Gluconeogenesis","KEGG"
"AET7Gv20645300",0,2,0,1,1010,"Lipoic acid metabolism","KEGG"
"AET7Gv20645300",0,2,0,1,1010,"Metabolic pathways","KEGG"
"AET7Gv20645300",0,2,0,1,1010,"Pyruvate metabolism","KEGG"
"AET7Gv20648500",2,3,2,7,2397,"Cell cycle","Reactome"
"AET7Gv20648500",2,3,2,7,2397,"Cellular processes","Reactome"
"AET7Gv20648500",2,3,2,7,2397,"G1/S transition","Reactome"
"AET7Gv20648500",2,3,2,7,2397,"Mitosis","Reactome"
"AET7Gv20653300",0,1,0,3,1083,"Plant-pathogen interaction","KEGG"
"AET7Gv20661600",0,2,1,1,679,"Biosynthesis of secondary metabolites","KEGG"
"AET7Gv20661600",0,2,1,1,679,"Carbon metabolism","KEGG"
"AET7Gv20661600",0,2,1,1,679,"Metabolic pathways","KEGG"
"AET7Gv20661600",0,2,1,1,679,"Pentose phosphate pathway","KEGG"
"AET7Gv20667400",0,2,0,6,607,"Ribosome","KEGG"
"AET7Gv20676200",1,4,3,4,2847,"Motor proteins","KEGG"
"AET7Gv20697000",8,3,7,2,2270,"Spliceosome","KEGG"
"AET7Gv20718100",0,2,0,2,681,"Ribosome","KEGG"
"AET7Gv20724000",0,1,1,2,648,"Endocytosis","KEGG"
"AET7Gv20728300",10,5,7,8,4225,"Inositol phosphate metabolism","KEGG"
"AET7Gv20728300",10,5,7,8,4225,"Lysosome biogenesis","KEGG"
"AET7Gv20728300",10,5,7,8,4225,"Metabolic pathways","KEGG"
"AET7Gv20728300",10,5,7,8,4225,"Phagosome","KEGG"
"AET7Gv20728300",10,5,7,8,4225,"Phosphatidylinositol signaling system","KEGG"
"AET7Gv20754400",16,8,3,4,2841,"Growth and developmental processes","Reactome"
"AET7Gv20754400",16,8,3,4,2841,"Primary root development","Reactome"
"AET7Gv20754400",16,8,3,4,2841,"Root structure development","Reactome"
"AET7Gv20754400",16,8,3,4,2841,"Vegetative structure development","Reactome"
"AET7Gv20754600",3,3,4,1,1353,"Auxin signalling","Reactome"
"AET7Gv20754600",3,3,4,1,1353,"Growth and developmental processes","Reactome"
"AET7Gv20754600",3,3,4,1,1353,"Hormone signaling, transport, and metabolism","Reactome"
"AET7Gv20754600",3,3,4,1,1353,"Metabolism and regulation","Reactome"
"AET7Gv20754600",3,3,4,1,1353,"Regulation of seed size","Reactome"
"AET7Gv20754600",3,3,4,1,1353,"Reproductive structure development","Reactome"
"AET7Gv20754600",3,3,4,1,1353,"Seed development","Reactome"
"AET7Gv20758300",1,2,1,7,1247,"Ascorbate and aldarate metabolism","KEGG"
"AET7Gv20758300",1,2,1,7,1247,"Metabolic pathways","KEGG"
"AET7Gv20760900",1,1,2,1,1032,"Aminoacyl-tRNA biosynthesis","KEGG"
"AET7Gv20763300",2,1,3,2,1443,"2-Oxocarboxylic acid metabolism","KEGG"
"AET7Gv20763300",2,1,3,2,1443,"Biosynthesis of secondary metabolites","KEGG"
"AET7Gv20763300",2,1,3,2,1443,"Carbon metabolism","KEGG"
"AET7Gv20763300",2,1,3,2,1443,"Citrate cycle","KEGG"
"AET7Gv20763300",2,1,3,2,1443,"Glycolysis / Gluconeogenesis","KEGG"
"AET7Gv20763300",2,1,3,2,1443,"Lipoic acid metabolism","KEGG"
"AET7Gv20763300",2,1,3,2,1443,"Metabolic pathways","KEGG"
"AET7Gv20763300",2,1,3,2,1443,"Pyruvate metabolism","KEGG"
"AET7Gv20772500",0,2,1,5,804,"Amino sugar and nucleotide sugar metabolism","KEGG"
"AET7Gv20772500",0,2,1,5,804,"Biosynthesis of nucleotide sugars","KEGG"
"AET7Gv20772500",0,2,1,5,804,"Metabolic pathways","KEGG"
"AET7Gv20779700",2,6,1,12,1551,"Cornified envelope formation","KEGG"
"AET7Gv20779700",2,6,1,12,1551,"mRNA surveillance pathway","KEGG"
"AET7Gv20802700",1,3,1,6,2485,"Inositol phosphate metabolism","KEGG"
"AET7Gv20802700",1,3,1,6,2485,"Lysosome biogenesis","KEGG"
"AET7Gv20802700",1,3,1,6,2485,"Metabolic pathways","KEGG"
"AET7Gv20824800",1,1,8,12,2109,"Plant-pathogen interaction","KEGG"
"AET7Gv20835700",5,1,5,6,2383,"Ribosome biogenesis in eukaryotes","KEGG"
"AET7Gv20846600",0,2,2,1,569,"Auxin signalling","Reactome"
"AET7Gv20846600",0,2,2,1,569,"Growth and developmental processes","Reactome"
"AET7Gv20846600",0,2,2,1,569,"Hormone signaling, transport, and metabolism","Reactome"
"AET7Gv20846600",0,2,2,1,569,"Metabolism and regulation","Reactome"
"AET7Gv20846600",0,2,2,1,569,"Plant hormone signal transduction","KEGG"
"AET7Gv20846600",0,2,2,1,569,"Regulation of seed size","Reactome"
"AET7Gv20846600",0,2,2,1,569,"Reproductive structure development","Reactome"
"AET7Gv20846600",0,2,2,1,569,"Seed development","Reactome"
"AET7Gv20870300",0,2,0,12,1172,"Proteasome","KEGG"
"AET7Gv20878000",1,2,4,7,1056,"Biosynthesis of cofactors","KEGG"
"AET7Gv20878000",1,2,4,7,1056,"Biosynthesis of secondary metabolites","KEGG"
"AET7Gv20878000",1,2,4,7,1056,"Biotin metabolism","KEGG"
"AET7Gv20878000",1,2,4,7,1056,"Fatty acid biosynthesis","KEGG"
"AET7Gv20878000",1,2,4,7,1056,"Fatty acid metabolism","KEGG"
"AET7Gv20878000",1,2,4,7,1056,"Metabolic pathways","KEGG"
"AET7Gv20930700",1,1,1,14,2494,"Spliceosome","KEGG"
"AET7Gv20944400",1,2,1,11,2604,"Base excision repair","KEGG"
"AET7Gv20944400",1,2,1,11,2604,"Cell cycle","Reactome"
"AET7Gv20944400",1,2,1,11,2604,"Cellular processes","Reactome"
"AET7Gv20944400",1,2,1,11,2604,"DNA replication","KEGG"
"AET7Gv20944400",1,2,1,11,2604,"DNA strand Elongation","Reactome"
"AET7Gv20944400",1,2,1,11,2604,"Leading strand synthesis","Reactome"
"AET7Gv20944400",1,2,1,11,2604,"Mismatch repair","KEGG"
"AET7Gv20944400",1,2,1,11,2604,"Mitosis","Reactome"
"AET7Gv20944400",1,2,1,11,2604,"Nucleotide excision repair","KEGG"
"AET7Gv20944400",1,2,1,11,2604,"S phase","Reactome"
"AET7Gv20944400",1,2,1,11,2604,"Synthesis of DNA","Reactome"
"AET7Gv20989100",1,1,3,14,976,"Spliceosome","KEGG"
"AET7Gv20995700",2,2,2,11,1824,"Biosynthesis of secondary metabolites","KEGG"
"AET7Gv20995700",2,2,2,11,1824,"Citrate cycle","KEGG"
"AET7Gv20995700",2,2,2,11,1824,"Metabolic pathways","KEGG"
"AET7Gv21000700",5,3,1,8,765,"Biosynthesis of secondary metabolites","KEGG"
"AET7Gv21000700",5,3,1,8,765,"Hormone signaling, transport, and metabolism","Reactome"
"AET7Gv21000700",5,3,1,8,765,"Jasmonic acid biosynthesis","Reactome"
"AET7Gv21000700",5,3,1,8,765,"Jasmonic acid signaling","Reactome"
"AET7Gv21000700",5,3,1,8,765,"Metabolic pathways","KEGG"
"AET7Gv21000700",5,3,1,8,765,"Metabolism and regulation","Reactome"
"AET7Gv21000700",5,3,1,8,765,"alpha-Linolenic acid metabolism","KEGG"
"AET7Gv21007800",0,2,0,7,1656,"Biosynthesis of cofactors","KEGG"
"AET7Gv21007800",0,2,0,7,1656,"Biosynthesis of secondary metabolites","KEGG"
"AET7Gv21007800",0,2,0,7,1656,"Folate biosynthesis","KEGG"
"AET7Gv21007800",0,2,0,7,1656,"Metabolic pathways","KEGG"
"AET7Gv21007800",0,2,0,7,1656,"Riboflavin metabolism","KEGG"
"AET7Gv21081800",7,5,1,6,1363,"Metabolic pathways","KEGG"
"AET7Gv21081800",7,5,1,6,1363,"Oxidative phosphorylation","KEGG"
"AET7Gv21092600",0,3,7,22,1112,"Activation of pre-replication complex","Reactome"
"AET7Gv21092600",0,3,7,22,1112,"Cell cycle","Reactome"
"AET7Gv21092600",0,3,7,22,1112,"Cellular processes","Reactome"
"AET7Gv21092600",0,3,7,22,1112,"DNA replication","KEGG"
"AET7Gv21092600",0,3,7,22,1112,"DNA replication Initiation","Reactome"
"AET7Gv21092600",0,3,7,22,1112,"DNA strand Elongation","Reactome"
"AET7Gv21092600",0,3,7,22,1112,"G1/S transition","Reactome"
"AET7Gv21092600",0,3,7,22,1112,"Lagging strand synthesis","Reactome"
"AET7Gv21092600",0,3,7,22,1112,"Leading strand synthesis","Reactome"
"AET7Gv21092600",0,3,7,22,1112,"Maturation","Reactome"
"AET7Gv21092600",0,3,7,22,1112,"Mitosis","Reactome"
"AET7Gv21092600",0,3,7,22,1112,"S phase","Reactome"
"AET7Gv21092600",0,3,7,22,1112,"Synthesis of DNA","Reactome"
"AET7Gv21100300",1,4,2,3,851,"Protein processing in endoplasmic reticulum","KEGG"
"AET7Gv21136400",0,13,1,11,1644,"Lysosome biogenesis","KEGG"
"AET7Gv21175500",15,6,8,33,2343,"MAPK signaling pathway - plant","KEGG"
"AET7Gv21180000",4,6,1,4,1033,"Efferocytosis","KEGG"
"AET7Gv21265100",2,1,4,8,819,"Protein processing in endoplasmic reticulum","KEGG"
"AET7Gv21330600",4,3,9,14,2278,"Biosynthesis of secondary metabolites","KEGG"
"AET7Gv21330600",4,3,9,14,2278,"Diterpenoid biosynthesis; Including: Gibberellin biosynthesis","KEGG"
"AET7Gv21330600",4,3,9,14,2278,"Ent-kaurene biosynthesis","Reactome"
"AET7Gv21330600",4,3,9,14,2278,"Metabolic pathways","KEGG"
"AET7Gv21330600",4,3,9,14,2278,"Metabolism and regulation","Reactome"
"AET7Gv21330600",4,3,9,14,2278,"Secondary metabolism","Reactome"
